employee_id,snapshot_date,department,satisfaction_score,absenteeism_days,attrition_flag,anomaly_flag
1,2024-05-01,Engineering,2.28,5,False,False
2,2024-05-01,Finance,3.55,2,False,False
3,2024-05-01,Finance,4.02,5,False,False
4,2024-05-01,HR,3.49,3,False,False
5,2024-05-01,HR,2.93,3,False,False
6,2024-05-01,Operations,2.41,2,False,False
7,2024-05-01,Engineering,3.59,2,False,False
8,2024-05-01,Finance,2.77,2,False,False
9,2024-05-01,Sales,2.63,6,False,False
10,2024-05-01,Engineering,3.7,3,False,False
11,2024-05-01,HR,4.37,0,False,False
12,2024-05-01,Operations,4.21,3,False,False
13,2024-05-01,Finance,4.18,3,False,False
14,2024-05-01,Finance,3.41,3,False,False
15,2024-05-01,Finance,3.84,1,False,False
16,2024-05-01,Finance,3.09,3,False,False
17,2024-05-01,HR,3.39,2,False,False
18,2024-05-01,Engineering,2.9,6,False,False
19,2024-05-01,Operations,3.38,2,False,False
20,2024-05-01,HR,3.13,3,False,False
21,2024-05-01,HR,2.72,6,False,False
22,2024-05-01,Sales,2.48,3,False,False
23,2024-05-01,Engineering,3.1,4,False,False
24,2024-05-01,Operations,3.3,3,False,False
25,2024-05-01,Finance,2.95,4,False,False
26,2024-05-01,Finance,3.5,2,False,False
27,2024-05-01,HR,3.38,0,False,False
28,2024-05-01,Operations,3.11,4,False,False
29,2024-05-01,HR,3.65,6,False,False
30,2024-05-01,HR,2.54,5,False,False
31,2024-05-01,HR,3.9,0,False,False
32,2024-05-01,Sales,2.6,2,False,False
33,2024-05-01,Engineering,2.03,5,False,False
34,2024-05-01,HR,2.54,4,False,False
35,2024-05-01,Operations,2.56,3,False,False
36,2024-05-01,Engineering,2.88,2,False,False
37,2024-05-01,Operations,2.7,4,False,False
38,2024-05-01,Operations,2.58,5,False,False
39,2024-05-01,Sales,3.61,1,False,False
40,2024-05-01,Finance,2.88,4,False,False
41,2024-05-01,Engineering,3.66,1,False,False
42,2024-05-01,Finance,2.93,4,False,False
43,2024-05-01,Finance,3.27,4,False,False
44,2024-05-01,Sales,1.74,5,False,False
45,2024-05-01,Engineering,3.39,2,False,False
46,2024-05-01,Operations,1.76,4,False,False
47,2024-05-01,HR,3.02,2,False,False
48,2024-05-01,Operations,3.24,4,False,False
49,2024-05-01,Finance,3.89,1,False,False
50,2024-05-01,Finance,3.9,2,False,False
51,2024-05-01,Finance,3.51,6,False,False
52,2024-05-01,Engineering,3.03,2,False,False
53,2024-05-01,Sales,3.69,2,False,False
54,2024-05-01,HR,2.57,1,False,False
55,2024-05-01,HR,3.53,6,False,False
56,2024-05-01,Engineering,3.7,1,False,False
57,2024-05-01,HR,3.15,3,False,False
58,2024-05-01,Engineering,3.86,3,False,False
59,2024-05-01,Finance,3.82,2,False,False
60,2024-05-01,Finance,2.99,3,False,False
61,2024-05-01,Operations,3.71,2,False,False
62,2024-05-01,Finance,2.99,3,False,False
63,2024-05-01,Sales,3.14,4,False,False
64,2024-05-01,Operations,2.38,5,False,False
65,2024-05-01,HR,3.0,2,False,False
66,2024-05-01,Sales,2.72,4,False,False
67,2024-05-01,Operations,3.09,3,False,False
68,2024-05-01,Sales,2.45,5,False,False
69,2024-05-01,Engineering,3.89,0,False,False
70,2024-05-01,HR,2.72,5,False,False
71,2024-05-01,Finance,3.46,0,False,False
72,2024-05-01,Engineering,3.34,5,False,False
73,2024-05-01,HR,4.21,1,False,False
74,2024-05-01,Engineering,2.18,11,False,False
75,2024-05-01,Finance,3.56,1,False,False
76,2024-05-01,HR,2.93,2,False,False
77,2024-05-01,Sales,3.62,2,False,False
78,2024-05-01,Sales,3.25,2,False,False
79,2024-05-01,HR,3.32,4,False,False
80,2024-05-01,Finance,2.67,3,False,False
81,2024-05-01,Operations,3.68,0,False,False
82,2024-05-01,HR,3.14,1,False,False
83,2024-05-01,Engineering,3.49,0,False,False
84,2024-05-01,Operations,2.27,5,False,False
85,2024-05-01,Finance,3.11,5,False,False
86,2024-05-01,Finance,3.08,3,False,False
87,2024-05-01,Engineering,3.94,1,False,False
88,2024-05-01,Sales,3.39,2,False,False
89,2024-05-01,Finance,3.24,2,False,False
90,2024-05-01,Operations,3.3,2,False,False
91,2024-05-01,HR,2.93,0,False,False
92,2024-05-01,Operations,3.32,5,False,False
93,2024-05-01,Operations,1.82,7,False,False
94,2024-05-01,Sales,3.08,0,False,False
95,2024-05-01,Operations,3.01,4,False,False
96,2024-05-01,Sales,4.13,3,False,False
97,2024-05-01,Sales,4.7,0,False,False
98,2024-05-01,Finance,2.94,3,False,False
99,2024-05-01,Finance,4.02,1,False,False
100,2024-05-01,Engineering,3.55,4,False,False
101,2024-05-01,Operations,3.04,4,False,False
102,2024-05-01,Engineering,3.76,3,False,False
103,2024-05-01,Operations,3.42,2,False,False
104,2024-05-01,Engineering,3.16,0,False,False
105,2024-05-01,Finance,3.41,1,False,False
106,2024-05-01,Finance,2.41,3,False,False
107,2024-05-01,Finance,2.33,3,False,False
108,2024-05-01,Finance,3.51,4,False,False
109,2024-05-01,HR,3.42,5,False,False
110,2024-05-01,Finance,3.37,0,False,False
111,2024-05-01,Sales,3.53,2,False,False
112,2024-05-01,Finance,3.61,3,False,False
113,2024-05-01,HR,3.13,3,False,False
114,2024-05-01,HR,2.55,6,False,False
115,2024-05-01,HR,3.81,2,False,False
116,2024-05-01,HR,3.88,3,False,False
117,2024-05-01,Engineering,3.47,0,False,False
118,2024-05-01,Engineering,3.48,2,False,False
119,2024-05-01,Sales,3.09,0,False,False
120,2024-05-01,Engineering,3.48,3,False,False
121,2024-05-01,HR,3.25,4,False,False
122,2024-05-01,Finance,3.4,3,False,False
123,2024-05-01,Finance,2.97,5,False,False
124,2024-05-01,HR,2.3,4,False,False
125,2024-05-01,Operations,3.56,3,False,False
126,2024-05-01,HR,2.05,2,True,False
127,2024-05-01,Engineering,2.91,2,False,False
128,2024-05-01,Finance,3.4,6,False,False
129,2024-05-01,HR,3.52,3,False,False
130,2024-05-01,Finance,3.68,0,False,False
131,2024-05-01,HR,3.19,6,False,False
132,2024-05-01,HR,2.43,3,False,False
133,2024-05-01,Engineering,3.18,2,False,False
134,2024-05-01,HR,2.95,4,False,False
135,2024-05-01,Finance,2.92,5,False,False
136,2024-05-01,Sales,3.8,2,False,False
137,2024-05-01,Finance,2.82,2,False,False
138,2024-05-01,Engineering,3.35,2,False,False
139,2024-05-01,Sales,3.02,2,False,False
140,2024-05-01,HR,3.73,1,False,False
141,2024-05-01,Operations,3.27,2,False,False
142,2024-05-01,Sales,3.12,6,False,False
143,2024-05-01,Sales,3.21,3,False,False
144,2024-05-01,HR,3.04,1,False,False
145,2024-05-01,Operations,3.37,2,False,False
146,2024-05-01,Operations,3.7,4,False,False
147,2024-05-01,Engineering,3.39,4,False,False
148,2024-05-01,Sales,2.88,1,False,False
149,2024-05-01,Operations,2.31,7,False,False
150,2024-05-01,Engineering,3.36,1,False,False
151,2024-05-01,Operations,2.95,1,False,False
152,2024-05-01,Sales,2.92,4,False,False
153,2024-05-01,Operations,3.5,4,False,False
154,2024-05-01,Sales,3.4,3,False,False
155,2024-05-01,HR,3.67,1,False,False
156,2024-05-01,Finance,3.38,3,False,False
157,2024-05-01,Engineering,3.59,3,False,False
158,2024-05-01,HR,3.32,4,False,False
159,2024-05-01,HR,2.51,4,False,False
160,2024-05-01,Finance,4.06,1,False,False
161,2024-05-01,Operations,1.62,5,False,False
162,2024-05-01,Finance,2.44,3,False,False
163,2024-05-01,HR,2.22,4,False,False
164,2024-05-01,HR,2.84,3,False,False
165,2024-05-01,HR,3.55,3,False,False
166,2024-05-01,Operations,3.63,2,False,False
167,2024-05-01,Sales,2.92,4,False,False
168,2024-05-01,Engineering,4.16,0,False,False
169,2024-05-01,Sales,4.04,1,False,False
170,2024-05-01,Engineering,2.92,4,False,False
171,2024-05-01,Engineering,4.24,2,False,False
172,2024-05-01,Engineering,3.8,3,False,False
173,2024-05-01,Finance,2.81,4,False,False
174,2024-05-01,Finance,3.39,3,False,False
175,2024-05-01,Finance,3.52,2,False,False
176,2024-05-01,HR,3.1,2,False,False
177,2024-05-01,Finance,4.1,0,False,False
178,2024-05-01,Engineering,1.81,5,True,False
179,2024-05-01,Operations,2.37,4,False,False
180,2024-05-01,HR,2.83,7,False,False
181,2024-05-01,Operations,3.1,1,False,False
182,2024-05-01,Engineering,2.78,3,False,False
183,2024-05-01,HR,2.77,6,False,False
184,2024-05-01,Finance,3.22,1,False,False
185,2024-05-01,HR,2.26,3,False,False
186,2024-05-01,HR,4.52,0,False,False
187,2024-05-01,Engineering,4.28,1,False,False
188,2024-05-01,Sales,3.09,4,False,False
189,2024-05-01,Sales,2.66,4,False,False
190,2024-05-01,Sales,2.82,2,False,False
191,2024-05-01,Finance,2.92,4,False,False
192,2024-05-01,Finance,3.56,4,False,False
193,2024-05-01,Finance,3.11,4,False,False
194,2024-05-01,Sales,3.58,4,False,False
195,2024-05-01,Operations,1.98,5,False,False
196,2024-05-01,Engineering,2.93,4,False,False
197,2024-05-01,Sales,3.31,5,False,False
198,2024-05-01,Engineering,3.68,4,False,False
199,2024-05-01,Sales,2.76,0,False,False
200,2024-05-01,Operations,2.02,3,False,False
201,2024-05-01,Sales,3.63,3,False,False
202,2024-05-01,Operations,3.04,2,False,False
203,2024-05-01,HR,2.81,1,False,False
204,2024-05-01,Finance,2.8,2,False,False
205,2024-05-01,HR,2.05,7,False,False
206,2024-05-01,Sales,3.17,5,False,False
207,2024-05-01,Finance,3.03,3,False,False
208,2024-05-01,Operations,3.35,6,False,False
209,2024-05-01,Sales,3.03,4,False,False
210,2024-05-01,Finance,3.9,2,False,False
211,2024-05-01,Sales,3.95,2,False,False
212,2024-05-01,Finance,3.14,2,False,False
213,2024-05-01,Finance,3.68,3,False,False
214,2024-05-01,HR,4.24,2,False,False
215,2024-05-01,Finance,4.43,0,False,False
216,2024-05-01,Sales,2.75,4,False,False
217,2024-05-01,Engineering,2.75,4,False,False
218,2024-05-01,Engineering,4.06,2,False,False
219,2024-05-01,HR,2.18,3,False,False
220,2024-05-01,Operations,2.7,3,False,False
221,2024-05-01,Engineering,2.71,2,False,False
222,2024-05-01,HR,3.8,1,False,False
223,2024-05-01,Finance,3.28,2,False,False
224,2024-05-01,Sales,2.63,4,False,False
225,2024-05-01,Finance,3.19,4,False,False
226,2024-05-01,Sales,2.4,4,False,False
227,2024-05-01,Operations,3.12,2,False,False
228,2024-05-01,HR,3.64,3,False,False
229,2024-05-01,HR,3.23,5,False,False
230,2024-05-01,Engineering,4.09,4,False,False
231,2024-05-01,HR,3.11,3,False,False
232,2024-05-01,Operations,2.84,2,False,False
233,2024-05-01,Engineering,3.52,4,False,False
234,2024-05-01,Finance,2.1,6,False,False
235,2024-05-01,HR,1.99,3,False,False
236,2024-05-01,Finance,2.31,4,False,False
237,2024-05-01,Finance,2.46,2,False,False
238,2024-05-01,HR,2.3,3,False,False
239,2024-05-01,Sales,4.24,1,False,False
240,2024-05-01,Finance,3.66,2,False,False
241,2024-05-01,Engineering,4.3,2,False,False
242,2024-05-01,HR,3.47,3,False,False
243,2024-05-01,Engineering,3.69,3,False,False
244,2024-05-01,Finance,2.44,2,False,False
245,2024-05-01,Finance,3.87,1,False,False
246,2024-05-01,Engineering,3.49,1,False,False
247,2024-05-01,Finance,2.94,3,False,False
248,2024-05-01,HR,3.03,4,False,False
249,2024-05-01,Finance,3.25,1,False,False
250,2024-05-01,Engineering,2.73,8,False,False
251,2024-05-01,Engineering,3.3,5,False,False
252,2024-05-01,HR,2.3,9,False,False
253,2024-05-01,Engineering,3.0,1,False,False
254,2024-05-01,Sales,3.81,2,False,False
255,2024-05-01,Finance,2.98,3,False,False
256,2024-05-01,Engineering,3.55,2,False,False
257,2024-05-01,Finance,3.92,3,False,False
258,2024-05-01,Engineering,3.32,1,False,False
259,2024-05-01,Engineering,3.65,4,False,False
260,2024-05-01,HR,4.03,1,False,False
261,2024-05-01,Finance,2.53,1,False,False
262,2024-05-01,Engineering,4.18,0,False,False
263,2024-05-01,Sales,3.23,4,False,False
264,2024-05-01,Operations,3.96,2,False,False
265,2024-05-01,Operations,3.0,3,False,False
266,2024-05-01,HR,3.07,2,False,False
267,2024-05-01,HR,2.4,5,False,False
268,2024-05-01,Sales,2.97,2,False,False
269,2024-05-01,Finance,1.92,3,False,False
270,2024-05-01,HR,3.44,1,False,False
271,2024-05-01,Sales,4.06,1,False,False
272,2024-05-01,Engineering,3.34,1,False,False
273,2024-05-01,Engineering,3.13,2,False,False
274,2024-05-01,Operations,2.98,3,False,False
275,2024-05-01,HR,3.17,3,False,False
276,2024-05-01,HR,3.82,0,False,False
277,2024-05-01,HR,3.0,1,False,False
278,2024-05-01,Finance,3.67,2,False,False
279,2024-05-01,Engineering,2.83,5,False,False
280,2024-05-01,Engineering,4.38,1,False,False
281,2024-05-01,Sales,3.46,3,False,False
282,2024-05-01,HR,3.75,1,False,False
283,2024-05-01,Finance,2.57,5,False,False
284,2024-05-01,HR,2.87,2,False,False
285,2024-05-01,HR,2.96,9,False,False
286,2024-05-01,Operations,2.76,6,False,False
287,2024-05-01,Engineering,3.09,3,False,False
288,2024-05-01,HR,3.54,3,False,False
289,2024-05-01,HR,3.51,2,False,False
290,2024-05-01,HR,3.44,2,False,False
291,2024-05-01,Operations,3.56,3,False,False
292,2024-05-01,Sales,2.94,4,False,False
293,2024-05-01,Operations,3.68,0,False,False
294,2024-05-01,Sales,3.09,4,False,False
295,2024-05-01,HR,2.97,4,False,False
296,2024-05-01,HR,2.56,3,False,False
297,2024-05-01,Operations,4.31,3,False,False
298,2024-05-01,HR,3.19,5,False,False
299,2024-05-01,Sales,2.94,0,False,False
300,2024-05-01,Engineering,3.91,2,False,False
301,2024-05-01,Sales,1.52,9,False,False
302,2024-05-01,Operations,2.08,8,False,False
303,2024-05-01,Engineering,3.73,0,False,False
304,2024-05-01,Operations,3.51,4,False,False
305,2024-05-01,HR,3.52,1,False,False
306,2024-05-01,Engineering,2.93,2,False,False
307,2024-05-01,Sales,3.2,1,False,False
308,2024-05-01,HR,3.62,3,False,False
309,2024-05-01,Sales,3.6,2,False,False
310,2024-05-01,Engineering,3.79,0,False,False
311,2024-05-01,Finance,2.41,3,False,False
312,2024-05-01,Finance,3.4,1,False,False
313,2024-05-01,Engineering,2.57,4,False,False
314,2024-05-01,Sales,3.04,2,False,False
315,2024-05-01,Sales,3.89,2,False,False
316,2024-05-01,Finance,2.96,4,False,False
317,2024-05-01,Finance,2.52,5,False,False
318,2024-05-01,Finance,2.13,5,False,False
319,2024-05-01,Operations,2.63,9,False,False
320,2024-05-01,Finance,3.63,1,False,False
321,2024-05-01,Sales,1.53,3,False,False
322,2024-05-01,Engineering,3.83,2,False,False
323,2024-05-01,Finance,3.32,2,False,False
324,2024-05-01,Operations,3.13,5,False,False
325,2024-05-01,Operations,2.14,2,False,False
326,2024-05-01,Sales,2.34,1,False,False
327,2024-05-01,Sales,3.88,3,False,False
328,2024-05-01,Engineering,2.33,3,False,False
329,2024-05-01,Engineering,3.73,3,False,False
330,2024-05-01,HR,1.91,2,False,False
331,2024-05-01,HR,3.23,1,False,False
332,2024-05-01,Sales,2.59,2,False,False
333,2024-05-01,Sales,3.41,1,False,False
334,2024-05-01,Operations,3.04,2,False,False
335,2024-05-01,HR,4.32,3,False,False
336,2024-05-01,Operations,3.36,3,False,False
337,2024-05-01,Operations,3.56,5,False,False
338,2024-05-01,Sales,2.17,2,False,False
339,2024-05-01,Sales,3.22,7,False,False
340,2024-05-01,Operations,3.1,1,False,False
341,2024-05-01,Finance,2.63,4,False,False
342,2024-05-01,Sales,3.23,1,False,False
343,2024-05-01,Finance,2.61,6,False,False
344,2024-05-01,HR,2.7,4,False,False
345,2024-05-01,Operations,3.33,2,False,False
346,2024-05-01,Sales,2.78,1,False,False
347,2024-05-01,Operations,2.05,2,False,False
348,2024-05-01,Operations,2.74,1,False,False
349,2024-05-01,Engineering,3.76,4,False,False
350,2024-05-01,Engineering,2.64,5,False,False
351,2024-05-01,HR,3.02,4,False,False
352,2024-05-01,Engineering,4.01,1,False,False
353,2024-05-01,Sales,3.81,3,False,False
354,2024-05-01,HR,2.91,6,False,False
355,2024-05-01,Operations,3.73,0,False,False
356,2024-05-01,Operations,3.73,5,False,False
357,2024-05-01,Engineering,3.63,1,False,False
358,2024-05-01,Operations,4.09,2,False,False
359,2024-05-01,Engineering,3.49,2,False,False
360,2024-05-01,Finance,3.1,2,False,False
361,2024-05-01,Operations,3.77,5,False,False
362,2024-05-01,Operations,3.87,1,False,False
363,2024-05-01,Sales,2.42,1,False,False
364,2024-05-01,Operations,2.91,5,False,False
365,2024-05-01,Engineering,4.95,2,False,False
366,2024-05-01,HR,3.57,3,False,False
367,2024-05-01,HR,3.15,1,False,False
368,2024-05-01,Sales,4.04,2,False,False
369,2024-05-01,Engineering,3.19,6,False,False
370,2024-05-01,Finance,2.51,2,False,False
371,2024-05-01,Sales,3.41,1,False,False
372,2024-05-01,Finance,2.27,4,False,False
373,2024-05-01,HR,3.05,4,False,False
374,2024-05-01,Sales,3.85,3,False,False
375,2024-05-01,Operations,3.44,0,False,False
376,2024-05-01,Engineering,3.12,4,False,False
377,2024-05-01,Finance,2.88,1,False,False
378,2024-05-01,Finance,3.17,4,False,False
379,2024-05-01,Sales,3.04,3,False,False
380,2024-05-01,Sales,2.97,5,False,False
381,2024-05-01,Engineering,3.16,6,False,False
382,2024-05-01,Operations,2.66,3,False,False
383,2024-05-01,Operations,3.41,3,False,False
384,2024-05-01,Sales,2.49,4,False,False
385,2024-05-01,Engineering,3.77,1,False,False
386,2024-05-01,Engineering,3.0,3,False,False
387,2024-05-01,Engineering,3.54,3,False,False
388,2024-05-01,Operations,3.46,4,False,False
389,2024-05-01,Operations,3.23,4,False,False
390,2024-05-01,Engineering,2.39,2,False,False
391,2024-05-01,Finance,3.12,2,False,False
392,2024-05-01,Engineering,3.69,2,False,False
393,2024-05-01,Sales,2.38,5,False,False
394,2024-05-01,HR,3.44,2,False,False
395,2024-05-01,Finance,3.55,6,False,False
396,2024-05-01,Operations,3.29,4,False,False
397,2024-05-01,Engineering,3.57,0,False,False
398,2024-05-01,Engineering,3.08,3,False,False
399,2024-05-01,Sales,3.41,3,False,False
400,2024-05-01,Sales,3.86,1,False,False
401,2024-05-01,Operations,1.02,6,False,False
402,2024-05-01,Finance,2.56,0,False,False
403,2024-05-01,Sales,2.7,1,False,False
404,2024-05-01,Operations,2.43,2,False,False
405,2024-05-01,HR,3.27,1,False,False
406,2024-05-01,HR,4.08,2,False,False
407,2024-05-01,HR,2.47,3,False,False
408,2024-05-01,Engineering,3.02,5,False,False
409,2024-05-01,Operations,2.31,3,False,False
410,2024-05-01,Engineering,2.54,1,False,False
411,2024-05-01,Engineering,4.41,0,False,False
412,2024-05-01,Sales,2.53,5,False,False
413,2024-05-01,Sales,3.26,3,False,False
414,2024-05-01,Engineering,2.95,5,False,False
415,2024-05-01,Engineering,4.36,1,False,False
416,2024-05-01,Finance,3.51,3,False,False
417,2024-05-01,Operations,3.11,5,False,False
418,2024-05-01,Engineering,3.96,3,False,False
419,2024-05-01,Sales,2.06,4,False,False
420,2024-05-01,HR,3.99,2,False,False
421,2024-05-01,Operations,3.41,0,False,False
422,2024-05-01,Finance,2.93,2,False,False
423,2024-05-01,Finance,2.98,3,False,False
424,2024-05-01,HR,2.29,3,False,False
425,2024-05-01,HR,3.13,1,False,False
426,2024-05-01,Engineering,3.89,4,False,False
427,2024-05-01,Operations,3.4,1,False,False
428,2024-05-01,Operations,2.89,4,False,False
429,2024-05-01,Engineering,3.33,2,False,False
430,2024-05-01,Finance,2.92,5,False,False
431,2024-05-01,Engineering,4.34,0,False,False
432,2024-05-01,Finance,2.64,1,False,False
433,2024-05-01,Operations,3.49,1,False,False
434,2024-05-01,Engineering,4.37,1,False,False
435,2024-05-01,HR,2.71,5,False,False
436,2024-05-01,Engineering,5.0,0,False,False
437,2024-05-01,HR,3.19,5,False,False
438,2024-05-01,Operations,3.5,2,False,False
439,2024-05-01,Engineering,3.12,2,False,False
440,2024-05-01,Sales,2.9,3,False,False
441,2024-05-01,Operations,3.08,0,False,False
442,2024-05-01,Sales,3.27,6,False,False
443,2024-05-01,Engineering,4.61,3,False,False
444,2024-05-01,HR,3.05,2,False,False
445,2024-05-01,HR,2.14,4,False,False
446,2024-05-01,Finance,3.29,4,False,False
447,2024-05-01,Sales,4.06,3,False,False
448,2024-05-01,Operations,2.95,3,False,False
449,2024-05-01,HR,3.76,3,False,False
450,2024-05-01,Sales,2.8,1,False,False
451,2024-05-01,Operations,2.07,3,False,False
452,2024-05-01,Operations,2.67,6,False,False
453,2024-05-01,HR,2.39,4,False,False
454,2024-05-01,Engineering,3.42,1,False,False
455,2024-05-01,HR,3.41,4,False,False
456,2024-05-01,HR,2.8,0,False,False
457,2024-05-01,Engineering,1.78,1,False,False
458,2024-05-01,Finance,2.77,5,False,False
459,2024-05-01,Operations,4.22,0,False,False
460,2024-05-01,Engineering,3.19,6,False,False
461,2024-05-01,Finance,2.96,3,False,False
462,2024-05-01,Engineering,2.59,0,False,False
463,2024-05-01,Finance,4.55,2,False,False
464,2024-05-01,HR,2.62,4,False,False
465,2024-05-01,Engineering,4.13,1,False,False
466,2024-05-01,Operations,4.37,4,False,False
467,2024-05-01,Engineering,4.13,2,False,False
468,2024-05-01,HR,2.79,1,False,False
469,2024-05-01,Engineering,3.26,5,False,False
470,2024-05-01,Operations,2.32,4,False,False
471,2024-05-01,Finance,3.26,5,False,False
472,2024-05-01,Operations,3.06,1,False,False
473,2024-05-01,HR,2.73,2,False,False
474,2024-05-01,HR,3.61,1,False,False
475,2024-05-01,Finance,2.75,2,False,False
476,2024-05-01,Finance,4.19,2,False,False
477,2024-05-01,Operations,2.99,2,False,False
478,2024-05-01,Engineering,4.26,1,False,False
479,2024-05-01,Finance,3.25,1,False,False
480,2024-05-01,Engineering,4.15,1,False,False
481,2024-05-01,Sales,2.91,2,False,False
482,2024-05-01,Operations,2.83,3,False,False
483,2024-05-01,Sales,3.48,3,False,False
484,2024-05-01,Finance,3.73,4,False,False
485,2024-05-01,HR,3.02,3,False,False
486,2024-05-01,Sales,2.73,2,False,False
487,2024-05-01,Sales,2.56,4,False,False
488,2024-05-01,HR,2.23,5,False,False
489,2024-05-01,Finance,2.07,4,False,False
490,2024-05-01,Finance,3.41,2,False,False
491,2024-05-01,Operations,3.54,2,False,False
492,2024-05-01,Operations,3.27,2,False,False
493,2024-05-01,Finance,1.84,1,False,False
494,2024-05-01,Finance,3.05,7,False,False
495,2024-05-01,Sales,2.95,3,False,False
496,2024-05-01,HR,4.24,2,False,False
497,2024-05-01,Engineering,2.59,3,False,False
498,2024-05-01,Sales,2.7,3,False,False
499,2024-05-01,Operations,4.37,3,False,False
500,2024-05-01,HR,3.36,0,False,False
1,2024-06-01,Engineering,2.24,8,False,False
2,2024-06-01,Finance,3.49,3,False,False
3,2024-06-01,Finance,4.11,1,False,False
4,2024-06-01,HR,3.7,3,False,False
5,2024-06-01,HR,3.15,2,False,False
6,2024-06-01,Operations,2.32,6,False,False
7,2024-06-01,Engineering,3.64,5,False,False
8,2024-06-01,Finance,2.76,2,False,False
9,2024-06-01,Sales,2.79,4,False,False
10,2024-06-01,Engineering,3.64,1,False,False
11,2024-06-01,HR,4.28,1,False,False
12,2024-06-01,Operations,4.34,0,False,False
13,2024-06-01,Finance,4.45,1,False,False
14,2024-06-01,Finance,3.41,2,False,False
15,2024-06-01,Finance,3.89,0,True,False
16,2024-06-01,Finance,3.05,3,False,False
17,2024-06-01,HR,3.3,3,False,False
18,2024-06-01,Engineering,2.89,4,False,False
19,2024-06-01,Operations,3.34,2,False,False
20,2024-06-01,HR,3.14,1,False,False
21,2024-06-01,HR,2.42,3,False,False
22,2024-06-01,Sales,2.39,6,False,False
23,2024-06-01,Engineering,3.1,3,False,False
24,2024-06-01,Operations,3.25,1,False,False
25,2024-06-01,Finance,3.39,2,False,False
26,2024-06-01,Finance,3.5,1,False,False
27,2024-06-01,HR,3.27,1,False,False
28,2024-06-01,Operations,3.05,1,False,False
29,2024-06-01,HR,3.65,2,False,False
30,2024-06-01,HR,2.72,3,False,False
31,2024-06-01,HR,3.96,2,False,False
32,2024-06-01,Sales,2.63,1,False,False
33,2024-06-01,Engineering,2.22,8,False,False
34,2024-06-01,HR,2.44,4,False,False
35,2024-06-01,Operations,2.51,4,False,False
36,2024-06-01,Engineering,3.01,4,False,False
37,2024-06-01,Operations,2.98,2,False,False
38,2024-06-01,Operations,2.54,2,False,False
39,2024-06-01,Sales,3.47,2,False,False
40,2024-06-01,Finance,2.81,3,False,False
41,2024-06-01,Engineering,3.65,1,False,False
42,2024-06-01,Finance,3.1,5,False,False
43,2024-06-01,Finance,3.24,0,False,False
44,2024-06-01,Sales,1.84,4,False,False
45,2024-06-01,Engineering,3.47,2,False,False
46,2024-06-01,Operations,1.71,5,False,False
47,2024-06-01,HR,3.0,2,False,False
48,2024-06-01,Operations,3.17,4,False,False
49,2024-06-01,Finance,3.83,3,False,False
50,2024-06-01,Finance,3.89,2,False,False
51,2024-06-01,Finance,3.64,0,False,False
52,2024-06-01,Engineering,3.06,2,False,False
53,2024-06-01,Sales,3.65,2,False,False
54,2024-06-01,HR,2.64,7,False,False
55,2024-06-01,HR,3.59,1,False,False
56,2024-06-01,Engineering,3.84,2,False,False
57,2024-06-01,HR,3.07,2,False,False
58,2024-06-01,Engineering,3.94,1,False,False
59,2024-06-01,Finance,3.81,4,False,False
60,2024-06-01,Finance,2.86,3,False,False
61,2024-06-01,Operations,3.6,1,False,False
62,2024-06-01,Finance,3.11,0,False,False
63,2024-06-01,Sales,3.11,2,False,False
64,2024-06-01,Operations,2.38,4,False,False
65,2024-06-01,HR,2.87,4,False,False
66,2024-06-01,Sales,2.65,3,False,False
67,2024-06-01,Operations,3.08,5,False,False
68,2024-06-01,Sales,2.59,2,False,False
69,2024-06-01,Engineering,3.88,4,False,False
70,2024-06-01,HR,2.51,8,False,False
71,2024-06-01,Finance,3.46,2,False,False
72,2024-06-01,Engineering,3.54,1,False,False
73,2024-06-01,HR,4.25,1,False,False
74,2024-06-01,Engineering,2.14,3,False,False
75,2024-06-01,Finance,3.4,2,False,False
76,2024-06-01,HR,2.86,3,False,False
77,2024-06-01,Sales,3.64,4,False,False
78,2024-06-01,Sales,3.05,3,False,False
79,2024-06-01,HR,3.5,2,False,False
80,2024-06-01,Finance,2.53,3,False,False
81,2024-06-01,Operations,3.51,0,False,False
82,2024-06-01,HR,3.22,3,False,False
83,2024-06-01,Engineering,3.6,1,False,False
84,2024-06-01,Operations,2.36,2,False,False
85,2024-06-01,Finance,2.99,1,False,False
86,2024-06-01,Finance,3.19,6,False,False
87,2024-06-01,Engineering,3.88,1,False,False
88,2024-06-01,Sales,3.35,1,False,False
89,2024-06-01,Finance,3.36,3,False,False
90,2024-06-01,Operations,3.12,1,False,False
91,2024-06-01,HR,2.74,3,False,False
92,2024-06-01,Operations,3.26,2,False,False
93,2024-06-01,Operations,2.13,6,False,False
94,2024-06-01,Sales,3.13,2,False,False
95,2024-06-01,Operations,2.9,1,False,False
96,2024-06-01,Sales,4.32,1,False,False
97,2024-06-01,Sales,4.61,0,False,False
98,2024-06-01,Finance,3.25,5,False,False
99,2024-06-01,Finance,4.01,2,False,False
100,2024-06-01,Engineering,3.44,4,False,False
101,2024-06-01,Operations,2.86,5,False,False
102,2024-06-01,Engineering,3.79,1,False,False
103,2024-06-01,Operations,3.38,1,False,False
104,2024-06-01,Engineering,3.12,6,False,False
105,2024-06-01,Finance,3.46,3,False,False
106,2024-06-01,Finance,2.55,4,False,False
107,2024-06-01,Finance,2.33,2,False,False
108,2024-06-01,Finance,3.51,4,False,False
109,2024-06-01,HR,3.6,8,False,False
110,2024-06-01,Finance,3.12,3,False,False
111,2024-06-01,Sales,3.33,2,False,False
112,2024-06-01,Finance,3.61,3,False,False
113,2024-06-01,HR,3.29,4,False,False
114,2024-06-01,HR,2.54,3,False,False
115,2024-06-01,HR,3.86,2,False,False
116,2024-06-01,HR,3.96,1,False,False
117,2024-06-01,Engineering,3.2,2,False,False
118,2024-06-01,Engineering,3.61,3,False,False
119,2024-06-01,Sales,3.11,5,False,False
120,2024-06-01,Engineering,3.6,1,False,False
121,2024-06-01,HR,3.29,2,False,False
122,2024-06-01,Finance,3.68,3,False,False
123,2024-06-01,Finance,2.96,9,False,False
124,2024-06-01,HR,2.58,6,False,False
125,2024-06-01,Operations,3.63,1,False,False
126,2024-06-01,HR,2.0,1,False,False
127,2024-06-01,Engineering,2.82,4,False,False
128,2024-06-01,Finance,3.7,4,False,False
129,2024-06-01,HR,3.61,4,False,False
130,2024-06-01,Finance,3.82,2,False,False
131,2024-06-01,HR,3.14,4,False,False
132,2024-06-01,HR,2.44,3,False,False
133,2024-06-01,Engineering,3.19,6,False,False
134,2024-06-01,HR,2.77,2,False,False
135,2024-06-01,Finance,2.79,5,False,False
136,2024-06-01,Sales,4.05,6,False,False
137,2024-06-01,Finance,2.78,4,False,False
138,2024-06-01,Engineering,3.26,4,False,False
139,2024-06-01,Sales,2.97,3,False,False
140,2024-06-01,HR,3.69,3,False,False
141,2024-06-01,Operations,3.25,2,False,False
142,2024-06-01,Sales,3.09,2,False,False
143,2024-06-01,Sales,3.28,2,False,False
144,2024-06-01,HR,2.95,4,False,False
145,2024-06-01,Operations,3.31,7,False,False
146,2024-06-01,Operations,3.88,3,False,False
147,2024-06-01,Engineering,3.44,2,False,False
148,2024-06-01,Sales,3.05,3,False,False
149,2024-06-01,Operations,2.35,1,False,False
150,2024-06-01,Engineering,3.51,3,False,False
151,2024-06-01,Operations,3.0,3,False,False
152,2024-06-01,Sales,2.83,2,False,False
153,2024-06-01,Operations,3.38,0,False,False
154,2024-06-01,Sales,3.46,2,False,False
155,2024-06-01,HR,3.64,4,False,False
156,2024-06-01,Finance,3.19,4,False,False
157,2024-06-01,Engineering,3.71,3,False,False
158,2024-06-01,HR,3.19,2,False,False
159,2024-06-01,HR,2.72,7,False,False
160,2024-06-01,Finance,3.75,3,False,False
161,2024-06-01,Operations,1.84,1,False,False
162,2024-06-01,Finance,2.61,1,False,False
163,2024-06-01,HR,2.44,3,False,False
164,2024-06-01,HR,2.74,2,False,False
165,2024-06-01,HR,3.39,4,False,False
166,2024-06-01,Operations,3.53,4,False,False
167,2024-06-01,Sales,2.85,2,False,False
168,2024-06-01,Engineering,4.31,2,False,False
169,2024-06-01,Sales,3.91,1,False,False
170,2024-06-01,Engineering,3.04,1,False,False
171,2024-06-01,Engineering,4.46,2,False,False
172,2024-06-01,Engineering,3.7,2,False,False
173,2024-06-01,Finance,2.93,2,False,False
174,2024-06-01,Finance,2.99,2,False,False
175,2024-06-01,Finance,3.54,1,False,False
176,2024-06-01,HR,3.27,2,False,False
177,2024-06-01,Finance,4.02,1,False,False
178,2024-06-01,Engineering,1.78,4,False,False
179,2024-06-01,Operations,2.63,6,False,False
180,2024-06-01,HR,2.81,4,False,False
181,2024-06-01,Operations,2.99,6,False,False
182,2024-06-01,Engineering,2.76,4,False,False
183,2024-06-01,HR,2.79,2,False,False
184,2024-06-01,Finance,3.22,4,False,False
185,2024-06-01,HR,2.02,3,False,False
186,2024-06-01,HR,4.53,4,False,False
187,2024-06-01,Engineering,4.17,2,False,False
188,2024-06-01,Sales,2.95,0,False,False
189,2024-06-01,Sales,2.76,2,False,False
190,2024-06-01,Sales,2.89,5,False,False
191,2024-06-01,Finance,2.7,0,False,False
192,2024-06-01,Finance,3.33,3,False,False
193,2024-06-01,Finance,3.14,3,False,False
194,2024-06-01,Sales,3.6,3,False,False
195,2024-06-01,Operations,1.94,3,False,False
196,2024-06-01,Engineering,2.84,6,False,False
197,2024-06-01,Sales,3.22,2,False,False
198,2024-06-01,Engineering,3.77,0,False,False
199,2024-06-01,Sales,2.87,5,False,False
200,2024-06-01,Operations,2.04,3,False,False
201,2024-06-01,Sales,3.68,2,False,False
202,2024-06-01,Operations,2.79,5,False,False
203,2024-06-01,HR,3.01,2,False,False
204,2024-06-01,Finance,2.82,2,False,False
205,2024-06-01,HR,2.03,4,False,False
206,2024-06-01,Sales,2.96,5,False,False
207,2024-06-01,Finance,2.87,5,False,False
208,2024-06-01,Operations,3.56,3,False,False
209,2024-06-01,Sales,3.37,2,False,False
210,2024-06-01,Finance,3.79,4,False,False
211,2024-06-01,Sales,3.57,2,False,False
212,2024-06-01,Finance,3.35,2,False,False
213,2024-06-01,Finance,3.64,3,False,False
214,2024-06-01,HR,4.19,0,False,False
215,2024-06-01,Finance,4.6,1,False,False
216,2024-06-01,Sales,2.79,4,False,False
217,2024-06-01,Engineering,2.77,3,False,False
218,2024-06-01,Engineering,3.89,4,False,False
219,2024-06-01,HR,2.1,4,False,False
220,2024-06-01,Operations,2.5,2,False,False
221,2024-06-01,Engineering,2.61,3,False,False
222,2024-06-01,HR,3.56,4,False,False
223,2024-06-01,Finance,3.47,0,False,False
224,2024-06-01,Sales,2.53,3,False,False
225,2024-06-01,Finance,3.11,2,False,False
226,2024-06-01,Sales,2.25,1,False,False
227,2024-06-01,Operations,2.94,5,False,False
228,2024-06-01,HR,3.66,2,False,False
229,2024-06-01,HR,3.29,1,False,False
230,2024-06-01,Engineering,4.11,2,False,False
231,2024-06-01,HR,3.29,2,False,False
232,2024-06-01,Operations,2.98,2,False,False
233,2024-06-01,Engineering,3.61,3,False,False
234,2024-06-01,Finance,2.23,3,False,False
235,2024-06-01,HR,2.11,9,False,False
236,2024-06-01,Finance,2.46,3,False,False
237,2024-06-01,Finance,2.28,7,False,False
238,2024-06-01,HR,2.2,5,False,False
239,2024-06-01,Sales,3.84,2,False,False
240,2024-06-01,Finance,3.52,6,False,False
241,2024-06-01,Engineering,4.51,1,False,False
242,2024-06-01,HR,3.64,2,False,False
243,2024-06-01,Engineering,3.88,2,False,False
244,2024-06-01,Finance,2.52,1,False,False
245,2024-06-01,Finance,3.88,2,False,False
246,2024-06-01,Engineering,3.73,2,False,False
247,2024-06-01,Finance,2.99,2,False,False
248,2024-06-01,HR,3.06,2,False,False
249,2024-06-01,Finance,3.22,2,False,False
250,2024-06-01,Engineering,2.64,4,False,False
251,2024-06-01,Engineering,3.3,4,False,False
252,2024-06-01,HR,2.18,3,False,False
253,2024-06-01,Engineering,2.99,3,False,False
254,2024-06-01,Sales,3.78,1,False,False
255,2024-06-01,Finance,2.83,2,False,False
256,2024-06-01,Engineering,3.36,4,False,False
257,2024-06-01,Finance,3.82,1,False,False
258,2024-06-01,Engineering,3.39,4,False,False
259,2024-06-01,Engineering,3.51,3,False,False
260,2024-06-01,HR,3.98,1,False,False
261,2024-06-01,Finance,2.54,8,False,False
262,2024-06-01,Engineering,4.21,1,False,False
263,2024-06-01,Sales,3.35,0,False,False
264,2024-06-01,Operations,4.04,0,False,False
265,2024-06-01,Operations,3.15,4,False,False
266,2024-06-01,HR,3.36,3,False,False
267,2024-06-01,HR,2.24,4,False,False
268,2024-06-01,Sales,2.98,1,True,False
269,2024-06-01,Finance,2.03,2,False,False
270,2024-06-01,HR,3.26,0,False,False
271,2024-06-01,Sales,3.89,0,False,False
272,2024-06-01,Engineering,3.52,2,False,False
273,2024-06-01,Engineering,3.09,4,False,False
274,2024-06-01,Operations,3.17,4,False,False
275,2024-06-01,HR,3.02,6,False,False
276,2024-06-01,HR,3.67,2,False,False
277,2024-06-01,HR,3.07,3,False,False
278,2024-06-01,Finance,3.8,1,False,False
279,2024-06-01,Engineering,2.8,4,False,False
280,2024-06-01,Engineering,4.4,3,False,False
281,2024-06-01,Sales,3.71,4,False,False
282,2024-06-01,HR,3.69,3,False,False
283,2024-06-01,Finance,2.61,2,False,False
284,2024-06-01,HR,2.64,2,False,False
285,2024-06-01,HR,2.77,1,False,False
286,2024-06-01,Operations,2.82,2,False,False
287,2024-06-01,Engineering,3.2,2,False,False
288,2024-06-01,HR,3.41,3,False,False
289,2024-06-01,HR,3.49,2,False,False
290,2024-06-01,HR,3.32,3,False,False
291,2024-06-01,Operations,3.44,2,False,False
292,2024-06-01,Sales,3.1,3,False,False
293,2024-06-01,Operations,3.5,3,False,False
294,2024-06-01,Sales,3.15,5,False,False
295,2024-06-01,HR,3.04,0,False,False
296,2024-06-01,HR,2.42,1,False,False
297,2024-06-01,Operations,4.47,4,False,False
298,2024-06-01,HR,3.04,5,False,False
299,2024-06-01,Sales,2.75,3,False,False
300,2024-06-01,Engineering,3.97,1,False,False
301,2024-06-01,Sales,1.69,2,False,False
302,2024-06-01,Operations,2.12,3,False,False
303,2024-06-01,Engineering,3.88,4,False,False
304,2024-06-01,Operations,3.58,3,False,False
305,2024-06-01,HR,3.53,2,False,False
306,2024-06-01,Engineering,3.05,2,False,False
307,2024-06-01,Sales,3.32,3,False,False
308,2024-06-01,HR,3.58,5,False,False
309,2024-06-01,Sales,3.33,5,False,False
310,2024-06-01,Engineering,3.88,1,False,False
311,2024-06-01,Finance,2.54,2,False,False
312,2024-06-01,Finance,3.34,1,False,False
313,2024-06-01,Engineering,2.5,7,False,False
314,2024-06-01,Sales,2.99,4,False,False
315,2024-06-01,Sales,3.77,0,False,False
316,2024-06-01,Finance,2.69,2,False,False
317,2024-06-01,Finance,2.32,2,False,False
318,2024-06-01,Finance,2.28,7,False,False
319,2024-06-01,Operations,2.71,0,False,False
320,2024-06-01,Finance,3.69,3,False,False
321,2024-06-01,Sales,1.52,5,False,False
322,2024-06-01,Engineering,3.89,3,False,False
323,2024-06-01,Finance,3.21,7,False,False
324,2024-06-01,Operations,3.25,3,False,False
325,2024-06-01,Operations,2.19,4,False,False
326,2024-06-01,Sales,2.14,5,False,False
327,2024-06-01,Sales,3.76,4,False,False
328,2024-06-01,Engineering,2.46,5,False,False
329,2024-06-01,Engineering,3.63,6,False,False
330,2024-06-01,HR,2.2,3,False,False
331,2024-06-01,HR,3.04,1,False,False
332,2024-06-01,Sales,2.42,6,False,False
333,2024-06-01,Sales,3.39,2,False,False
334,2024-06-01,Operations,3.0,0,False,False
335,2024-06-01,HR,4.34,3,False,False
336,2024-06-01,Operations,3.18,3,False,False
337,2024-06-01,Operations,3.55,1,False,False
338,2024-06-01,Sales,2.15,6,False,False
339,2024-06-01,Sales,3.25,4,False,False
340,2024-06-01,Operations,3.11,1,False,False
341,2024-06-01,Finance,2.89,0,False,False
342,2024-06-01,Sales,3.18,4,False,False
343,2024-06-01,Finance,2.73,3,False,False
344,2024-06-01,HR,2.7,2,False,False
345,2024-06-01,Operations,3.05,5,False,False
346,2024-06-01,Sales,2.65,8,False,False
347,2024-06-01,Operations,2.07,3,False,False
348,2024-06-01,Operations,2.85,4,False,False
349,2024-06-01,Engineering,4.15,3,False,False
350,2024-06-01,Engineering,2.61,1,False,False
351,2024-06-01,HR,2.99,2,False,False
352,2024-06-01,Engineering,4.13,1,False,False
353,2024-06-01,Sales,3.88,1,False,False
354,2024-06-01,HR,2.96,4,False,False
355,2024-06-01,Operations,3.82,1,False,False
356,2024-06-01,Operations,3.58,3,False,False
357,2024-06-01,Engineering,3.61,2,False,False
358,2024-06-01,Operations,4.08,3,False,False
359,2024-06-01,Engineering,3.31,3,False,False
360,2024-06-01,Finance,3.32,1,False,False
361,2024-06-01,Operations,3.8,4,False,False
362,2024-06-01,Operations,3.94,1,False,False
363,2024-06-01,Sales,2.48,1,False,False
364,2024-06-01,Operations,2.9,1,False,False
365,2024-06-01,Engineering,4.92,0,False,False
366,2024-06-01,HR,3.48,1,False,False
367,2024-06-01,HR,2.94,3,False,False
368,2024-06-01,Sales,3.92,2,False,False
369,2024-06-01,Engineering,3.26,2,False,False
370,2024-06-01,Finance,2.53,4,False,False
371,2024-06-01,Sales,3.41,0,False,False
372,2024-06-01,Finance,2.15,2,False,False
373,2024-06-01,HR,2.91,2,False,False
374,2024-06-01,Sales,3.69,3,False,False
375,2024-06-01,Operations,3.77,3,False,False
376,2024-06-01,Engineering,3.31,2,False,False
377,2024-06-01,Finance,3.1,1,False,False
378,2024-06-01,Finance,3.14,2,False,False
379,2024-06-01,Sales,3.02,2,False,False
380,2024-06-01,Sales,3.03,3,False,False
381,2024-06-01,Engineering,3.32,5,False,False
382,2024-06-01,Operations,2.67,3,False,False
383,2024-06-01,Operations,3.5,0,False,False
384,2024-06-01,Sales,2.55,4,False,False
385,2024-06-01,Engineering,3.92,4,False,False
386,2024-06-01,Engineering,2.97,1,False,False
387,2024-06-01,Engineering,3.42,0,False,False
388,2024-06-01,Operations,3.36,2,False,False
389,2024-06-01,Operations,3.21,0,False,False
390,2024-06-01,Engineering,2.33,4,False,False
391,2024-06-01,Finance,3.21,6,False,False
392,2024-06-01,Engineering,3.78,5,False,False
393,2024-06-01,Sales,2.56,2,False,False
394,2024-06-01,HR,3.36,3,False,False
395,2024-06-01,Finance,3.5,1,False,False
396,2024-06-01,Operations,3.42,0,False,False
397,2024-06-01,Engineering,3.33,1,False,False
398,2024-06-01,Engineering,3.2,1,False,False
399,2024-06-01,Sales,3.32,3,False,False
400,2024-06-01,Sales,4.05,2,False,False
401,2024-06-01,Operations,1.17,5,False,False
402,2024-06-01,Finance,2.53,1,False,False
403,2024-06-01,Sales,2.87,4,False,False
404,2024-06-01,Operations,2.56,2,False,False
405,2024-06-01,HR,2.91,4,False,False
406,2024-06-01,HR,3.94,3,False,False
407,2024-06-01,HR,2.46,3,False,False
408,2024-06-01,Engineering,2.93,7,False,False
409,2024-06-01,Operations,2.35,7,False,False
410,2024-06-01,Engineering,2.47,1,False,False
411,2024-06-01,Engineering,4.25,2,False,False
412,2024-06-01,Sales,2.45,5,False,False
413,2024-06-01,Sales,3.36,3,False,False
414,2024-06-01,Engineering,2.87,1,False,False
415,2024-06-01,Engineering,4.65,0,False,False
416,2024-06-01,Finance,3.44,5,False,False
417,2024-06-01,Operations,3.07,2,False,False
418,2024-06-01,Engineering,3.92,1,False,False
419,2024-06-01,Sales,2.03,7,False,False
420,2024-06-01,HR,3.67,3,False,False
421,2024-06-01,Operations,3.25,1,False,False
422,2024-06-01,Finance,3.28,3,False,False
423,2024-06-01,Finance,3.04,2,False,False
424,2024-06-01,HR,2.52,3,False,False
425,2024-06-01,HR,3.23,3,False,False
426,2024-06-01,Engineering,3.88,3,False,False
427,2024-06-01,Operations,3.45,2,False,False
428,2024-06-01,Operations,2.94,1,False,False
429,2024-06-01,Engineering,3.44,5,False,False
430,2024-06-01,Finance,3.03,2,False,False
431,2024-06-01,Engineering,4.64,4,False,False
432,2024-06-01,Finance,2.88,5,False,False
433,2024-06-01,Operations,3.32,2,False,False
434,2024-06-01,Engineering,4.3,4,False,False
435,2024-06-01,HR,2.43,3,False,False
436,2024-06-01,Engineering,5.0,4,False,False
437,2024-06-01,HR,3.41,2,False,False
438,2024-06-01,Operations,3.24,1,False,False
439,2024-06-01,Engineering,3.25,2,False,False
440,2024-06-01,Sales,3.06,6,False,False
441,2024-06-01,Operations,3.03,5,False,False
442,2024-06-01,Sales,3.2,4,False,False
443,2024-06-01,Engineering,4.41,3,False,False
444,2024-06-01,HR,3.06,3,False,False
445,2024-06-01,HR,2.16,6,False,False
446,2024-06-01,Finance,3.27,6,False,False
447,2024-06-01,Sales,4.11,2,False,False
448,2024-06-01,Operations,3.14,5,False,False
449,2024-06-01,HR,3.98,3,False,False
450,2024-06-01,Sales,2.86,5,False,False
451,2024-06-01,Operations,2.11,3,False,False
452,2024-06-01,Operations,2.57,2,False,False
453,2024-06-01,HR,2.54,4,False,False
454,2024-06-01,Engineering,3.6,2,False,False
455,2024-06-01,HR,3.38,0,False,False
456,2024-06-01,HR,2.89,4,False,False
457,2024-06-01,Engineering,1.59,3,False,False
458,2024-06-01,Finance,2.89,1,False,False
459,2024-06-01,Operations,4.2,4,False,False
460,2024-06-01,Engineering,2.78,0,False,False
461,2024-06-01,Finance,2.95,7,False,False
462,2024-06-01,Engineering,2.5,2,False,False
463,2024-06-01,Finance,4.39,2,False,False
464,2024-06-01,HR,2.6,1,False,False
465,2024-06-01,Engineering,3.98,1,False,False
466,2024-06-01,Operations,4.39,2,False,False
467,2024-06-01,Engineering,4.06,1,False,False
468,2024-06-01,HR,2.74,1,False,False
469,2024-06-01,Engineering,3.18,3,False,False
470,2024-06-01,Operations,2.49,6,False,False
471,2024-06-01,Finance,3.18,6,False,False
472,2024-06-01,Operations,2.96,5,False,False
473,2024-06-01,HR,2.66,0,False,False
474,2024-06-01,HR,3.84,1,False,False
475,2024-06-01,Finance,2.73,5,False,False
476,2024-06-01,Finance,4.17,1,False,False
477,2024-06-01,Operations,2.93,4,False,False
478,2024-06-01,Engineering,4.4,4,False,False
479,2024-06-01,Finance,3.26,1,False,False
480,2024-06-01,Engineering,4.05,1,False,False
481,2024-06-01,Sales,2.82,2,False,False
482,2024-06-01,Operations,2.61,1,False,False
483,2024-06-01,Sales,3.49,2,False,False
484,2024-06-01,Finance,3.93,1,False,False
485,2024-06-01,HR,3.11,1,False,False
486,2024-06-01,Sales,2.62,7,False,False
487,2024-06-01,Sales,2.34,3,False,False
488,2024-06-01,HR,2.28,7,False,False
489,2024-06-01,Finance,1.97,5,False,False
490,2024-06-01,Finance,3.55,3,False,False
491,2024-06-01,Operations,3.43,2,False,False
492,2024-06-01,Operations,3.06,6,False,False
493,2024-06-01,Finance,1.91,3,False,False
494,2024-06-01,Finance,2.94,4,False,False
495,2024-06-01,Sales,3.07,1,False,False
496,2024-06-01,HR,4.32,4,False,False
497,2024-06-01,Engineering,2.5,2,False,False
498,2024-06-01,Sales,2.7,4,False,False
499,2024-06-01,Operations,4.44,1,False,False
500,2024-06-01,HR,3.26,0,False,False
1,2024-07-01,Engineering,2.25,3,False,False
2,2024-07-01,Finance,3.53,2,False,False
3,2024-07-01,Finance,4.09,2,False,False
4,2024-07-01,HR,3.57,1,False,False
5,2024-07-01,HR,2.9,3,False,False
6,2024-07-01,Operations,2.28,1,False,False
7,2024-07-01,Engineering,3.68,0,False,False
8,2024-07-01,Finance,2.92,2,False,False
9,2024-07-01,Sales,2.54,3,False,False
10,2024-07-01,Engineering,3.41,3,False,False
11,2024-07-01,HR,4.19,2,False,False
12,2024-07-01,Operations,4.36,1,False,False
13,2024-07-01,Finance,4.29,1,False,False
14,2024-07-01,Finance,3.37,5,False,False
15,2024-07-01,Finance,3.88,3,False,False
16,2024-07-01,Finance,3.04,6,False,False
17,2024-07-01,HR,3.32,5,False,False
18,2024-07-01,Engineering,2.71,2,False,False
19,2024-07-01,Operations,3.5,2,False,False
20,2024-07-01,HR,3.17,5,False,False
21,2024-07-01,HR,2.52,5,False,False
22,2024-07-01,Sales,2.62,4,False,False
23,2024-07-01,Engineering,3.29,1,False,False
24,2024-07-01,Operations,3.14,4,False,False
25,2024-07-01,Finance,3.16,2,False,False
26,2024-07-01,Finance,3.45,3,False,False
27,2024-07-01,HR,3.42,1,False,False
28,2024-07-01,Operations,3.27,2,False,False
29,2024-07-01,HR,3.65,3,False,False
30,2024-07-01,HR,2.58,3,False,False
31,2024-07-01,HR,3.69,0,False,False
32,2024-07-01,Sales,2.52,7,False,False
33,2024-07-01,Engineering,2.21,4,False,False
34,2024-07-01,HR,2.37,2,False,False
35,2024-07-01,Operations,2.72,1,False,False
36,2024-07-01,Engineering,2.84,4,False,False
37,2024-07-01,Operations,2.82,3,False,False
38,2024-07-01,Operations,2.51,3,False,False
39,2024-07-01,Sales,3.57,2,False,False
40,2024-07-01,Finance,2.75,4,False,False
41,2024-07-01,Engineering,3.74,2,False,False
42,2024-07-01,Finance,2.9,1,False,False
43,2024-07-01,Finance,3.09,3,False,False
44,2024-07-01,Sales,1.87,2,False,False
45,2024-07-01,Engineering,3.58,1,False,False
46,2024-07-01,Operations,1.61,2,False,False
47,2024-07-01,HR,2.94,7,False,False
48,2024-07-01,Operations,3.24,1,False,False
49,2024-07-01,Finance,3.7,1,False,False
50,2024-07-01,Finance,4.07,2,False,False
51,2024-07-01,Finance,3.62,1,False,False
52,2024-07-01,Engineering,3.07,2,False,False
53,2024-07-01,Sales,3.63,6,False,False
54,2024-07-01,HR,2.72,2,False,False
55,2024-07-01,HR,3.37,1,False,False
56,2024-07-01,Engineering,3.78,0,False,False
57,2024-07-01,HR,2.93,3,False,False
58,2024-07-01,Engineering,4.09,1,False,False
59,2024-07-01,Finance,3.91,2,False,False
60,2024-07-01,Finance,2.85,2,False,False
61,2024-07-01,Operations,3.71,4,False,False
62,2024-07-01,Finance,3.16,1,False,False
63,2024-07-01,Sales,3.24,3,False,False
64,2024-07-01,Operations,2.27,3,False,False
65,2024-07-01,HR,3.08,2,False,False
66,2024-07-01,Sales,2.69,1,False,False
67,2024-07-01,Operations,2.91,5,False,False
68,2024-07-01,Sales,2.68,3,False,False
69,2024-07-01,Engineering,3.76,4,False,False
70,2024-07-01,HR,2.54,7,False,False
71,2024-07-01,Finance,3.52,3,False,False
72,2024-07-01,Engineering,3.46,2,False,False
73,2024-07-01,HR,4.23,2,False,False
74,2024-07-01,Engineering,2.03,3,False,False
75,2024-07-01,Finance,3.38,1,False,False
76,2024-07-01,HR,2.93,1,False,False
77,2024-07-01,Sales,3.77,2,False,False
78,2024-07-01,Sales,3.25,4,False,False
79,2024-07-01,HR,3.43,10,False,False
80,2024-07-01,Finance,2.76,3,False,False
81,2024-07-01,Operations,3.5,2,False,False
82,2024-07-01,HR,3.09,2,False,False
83,2024-07-01,Engineering,3.42,2,False,False
84,2024-07-01,Operations,2.6,1,False,False
85,2024-07-01,Finance,2.95,2,False,False
86,2024-07-01,Finance,3.16,2,False,False
87,2024-07-01,Engineering,3.84,4,False,False
88,2024-07-01,Sales,3.58,0,False,False
89,2024-07-01,Finance,3.47,2,False,False
90,2024-07-01,Operations,3.24,2,False,False
91,2024-07-01,HR,2.8,3,False,False
92,2024-07-01,Operations,3.26,3,False,False
93,2024-07-01,Operations,1.9,6,False,False
94,2024-07-01,Sales,3.2,2,False,False
95,2024-07-01,Operations,2.95,3,False,False
96,2024-07-01,Sales,4.1,0,False,False
97,2024-07-01,Sales,4.7,1,False,False
98,2024-07-01,Finance,3.21,1,False,False
99,2024-07-01,Finance,3.86,0,False,False
100,2024-07-01,Engineering,3.52,1,False,False
101,2024-07-01,Operations,3.03,4,False,False
102,2024-07-01,Engineering,4.08,0,False,False
103,2024-07-01,Operations,3.34,6,False,False
104,2024-07-01,Engineering,3.05,2,False,False
105,2024-07-01,Finance,3.52,3,False,False
106,2024-07-01,Finance,2.54,5,False,False
107,2024-07-01,Finance,2.19,4,False,False
108,2024-07-01,Finance,3.5,6,False,False
109,2024-07-01,HR,3.51,2,False,False
110,2024-07-01,Finance,3.19,2,False,False
111,2024-07-01,Sales,3.59,1,False,False
112,2024-07-01,Finance,3.65,3,False,False
113,2024-07-01,HR,3.36,5,False,False
114,2024-07-01,HR,2.54,2,False,False
115,2024-07-01,HR,3.8,5,False,False
116,2024-07-01,HR,3.82,2,False,False
117,2024-07-01,Engineering,3.29,3,False,False
118,2024-07-01,Engineering,3.64,1,False,False
119,2024-07-01,Sales,3.31,5,False,False
120,2024-07-01,Engineering,3.47,2,False,False
121,2024-07-01,HR,3.28,2,False,False
122,2024-07-01,Finance,3.69,1,False,False
123,2024-07-01,Finance,2.99,4,False,False
124,2024-07-01,HR,2.35,2,False,False
125,2024-07-01,Operations,3.63,3,False,False
126,2024-07-01,HR,2.2,4,False,False
127,2024-07-01,Engineering,2.82,7,False,False
128,2024-07-01,Finance,3.54,1,False,False
129,2024-07-01,HR,3.44,1,False,False
130,2024-07-01,Finance,3.75,2,False,False
131,2024-07-01,HR,3.33,1,False,False
132,2024-07-01,HR,2.3,5,False,False
133,2024-07-01,Engineering,3.19,3,False,False
134,2024-07-01,HR,3.02,6,False,False
135,2024-07-01,Finance,2.68,4,False,False
136,2024-07-01,Sales,4.09,4,False,False
137,2024-07-01,Finance,2.86,1,False,False
138,2024-07-01,Engineering,3.24,4,False,False
139,2024-07-01,Sales,2.98,5,False,False
140,2024-07-01,HR,3.56,4,False,False
141,2024-07-01,Operations,3.18,4,False,False
142,2024-07-01,Sales,3.22,2,False,False
143,2024-07-01,Sales,3.1,2,False,False
144,2024-07-01,HR,3.17,3,False,False
145,2024-07-01,Operations,3.28,3,False,False
146,2024-07-01,Operations,4.04,1,False,False
147,2024-07-01,Engineering,3.35,2,False,False
148,2024-07-01,Sales,3.13,7,False,False
149,2024-07-01,Operations,2.39,2,False,False
150,2024-07-01,Engineering,3.42,3,False,False
151,2024-07-01,Operations,3.05,2,False,False
152,2024-07-01,Sales,2.84,5,False,False
153,2024-07-01,Operations,3.5,3,False,False
154,2024-07-01,Sales,3.41,4,False,False
155,2024-07-01,HR,3.81,1,False,False
156,2024-07-01,Finance,3.26,5,False,False
157,2024-07-01,Engineering,3.59,7,False,False
158,2024-07-01,HR,3.11,4,False,False
159,2024-07-01,HR,2.81,1,False,False
160,2024-07-01,Finance,3.72,2,False,False
161,2024-07-01,Operations,1.57,7,False,False
162,2024-07-01,Finance,2.65,7,False,False
163,2024-07-01,HR,2.33,3,False,False
164,2024-07-01,HR,2.71,4,False,False
165,2024-07-01,HR,3.47,4,False,False
166,2024-07-01,Operations,3.53,2,False,False
167,2024-07-01,Sales,2.94,6,False,False
168,2024-07-01,Engineering,4.17,1,False,False
169,2024-07-01,Sales,4.04,3,False,False
170,2024-07-01,Engineering,3.17,5,False,False
171,2024-07-01,Engineering,4.43,1,False,False
172,2024-07-01,Engineering,3.53,2,False,False
173,2024-07-01,Finance,3.01,4,False,False
174,2024-07-01,Finance,3.21,2,False,False
175,2024-07-01,Finance,3.26,1,False,False
176,2024-07-01,HR,3.21,2,False,False
177,2024-07-01,Finance,4.01,4,False,False
178,2024-07-01,Engineering,1.6,3,False,False
179,2024-07-01,Operations,2.35,3,False,False
180,2024-07-01,HR,2.78,2,False,False
181,2024-07-01,Operations,3.11,4,False,False
182,2024-07-01,Engineering,2.82,3,False,False
183,2024-07-01,HR,2.69,2,False,False
184,2024-07-01,Finance,3.0,2,False,False
185,2024-07-01,HR,2.15,4,False,False
186,2024-07-01,HR,4.5,2,False,False
187,2024-07-01,Engineering,4.16,3,False,False
188,2024-07-01,Sales,3.0,3,False,False
189,2024-07-01,Sales,2.72,6,False,False
190,2024-07-01,Sales,2.81,2,False,False
191,2024-07-01,Finance,2.8,3,False,False
192,2024-07-01,Finance,3.51,3,False,False
193,2024-07-01,Finance,2.97,4,True,False
194,2024-07-01,Sales,3.6,1,False,False
195,2024-07-01,Operations,1.92,1,False,False
196,2024-07-01,Engineering,2.92,1,False,False
197,2024-07-01,Sales,3.38,0,False,False
198,2024-07-01,Engineering,3.78,1,False,False
199,2024-07-01,Sales,2.85,1,False,False
200,2024-07-01,Operations,1.98,4,False,False
201,2024-07-01,Sales,3.58,1,False,False
202,2024-07-01,Operations,2.92,2,False,False
203,2024-07-01,HR,3.1,1,False,False
204,2024-07-01,Finance,3.04,2,False,False
205,2024-07-01,HR,2.09,6,False,False
206,2024-07-01,Sales,3.13,4,False,False
207,2024-07-01,Finance,2.86,0,False,False
208,2024-07-01,Operations,3.37,1,False,False
209,2024-07-01,Sales,3.12,4,False,False
210,2024-07-01,Finance,3.9,1,False,False
211,2024-07-01,Sales,3.8,1,False,False
212,2024-07-01,Finance,3.08,1,False,False
213,2024-07-01,Finance,3.51,3,False,False
214,2024-07-01,HR,4.2,2,False,False
215,2024-07-01,Finance,4.53,2,False,False
216,2024-07-01,Sales,2.68,3,False,False
217,2024-07-01,Engineering,2.8,4,False,False
218,2024-07-01,Engineering,4.14,0,False,False
219,2024-07-01,HR,2.3,4,False,False
220,2024-07-01,Operations,2.38,4,False,False
221,2024-07-01,Engineering,2.59,0,False,False
222,2024-07-01,HR,3.35,3,False,False
223,2024-07-01,Finance,3.61,3,False,False
224,2024-07-01,Sales,2.56,4,False,False
225,2024-07-01,Finance,3.07,4,False,False
226,2024-07-01,Sales,2.38,6,False,False
227,2024-07-01,Operations,2.89,8,False,False
228,2024-07-01,HR,3.63,2,False,False
229,2024-07-01,HR,3.27,2,False,False
230,2024-07-01,Engineering,4.06,3,False,False
231,2024-07-01,HR,3.07,3,False,False
232,2024-07-01,Operations,2.94,3,False,False
233,2024-07-01,Engineering,3.51,4,False,False
234,2024-07-01,Finance,2.3,6,False,False
235,2024-07-01,HR,1.87,2,False,False
236,2024-07-01,Finance,2.19,4,False,False
237,2024-07-01,Finance,2.39,2,False,False
238,2024-07-01,HR,2.39,2,False,False
239,2024-07-01,Sales,3.87,3,False,False
240,2024-07-01,Finance,3.64,6,False,False
241,2024-07-01,Engineering,4.53,1,False,False
242,2024-07-01,HR,3.21,4,False,False
243,2024-07-01,Engineering,3.74,2,False,False
244,2024-07-01,Finance,2.39,4,False,False
245,2024-07-01,Finance,3.88,0,False,False
246,2024-07-01,Engineering,3.61,2,False,False
247,2024-07-01,Finance,3.14,3,False,False
248,2024-07-01,HR,3.03,6,False,False
249,2024-07-01,Finance,3.33,2,False,False
250,2024-07-01,Engineering,2.82,3,False,False
251,2024-07-01,Engineering,3.26,3,False,False
252,2024-07-01,HR,2.26,6,False,False
253,2024-07-01,Engineering,2.96,4,False,False
254,2024-07-01,Sales,3.69,0,False,False
255,2024-07-01,Finance,2.94,5,False,False
256,2024-07-01,Engineering,3.22,4,False,False
257,2024-07-01,Finance,3.81,4,False,False
258,2024-07-01,Engineering,3.3,2,True,False
259,2024-07-01,Engineering,3.66,1,False,False
260,2024-07-01,HR,3.93,2,False,False
261,2024-07-01,Finance,2.33,8,False,False
262,2024-07-01,Engineering,4.12,2,False,False
263,2024-07-01,Sales,3.32,3,False,False
264,2024-07-01,Operations,3.85,0,False,False
265,2024-07-01,Operations,3.21,5,False,False
266,2024-07-01,HR,3.12,5,False,False
267,2024-07-01,HR,2.23,7,False,False
268,2024-07-01,Sales,3.13,4,False,False
269,2024-07-01,Finance,2.11,4,False,False
270,2024-07-01,HR,3.35,2,False,False
271,2024-07-01,Sales,4.05,2,False,False
272,2024-07-01,Engineering,3.46,5,False,False
273,2024-07-01,Engineering,3.11,4,False,False
274,2024-07-01,Operations,2.93,2,False,False
275,2024-07-01,HR,3.12,3,False,False
276,2024-07-01,HR,3.67,7,False,False
277,2024-07-01,HR,2.89,6,False,False
278,2024-07-01,Finance,3.75,0,False,False
279,2024-07-01,Engineering,2.77,2,False,False
280,2024-07-01,Engineering,4.28,0,False,False
281,2024-07-01,Sales,3.76,2,False,False
282,2024-07-01,HR,3.67,3,False,False
283,2024-07-01,Finance,2.57,4,False,False
284,2024-07-01,HR,2.65,4,False,False
285,2024-07-01,HR,2.94,4,False,False
286,2024-07-01,Operations,2.9,5,False,False
287,2024-07-01,Engineering,3.06,2,False,False
288,2024-07-01,HR,3.46,1,False,False
289,2024-07-01,HR,3.48,1,False,False
290,2024-07-01,HR,3.48,5,False,False
291,2024-07-01,Operations,3.45,5,False,False
292,2024-07-01,Sales,3.06,3,False,False
293,2024-07-01,Operations,3.57,1,False,False
294,2024-07-01,Sales,3.12,4,False,False
295,2024-07-01,HR,3.14,4,False,False
296,2024-07-01,HR,2.76,7,False,False
297,2024-07-01,Operations,4.2,1,False,False
298,2024-07-01,HR,3.33,4,False,False
299,2024-07-01,Sales,2.8,3,False,False
300,2024-07-01,Engineering,3.98,2,False,False
301,2024-07-01,Sales,1.66,2,False,False
302,2024-07-01,Operations,1.98,7,False,False
303,2024-07-01,Engineering,4.1,1,False,False
304,2024-07-01,Operations,3.54,2,False,False
305,2024-07-01,HR,3.44,3,False,False
306,2024-07-01,Engineering,3.06,4,False,False
307,2024-07-01,Sales,3.41,6,False,False
308,2024-07-01,HR,3.69,1,False,False
309,2024-07-01,Sales,3.46,2,False,False
310,2024-07-01,Engineering,3.77,3,False,False
311,2024-07-01,Finance,2.46,3,False,False
312,2024-07-01,Finance,3.53,0,False,False
313,2024-07-01,Engineering,2.61,5,False,False
314,2024-07-01,Sales,3.06,1,False,False
315,2024-07-01,Sales,3.61,1,False,False
316,2024-07-01,Finance,2.87,3,False,False
317,2024-07-01,Finance,2.33,3,False,False
318,2024-07-01,Finance,2.18,1,False,False
319,2024-07-01,Operations,2.75,5,False,False
320,2024-07-01,Finance,3.7,3,False,False
321,2024-07-01,Sales,1.56,5,False,False
322,2024-07-01,Engineering,3.91,1,False,False
323,2024-07-01,Finance,3.26,0,False,False
324,2024-07-01,Operations,3.21,4,False,False
325,2024-07-01,Operations,1.9,4,False,False
326,2024-07-01,Sales,2.29,1,False,False
327,2024-07-01,Sales,4.04,0,False,False
328,2024-07-01,Engineering,2.38,3,False,False
329,2024-07-01,Engineering,3.51,2,False,False
330,2024-07-01,HR,1.98,5,False,False
331,2024-07-01,HR,3.22,5,False,False
332,2024-07-01,Sales,2.73,2,False,False
333,2024-07-01,Sales,3.13,2,False,False
334,2024-07-01,Operations,2.93,3,False,False
335,2024-07-01,HR,4.26,3,False,False
336,2024-07-01,Operations,3.24,1,False,False
337,2024-07-01,Operations,3.51,2,False,False
338,2024-07-01,Sales,2.04,6,False,False
339,2024-07-01,Sales,3.28,2,False,False
340,2024-07-01,Operations,3.0,3,False,False
341,2024-07-01,Finance,2.78,4,False,False
342,2024-07-01,Sales,3.3,3,False,False
343,2024-07-01,Finance,2.72,0,False,False
344,2024-07-01,HR,2.86,5,False,False
345,2024-07-01,Operations,3.07,1,False,False
346,2024-07-01,Sales,2.91,5,False,False
347,2024-07-01,Operations,1.97,5,False,False
348,2024-07-01,Operations,2.72,1,False,False
349,2024-07-01,Engineering,3.9,6,False,False
350,2024-07-01,Engineering,2.63,6,False,False
351,2024-07-01,HR,2.92,6,False,False
352,2024-07-01,Engineering,3.96,1,False,False
353,2024-07-01,Sales,3.74,2,False,False
354,2024-07-01,HR,3.05,5,False,False
355,2024-07-01,Operations,3.81,4,False,False
356,2024-07-01,Operations,3.79,5,False,False
357,2024-07-01,Engineering,3.47,0,False,False
358,2024-07-01,Operations,4.01,2,False,False
359,2024-07-01,Engineering,3.47,2,False,False
360,2024-07-01,Finance,3.34,2,False,False
361,2024-07-01,Operations,3.74,1,False,False
362,2024-07-01,Operations,3.8,2,False,False
363,2024-07-01,Sales,2.46,3,False,False
364,2024-07-01,Operations,2.86,3,False,False
365,2024-07-01,Engineering,4.89,2,False,False
366,2024-07-01,HR,3.55,5,False,False
367,2024-07-01,HR,2.97,7,False,False
368,2024-07-01,Sales,3.98,2,False,False
369,2024-07-01,Engineering,3.39,5,False,False
370,2024-07-01,Finance,2.61,0,False,False
371,2024-07-01,Sales,3.28,2,False,False
372,2024-07-01,Finance,2.18,6,False,False
373,2024-07-01,HR,2.83,3,False,False
374,2024-07-01,Sales,3.79,4,False,False
375,2024-07-01,Operations,3.5,1,False,False
376,2024-07-01,Engineering,3.05,1,False,False
377,2024-07-01,Finance,2.97,3,False,False
378,2024-07-01,Finance,3.06,3,False,False
379,2024-07-01,Sales,3.22,5,False,False
380,2024-07-01,Sales,3.23,2,False,False
381,2024-07-01,Engineering,3.25,2,False,False
382,2024-07-01,Operations,2.6,4,False,False
383,2024-07-01,Operations,3.56,2,False,False
384,2024-07-01,Sales,2.36,6,False,False
385,2024-07-01,Engineering,4.08,2,False,False
386,2024-07-01,Engineering,2.93,2,False,False
387,2024-07-01,Engineering,3.56,3,False,False
388,2024-07-01,Operations,3.22,3,False,False
389,2024-07-01,Operations,3.01,3,False,False
390,2024-07-01,Engineering,2.38,3,False,False
391,2024-07-01,Finance,3.19,4,False,False
392,2024-07-01,Engineering,3.75,5,False,False
393,2024-07-01,Sales,2.29,5,False,False
394,2024-07-01,HR,3.4,4,False,False
395,2024-07-01,Finance,3.56,0,False,False
396,2024-07-01,Operations,3.57,2,False,False
397,2024-07-01,Engineering,3.43,1,False,False
398,2024-07-01,Engineering,3.05,2,False,False
399,2024-07-01,Sales,3.42,4,False,False
400,2024-07-01,Sales,3.82,0,False,False
401,2024-07-01,Operations,1.22,9,False,False
402,2024-07-01,Finance,2.3,5,False,False
403,2024-07-01,Sales,2.73,5,True,False
404,2024-07-01,Operations,2.58,2,False,False
405,2024-07-01,HR,3.16,5,False,False
406,2024-07-01,HR,3.95,1,False,False
407,2024-07-01,HR,2.52,3,False,False
408,2024-07-01,Engineering,2.92,1,False,False
409,2024-07-01,Operations,2.5,2,False,False
410,2024-07-01,Engineering,2.65,2,False,False
411,2024-07-01,Engineering,4.37,1,False,False
412,2024-07-01,Sales,2.45,4,False,False
413,2024-07-01,Sales,3.14,3,False,False
414,2024-07-01,Engineering,2.78,4,True,False
415,2024-07-01,Engineering,4.32,4,False,False
416,2024-07-01,Finance,3.57,2,False,False
417,2024-07-01,Operations,3.05,0,False,False
418,2024-07-01,Engineering,4.03,4,False,False
419,2024-07-01,Sales,2.02,3,False,False
420,2024-07-01,HR,3.81,3,False,False
421,2024-07-01,Operations,3.36,2,False,False
422,2024-07-01,Finance,3.03,2,False,False
423,2024-07-01,Finance,3.07,2,False,False
424,2024-07-01,HR,2.54,4,False,False
425,2024-07-01,HR,3.15,3,False,False
426,2024-07-01,Engineering,3.99,2,False,False
427,2024-07-01,Operations,3.41,1,False,False
428,2024-07-01,Operations,2.94,4,False,False
429,2024-07-01,Engineering,3.45,3,False,False
430,2024-07-01,Finance,3.12,2,False,False
431,2024-07-01,Engineering,4.54,5,True,False
432,2024-07-01,Finance,2.68,3,False,False
433,2024-07-01,Operations,3.4,1,False,False
434,2024-07-01,Engineering,4.2,1,False,False
435,2024-07-01,HR,2.58,3,False,False
436,2024-07-01,Engineering,4.9,2,False,False
437,2024-07-01,HR,3.23,4,False,False
438,2024-07-01,Operations,3.14,5,False,False
439,2024-07-01,Engineering,3.39,4,False,False
440,2024-07-01,Sales,3.16,3,False,False
441,2024-07-01,Operations,3.22,2,False,False
442,2024-07-01,Sales,3.19,2,False,False
443,2024-07-01,Engineering,4.25,0,False,False
444,2024-07-01,HR,2.98,1,False,False
445,2024-07-01,HR,2.24,5,False,False
446,2024-07-01,Finance,3.02,2,False,False
447,2024-07-01,Sales,4.04,0,False,False
448,2024-07-01,Operations,3.04,3,False,False
449,2024-07-01,HR,3.86,1,False,False
450,2024-07-01,Sales,2.82,1,False,False
451,2024-07-01,Operations,2.21,5,False,False
452,2024-07-01,Operations,2.54,2,False,False
453,2024-07-01,HR,2.44,4,False,False
454,2024-07-01,Engineering,3.6,3,False,False
455,2024-07-01,HR,3.25,2,False,False
456,2024-07-01,HR,2.92,5,False,False
457,2024-07-01,Engineering,1.88,5,False,False
458,2024-07-01,Finance,2.71,5,False,False
459,2024-07-01,Operations,4.13,2,False,False
460,2024-07-01,Engineering,3.21,3,False,False
461,2024-07-01,Finance,3.05,2,False,False
462,2024-07-01,Engineering,2.57,8,False,False
463,2024-07-01,Finance,4.19,1,False,False
464,2024-07-01,HR,2.83,6,False,False
465,2024-07-01,Engineering,3.84,0,False,False
466,2024-07-01,Operations,4.28,2,False,False
467,2024-07-01,Engineering,3.99,0,False,False
468,2024-07-01,HR,2.74,1,False,False
469,2024-07-01,Engineering,3.13,3,False,False
470,2024-07-01,Operations,2.38,4,False,False
471,2024-07-01,Finance,3.17,3,False,False
472,2024-07-01,Operations,3.02,2,False,False
473,2024-07-01,HR,2.64,5,False,False
474,2024-07-01,HR,3.74,2,False,False
475,2024-07-01,Finance,2.92,7,False,False
476,2024-07-01,Finance,3.88,1,False,False
477,2024-07-01,Operations,2.79,3,False,False
478,2024-07-01,Engineering,4.46,2,False,False
479,2024-07-01,Finance,3.37,3,False,False
480,2024-07-01,Engineering,3.87,2,False,False
481,2024-07-01,Sales,2.89,4,False,False
482,2024-07-01,Operations,2.72,6,False,False
483,2024-07-01,Sales,3.55,3,False,False
484,2024-07-01,Finance,3.95,2,False,False
485,2024-07-01,HR,2.98,5,False,False
486,2024-07-01,Sales,2.82,4,False,False
487,2024-07-01,Sales,2.54,4,False,False
488,2024-07-01,HR,2.1,5,False,False
489,2024-07-01,Finance,2.11,4,False,False
490,2024-07-01,Finance,3.65,6,False,False
491,2024-07-01,Operations,3.5,1,False,False
492,2024-07-01,Operations,3.4,6,False,False
493,2024-07-01,Finance,1.55,4,False,False
494,2024-07-01,Finance,3.03,0,False,False
495,2024-07-01,Sales,3.13,4,False,False
496,2024-07-01,HR,4.07,0,False,False
497,2024-07-01,Engineering,2.55,2,False,False
498,2024-07-01,Sales,2.71,6,False,False
499,2024-07-01,Operations,4.21,0,False,False
500,2024-07-01,HR,2.99,2,False,False
1,2024-08-01,Engineering,2.29,4,False,False
2,2024-08-01,Finance,3.67,0,False,False
3,2024-08-01,Finance,4.11,1,False,False
4,2024-08-01,HR,3.65,2,False,False
5,2024-08-01,HR,3.24,5,False,False
6,2024-08-01,Operations,2.36,8,False,False
7,2024-08-01,Engineering,3.7,3,False,False
8,2024-08-01,Finance,2.76,1,False,False
9,2024-08-01,Sales,2.71,3,False,False
10,2024-08-01,Engineering,3.65,2,False,False
11,2024-08-01,HR,4.3,3,False,False
12,2024-08-01,Operations,4.17,3,False,False
13,2024-08-01,Finance,4.15,0,False,False
14,2024-08-01,Finance,3.53,4,False,False
15,2024-08-01,Finance,4.13,1,False,False
16,2024-08-01,Finance,3.2,4,False,False
17,2024-08-01,HR,3.54,2,False,False
18,2024-08-01,Engineering,2.77,3,False,False
19,2024-08-01,Operations,3.31,0,False,False
20,2024-08-01,HR,3.23,3,False,False
21,2024-08-01,HR,2.64,7,False,False
22,2024-08-01,Sales,2.43,3,False,False
23,2024-08-01,Engineering,3.18,2,False,False
24,2024-08-01,Operations,3.22,2,False,False
25,2024-08-01,Finance,3.09,3,False,False
26,2024-08-01,Finance,3.64,3,False,False
27,2024-08-01,HR,3.33,8,False,False
28,2024-08-01,Operations,3.11,4,False,False
29,2024-08-01,HR,3.51,4,False,False
30,2024-08-01,HR,2.91,6,False,False
31,2024-08-01,HR,3.81,5,False,False
32,2024-08-01,Sales,2.49,1,False,False
33,2024-08-01,Engineering,2.03,2,False,False
34,2024-08-01,HR,2.45,4,False,False
35,2024-08-01,Operations,2.65,5,False,False
36,2024-08-01,Engineering,3.06,5,False,False
37,2024-08-01,Operations,2.8,3,False,False
38,2024-08-01,Operations,2.56,5,False,False
39,2024-08-01,Sales,3.62,6,False,False
40,2024-08-01,Finance,2.87,7,False,False
41,2024-08-01,Engineering,3.58,2,False,False
42,2024-08-01,Finance,3.09,2,False,False
43,2024-08-01,Finance,3.13,3,False,False
44,2024-08-01,Sales,1.72,2,False,False
45,2024-08-01,Engineering,3.58,1,False,False
46,2024-08-01,Operations,1.66,2,False,False
47,2024-08-01,HR,3.19,1,False,False
48,2024-08-01,Operations,3.25,3,False,False
49,2024-08-01,Finance,3.79,3,False,False
50,2024-08-01,Finance,4.04,2,False,False
51,2024-08-01,Finance,3.48,2,False,False
52,2024-08-01,Engineering,2.96,1,False,False
53,2024-08-01,Sales,3.68,0,False,False
54,2024-08-01,HR,2.51,4,False,False
55,2024-08-01,HR,3.64,1,False,False
56,2024-08-01,Engineering,3.74,1,False,False
57,2024-08-01,HR,3.04,8,False,False
58,2024-08-01,Engineering,4.13,2,False,False
59,2024-08-01,Finance,3.8,2,False,False
60,2024-08-01,Finance,2.92,4,False,False
61,2024-08-01,Operations,3.56,3,False,False
62,2024-08-01,Finance,3.0,3,False,False
63,2024-08-01,Sales,3.2,2,False,False
64,2024-08-01,Operations,2.23,5,False,False
65,2024-08-01,HR,3.0,4,False,False
66,2024-08-01,Sales,2.66,2,False,False
67,2024-08-01,Operations,3.01,3,False,False
68,2024-08-01,Sales,2.37,4,False,False
69,2024-08-01,Engineering,3.74,5,False,False
70,2024-08-01,HR,2.53,8,False,False
71,2024-08-01,Finance,3.48,2,False,False
72,2024-08-01,Engineering,3.4,0,False,False
73,2024-08-01,HR,4.16,1,False,False
74,2024-08-01,Engineering,2.23,7,False,False
75,2024-08-01,Finance,3.45,3,False,False
76,2024-08-01,HR,3.02,2,False,False
77,2024-08-01,Sales,3.76,2,False,False
78,2024-08-01,Sales,3.09,5,False,False
79,2024-08-01,HR,3.51,3,False,False
80,2024-08-01,Finance,2.58,1,False,False
81,2024-08-01,Operations,3.46,2,False,False
82,2024-08-01,HR,3.11,1,False,False
83,2024-08-01,Engineering,3.43,4,False,False
84,2024-08-01,Operations,2.27,2,False,False
85,2024-08-01,Finance,3.01,2,False,False
86,2024-08-01,Finance,3.2,4,False,False
87,2024-08-01,Engineering,3.72,0,False,False
88,2024-08-01,Sales,3.41,3,False,False
89,2024-08-01,Finance,3.61,3,False,False
90,2024-08-01,Operations,3.17,5,False,False
91,2024-08-01,HR,2.71,2,False,False
92,2024-08-01,Operations,3.29,2,False,False
93,2024-08-01,Operations,1.82,3,False,False
94,2024-08-01,Sales,3.35,2,False,False
95,2024-08-01,Operations,3.12,3,False,False
96,2024-08-01,Sales,4.17,0,False,False
97,2024-08-01,Sales,4.67,0,False,False
98,2024-08-01,Finance,3.18,2,False,False
99,2024-08-01,Finance,4.05,2,False,False
100,2024-08-01,Engineering,3.57,4,False,False
101,2024-08-01,Operations,2.81,0,False,False
102,2024-08-01,Engineering,3.89,3,False,False
103,2024-08-01,Operations,3.33,1,False,False
104,2024-08-01,Engineering,3.01,4,False,False
105,2024-08-01,Finance,3.15,5,False,False
106,2024-08-01,Finance,2.27,2,True,False
107,2024-08-01,Finance,2.25,4,False,False
108,2024-08-01,Finance,3.42,2,False,False
109,2024-08-01,HR,3.59,0,False,False
110,2024-08-01,Finance,3.36,1,False,False
111,2024-08-01,Sales,3.43,4,False,False
112,2024-08-01,Finance,3.66,2,False,False
113,2024-08-01,HR,3.23,6,False,False
114,2024-08-01,HR,2.52,2,False,False
115,2024-08-01,HR,3.68,2,False,False
116,2024-08-01,HR,3.95,3,False,False
117,2024-08-01,Engineering,3.29,4,False,False
118,2024-08-01,Engineering,3.42,2,False,False
119,2024-08-01,Sales,3.22,2,False,False
120,2024-08-01,Engineering,3.7,6,False,False
121,2024-08-01,HR,3.34,2,False,False
122,2024-08-01,Finance,3.48,9,False,False
123,2024-08-01,Finance,3.08,3,False,False
124,2024-08-01,HR,2.47,4,False,False
125,2024-08-01,Operations,3.6,5,False,False
126,2024-08-01,HR,2.13,5,False,False
127,2024-08-01,Engineering,2.81,6,False,False
128,2024-08-01,Finance,3.69,1,False,False
129,2024-08-01,HR,3.51,3,False,False
130,2024-08-01,Finance,3.7,2,False,False
131,2024-08-01,HR,3.28,4,False,False
132,2024-08-01,HR,2.13,1,False,False
133,2024-08-01,Engineering,3.21,0,False,False
134,2024-08-01,HR,2.91,2,False,False
135,2024-08-01,Finance,2.96,0,False,False
136,2024-08-01,Sales,4.06,1,False,False
137,2024-08-01,Finance,2.95,0,False,False
138,2024-08-01,Engineering,3.34,4,False,False
139,2024-08-01,Sales,3.02,3,False,False
140,2024-08-01,HR,3.4,1,False,False
141,2024-08-01,Operations,3.23,2,False,False
142,2024-08-01,Sales,3.25,3,False,False
143,2024-08-01,Sales,3.22,3,False,False
144,2024-08-01,HR,2.76,1,False,False
145,2024-08-01,Operations,3.26,2,False,False
146,2024-08-01,Operations,3.86,2,False,False
147,2024-08-01,Engineering,3.22,4,False,False
148,2024-08-01,Sales,3.11,5,False,False
149,2024-08-01,Operations,2.25,2,False,False
150,2024-08-01,Engineering,3.42,3,False,False
151,2024-08-01,Operations,3.04,5,False,False
152,2024-08-01,Sales,2.98,5,False,False
153,2024-08-01,Operations,3.47,3,False,False
154,2024-08-01,Sales,3.37,4,False,False
155,2024-08-01,HR,3.61,0,False,False
156,2024-08-01,Finance,3.18,2,False,False
157,2024-08-01,Engineering,3.49,4,False,False
158,2024-08-01,HR,3.21,3,False,False
159,2024-08-01,HR,2.77,0,False,False
160,2024-08-01,Finance,3.91,1,False,False
161,2024-08-01,Operations,1.71,5,False,False
162,2024-08-01,Finance,2.56,2,False,False
163,2024-08-01,HR,2.44,5,False,False
164,2024-08-01,HR,2.55,3,False,False
165,2024-08-01,HR,3.41,3,False,False
166,2024-08-01,Operations,3.54,2,False,False
167,2024-08-01,Sales,2.69,3,False,False
168,2024-08-01,Engineering,4.28,1,False,False
169,2024-08-01,Sales,4.01,2,False,False
170,2024-08-01,Engineering,3.21,2,False,False
171,2024-08-01,Engineering,4.33,0,False,False
172,2024-08-01,Engineering,3.58,2,False,False
173,2024-08-01,Finance,3.03,1,False,False
174,2024-08-01,Finance,3.08,3,False,False
175,2024-08-01,Finance,3.36,4,False,False
176,2024-08-01,HR,3.1,3,False,False
177,2024-08-01,Finance,4.03,1,False,False
178,2024-08-01,Engineering,1.69,4,False,False
179,2024-08-01,Operations,2.25,1,False,False
180,2024-08-01,HR,2.71,2,False,False
181,2024-08-01,Operations,3.04,4,False,False
182,2024-08-01,Engineering,2.82,3,False,False
183,2024-08-01,HR,2.74,4,False,False
184,2024-08-01,Finance,3.28,3,False,False
185,2024-08-01,HR,2.02,3,False,False
186,2024-08-01,HR,4.38,1,False,False
187,2024-08-01,Engineering,4.24,1,False,False
188,2024-08-01,Sales,2.92,5,False,False
189,2024-08-01,Sales,2.78,3,False,False
190,2024-08-01,Sales,2.91,1,False,False
191,2024-08-01,Finance,2.79,4,False,False
192,2024-08-01,Finance,3.46,3,False,False
193,2024-08-01,Finance,3.09,2,False,False
194,2024-08-01,Sales,3.35,1,False,False
195,2024-08-01,Operations,1.97,3,False,False
196,2024-08-01,Engineering,2.72,1,False,False
197,2024-08-01,Sales,3.48,4,False,False
198,2024-08-01,Engineering,3.71,2,False,False
199,2024-08-01,Sales,2.9,6,False,False
200,2024-08-01,Operations,2.04,1,False,False
201,2024-08-01,Sales,3.49,0,False,False
202,2024-08-01,Operations,3.04,4,False,False
203,2024-08-01,HR,3.0,2,False,False
204,2024-08-01,Finance,2.81,6,False,False
205,2024-08-01,HR,1.98,4,False,False
206,2024-08-01,Sales,3.21,1,False,False
207,2024-08-01,Finance,3.08,6,False,False
208,2024-08-01,Operations,3.32,3,False,False
209,2024-08-01,Sales,3.0,2,False,False
210,2024-08-01,Finance,4.17,1,False,False
211,2024-08-01,Sales,3.85,1,False,False
212,2024-08-01,Finance,3.1,5,False,False
213,2024-08-01,Finance,3.62,0,False,False
214,2024-08-01,HR,4.3,2,False,False
215,2024-08-01,Finance,4.59,0,False,False
216,2024-08-01,Sales,2.67,0,False,False
217,2024-08-01,Engineering,2.78,3,False,False
218,2024-08-01,Engineering,3.98,0,False,False
219,2024-08-01,HR,2.33,1,False,False
220,2024-08-01,Operations,2.65,3,False,False
221,2024-08-01,Engineering,2.74,3,False,False
222,2024-08-01,HR,3.49,3,False,False
223,2024-08-01,Finance,3.62,2,False,False
224,2024-08-01,Sales,2.47,5,False,False
225,2024-08-01,Finance,3.09,2,False,False
226,2024-08-01,Sales,2.46,2,False,False
227,2024-08-01,Operations,2.92,6,False,False
228,2024-08-01,HR,3.99,2,False,False
229,2024-08-01,HR,3.26,3,False,False
230,2024-08-01,Engineering,3.97,1,False,False
231,2024-08-01,HR,3.02,3,False,False
232,2024-08-01,Operations,2.95,3,False,False
233,2024-08-01,Engineering,3.5,2,False,False
234,2024-08-01,Finance,2.11,5,False,False
235,2024-08-01,HR,2.07,3,False,False
236,2024-08-01,Finance,2.17,4,False,False
237,2024-08-01,Finance,2.45,1,False,False
238,2024-08-01,HR,2.43,4,False,False
239,2024-08-01,Sales,4.22,0,False,False
240,2024-08-01,Finance,3.73,3,False,False
241,2024-08-01,Engineering,4.39,3,False,False
242,2024-08-01,HR,3.49,2,False,False
243,2024-08-01,Engineering,3.8,4,False,False
244,2024-08-01,Finance,2.47,6,False,False
245,2024-08-01,Finance,3.85,2,False,False
246,2024-08-01,Engineering,3.6,1,False,False
247,2024-08-01,Finance,2.96,5,False,False
248,2024-08-01,HR,3.0,2,False,False
249,2024-08-01,Finance,3.15,1,False,False
250,2024-08-01,Engineering,2.67,4,False,False
251,2024-08-01,Engineering,3.29,5,False,False
252,2024-08-01,HR,2.13,1,False,False
253,2024-08-01,Engineering,3.07,5,False,False
254,2024-08-01,Sales,3.76,1,False,False
255,2024-08-01,Finance,2.75,4,False,False
256,2024-08-01,Engineering,3.29,5,False,False
257,2024-08-01,Finance,3.75,0,False,False
258,2024-08-01,Engineering,3.42,1,False,False
259,2024-08-01,Engineering,3.76,2,False,False
260,2024-08-01,HR,3.85,3,False,False
261,2024-08-01,Finance,2.5,5,False,False
262,2024-08-01,Engineering,4.26,1,False,False
263,2024-08-01,Sales,3.18,4,False,False
264,2024-08-01,Operations,3.89,3,False,False
265,2024-08-01,Operations,3.09,2,False,False
266,2024-08-01,HR,3.26,2,False,False
267,2024-08-01,HR,2.18,3,False,False
268,2024-08-01,Sales,2.98,2,False,False
269,2024-08-01,Finance,1.93,3,False,False
270,2024-08-01,HR,3.56,5,False,False
271,2024-08-01,Sales,4.0,2,False,False
272,2024-08-01,Engineering,3.35,4,False,False
273,2024-08-01,Engineering,3.21,3,False,False
274,2024-08-01,Operations,2.95,3,False,False
275,2024-08-01,HR,2.89,5,False,False
276,2024-08-01,HR,3.85,2,True,False
277,2024-08-01,HR,2.96,4,False,False
278,2024-08-01,Finance,3.83,3,False,False
279,2024-08-01,Engineering,3.0,4,False,False
280,2024-08-01,Engineering,4.49,2,False,False
281,2024-08-01,Sales,3.54,1,False,False
282,2024-08-01,HR,3.63,6,False,False
283,2024-08-01,Finance,2.59,5,False,False
284,2024-08-01,HR,2.78,1,False,False
285,2024-08-01,HR,2.9,2,False,False
286,2024-08-01,Operations,2.81,3,False,False
287,2024-08-01,Engineering,3.23,7,False,False
288,2024-08-01,HR,3.61,3,False,False
289,2024-08-01,HR,3.67,2,False,False
290,2024-08-01,HR,3.47,6,False,False
291,2024-08-01,Operations,3.44,3,False,False
292,2024-08-01,Sales,2.96,4,False,False
293,2024-08-01,Operations,3.59,3,False,False
294,2024-08-01,Sales,3.08,1,False,False
295,2024-08-01,HR,3.06,1,False,False
296,2024-08-01,HR,2.4,2,False,False
297,2024-08-01,Operations,4.22,3,False,False
298,2024-08-01,HR,3.17,1,False,False
299,2024-08-01,Sales,2.56,5,False,False
300,2024-08-01,Engineering,4.06,1,False,False
301,2024-08-01,Sales,1.65,3,False,False
302,2024-08-01,Operations,2.05,2,False,False
303,2024-08-01,Engineering,3.79,0,False,False
304,2024-08-01,Operations,3.54,0,False,False
305,2024-08-01,HR,3.28,2,False,False
306,2024-08-01,Engineering,2.99,4,False,False
307,2024-08-01,Sales,3.09,2,False,False
308,2024-08-01,HR,3.56,4,False,False
309,2024-08-01,Sales,3.57,0,False,False
310,2024-08-01,Engineering,4.0,1,False,False
311,2024-08-01,Finance,2.4,1,False,False
312,2024-08-01,Finance,3.66,2,False,False
313,2024-08-01,Engineering,2.34,4,False,False
314,2024-08-01,Sales,3.15,2,False,False
315,2024-08-01,Sales,3.81,5,False,False
316,2024-08-01,Finance,2.66,6,False,False
317,2024-08-01,Finance,2.4,2,False,False
318,2024-08-01,Finance,2.32,6,False,False
319,2024-08-01,Operations,2.89,6,False,False
320,2024-08-01,Finance,3.69,1,False,False
321,2024-08-01,Sales,1.53,6,False,False
322,2024-08-01,Engineering,4.05,1,False,False
323,2024-08-01,Finance,3.14,2,False,False
324,2024-08-01,Operations,3.15,2,False,False
325,2024-08-01,Operations,2.05,5,False,False
326,2024-08-01,Sales,2.26,5,False,False
327,2024-08-01,Sales,3.78,4,False,False
328,2024-08-01,Engineering,2.53,1,False,False
329,2024-08-01,Engineering,3.65,3,False,False
330,2024-08-01,HR,1.99,5,False,False
331,2024-08-01,HR,3.1,8,False,False
332,2024-08-01,Sales,2.45,3,False,False
333,2024-08-01,Sales,3.29,2,False,False
334,2024-08-01,Operations,3.18,0,False,False
335,2024-08-01,HR,4.29,0,False,False
336,2024-08-01,Operations,3.42,5,False,False
337,2024-08-01,Operations,3.69,1,False,False
338,2024-08-01,Sales,2.04,4,False,False
339,2024-08-01,Sales,3.23,2,False,False
340,2024-08-01,Operations,3.2,2,False,False
341,2024-08-01,Finance,2.76,2,False,False
342,2024-08-01,Sales,3.18,1,False,False
343,2024-08-01,Finance,2.8,2,False,False
344,2024-08-01,HR,2.6,5,False,False
345,2024-08-01,Operations,2.97,1,False,False
346,2024-08-01,Sales,2.67,4,False,False
347,2024-08-01,Operations,2.15,7,False,False
348,2024-08-01,Operations,2.79,4,False,False
349,2024-08-01,Engineering,3.89,1,False,False
350,2024-08-01,Engineering,2.57,2,False,False
351,2024-08-01,HR,3.0,3,False,False
352,2024-08-01,Engineering,3.83,4,False,False
353,2024-08-01,Sales,3.43,4,False,False
354,2024-08-01,HR,2.96,4,False,False
355,2024-08-01,Operations,3.8,1,False,False
356,2024-08-01,Operations,3.58,3,False,False
357,2024-08-01,Engineering,3.34,3,False,False
358,2024-08-01,Operations,4.09,2,False,False
359,2024-08-01,Engineering,3.32,4,False,False
360,2024-08-01,Finance,3.25,1,False,False
361,2024-08-01,Operations,3.65,0,False,False
362,2024-08-01,Operations,3.72,0,False,False
363,2024-08-01,Sales,2.51,4,False,False
364,2024-08-01,Operations,2.86,7,False,False
365,2024-08-01,Engineering,4.94,0,False,False
366,2024-08-01,HR,3.54,5,False,False
367,2024-08-01,HR,2.97,3,False,False
368,2024-08-01,Sales,3.88,2,False,False
369,2024-08-01,Engineering,3.2,5,False,False
370,2024-08-01,Finance,2.6,2,False,False
371,2024-08-01,Sales,3.51,1,False,False
372,2024-08-01,Finance,2.33,3,False,False
373,2024-08-01,HR,2.78,0,False,False
374,2024-08-01,Sales,3.61,0,False,False
375,2024-08-01,Operations,3.57,2,False,False
376,2024-08-01,Engineering,3.36,4,False,False
377,2024-08-01,Finance,3.01,3,False,False
378,2024-08-01,Finance,3.14,1,False,False
379,2024-08-01,Sales,3.09,3,False,False
380,2024-08-01,Sales,2.93,2,False,False
381,2024-08-01,Engineering,3.34,6,False,False
382,2024-08-01,Operations,2.31,1,False,False
383,2024-08-01,Operations,3.44,4,False,False
384,2024-08-01,Sales,2.58,4,False,False
385,2024-08-01,Engineering,3.81,3,False,False
386,2024-08-01,Engineering,2.79,2,False,False
387,2024-08-01,Engineering,3.48,2,False,False
388,2024-08-01,Operations,3.5,2,False,False
389,2024-08-01,Operations,3.11,4,False,False
390,2024-08-01,Engineering,2.38,2,False,False
391,2024-08-01,Finance,3.41,4,False,False
392,2024-08-01,Engineering,3.81,1,False,False
393,2024-08-01,Sales,2.44,5,False,False
394,2024-08-01,HR,3.42,2,False,False
395,2024-08-01,Finance,3.64,0,False,False
396,2024-08-01,Operations,3.38,2,False,False
397,2024-08-01,Engineering,3.33,2,False,False
398,2024-08-01,Engineering,3.06,3,False,False
399,2024-08-01,Sales,3.37,2,False,False
400,2024-08-01,Sales,3.93,4,False,False
401,2024-08-01,Operations,1.2,0,False,False
402,2024-08-01,Finance,2.64,2,False,False
403,2024-08-01,Sales,2.7,3,False,False
404,2024-08-01,Operations,2.43,5,False,False
405,2024-08-01,HR,2.9,0,False,False
406,2024-08-01,HR,3.95,3,False,False
407,2024-08-01,HR,2.19,3,False,False
408,2024-08-01,Engineering,3.11,1,False,False
409,2024-08-01,Operations,2.29,4,False,False
410,2024-08-01,Engineering,2.48,2,False,False
411,2024-08-01,Engineering,4.35,1,False,False
412,2024-08-01,Sales,2.51,3,False,False
413,2024-08-01,Sales,3.37,2,False,False
414,2024-08-01,Engineering,2.86,5,False,False
415,2024-08-01,Engineering,4.57,0,False,False
416,2024-08-01,Finance,3.39,3,False,False
417,2024-08-01,Operations,3.05,4,False,False
418,2024-08-01,Engineering,4.08,1,False,False
419,2024-08-01,Sales,2.08,3,False,False
420,2024-08-01,HR,3.73,0,False,False
421,2024-08-01,Operations,3.24,3,False,False
422,2024-08-01,Finance,3.33,2,False,False
423,2024-08-01,Finance,3.13,2,False,False
424,2024-08-01,HR,2.37,2,False,False
425,2024-08-01,HR,3.27,4,False,False
426,2024-08-01,Engineering,3.93,3,False,False
427,2024-08-01,Operations,3.62,2,False,False
428,2024-08-01,Operations,2.78,5,False,False
429,2024-08-01,Engineering,3.36,3,False,False
430,2024-08-01,Finance,2.93,3,False,False
431,2024-08-01,Engineering,4.64,1,False,False
432,2024-08-01,Finance,2.6,6,False,False
433,2024-08-01,Operations,3.61,3,False,False
434,2024-08-01,Engineering,4.36,3,False,False
435,2024-08-01,HR,2.69,3,False,False
436,2024-08-01,Engineering,4.81,2,False,False
437,2024-08-01,HR,3.13,3,False,False
438,2024-08-01,Operations,3.41,1,False,False
439,2024-08-01,Engineering,3.38,4,False,False
440,2024-08-01,Sales,3.03,4,False,False
441,2024-08-01,Operations,3.22,1,False,False
442,2024-08-01,Sales,3.19,3,False,False
443,2024-08-01,Engineering,4.55,1,False,False
444,2024-08-01,HR,3.0,3,False,False
445,2024-08-01,HR,2.25,4,False,False
446,2024-08-01,Finance,3.12,2,False,False
447,2024-08-01,Sales,4.26,5,False,False
448,2024-08-01,Operations,3.04,5,False,False
449,2024-08-01,HR,3.68,1,False,False
450,2024-08-01,Sales,2.58,1,False,False
451,2024-08-01,Operations,2.35,4,False,False
452,2024-08-01,Operations,2.48,3,False,False
453,2024-08-01,HR,2.31,4,False,False
454,2024-08-01,Engineering,3.42,4,False,False
455,2024-08-01,HR,3.33,3,False,False
456,2024-08-01,HR,2.88,3,False,False
457,2024-08-01,Engineering,1.81,7,False,False
458,2024-08-01,Finance,2.94,6,False,False
459,2024-08-01,Operations,4.12,0,False,False
460,2024-08-01,Engineering,3.02,3,False,False
461,2024-08-01,Finance,2.98,3,False,False
462,2024-08-01,Engineering,2.69,3,False,False
463,2024-08-01,Finance,4.23,1,False,False
464,2024-08-01,HR,2.56,6,False,False
465,2024-08-01,Engineering,3.96,1,False,False
466,2024-08-01,Operations,4.32,3,False,False
467,2024-08-01,Engineering,4.0,1,False,False
468,2024-08-01,HR,2.67,3,False,False
469,2024-08-01,Engineering,3.25,2,False,False
470,2024-08-01,Operations,2.27,8,False,False
471,2024-08-01,Finance,3.38,5,False,False
472,2024-08-01,Operations,3.02,3,False,False
473,2024-08-01,HR,2.92,1,False,False
474,2024-08-01,HR,3.65,2,False,False
475,2024-08-01,Finance,2.88,4,False,False
476,2024-08-01,Finance,4.16,2,False,False
477,2024-08-01,Operations,2.8,4,False,False
478,2024-08-01,Engineering,4.45,2,False,False
479,2024-08-01,Finance,3.4,4,False,False
480,2024-08-01,Engineering,4.21,2,False,False
481,2024-08-01,Sales,2.73,2,False,False
482,2024-08-01,Operations,2.81,5,False,False
483,2024-08-01,Sales,3.35,0,False,False
484,2024-08-01,Finance,3.99,0,False,False
485,2024-08-01,HR,3.03,1,False,False
486,2024-08-01,Sales,2.74,5,False,False
487,2024-08-01,Sales,2.63,3,False,False
488,2024-08-01,HR,2.28,7,False,False
489,2024-08-01,Finance,2.13,3,True,False
490,2024-08-01,Finance,3.5,2,False,False
491,2024-08-01,Operations,3.57,3,False,False
492,2024-08-01,Operations,3.14,1,False,False
493,2024-08-01,Finance,1.71,6,False,False
494,2024-08-01,Finance,3.15,1,False,False
495,2024-08-01,Sales,3.16,1,False,False
496,2024-08-01,HR,4.27,4,False,False
497,2024-08-01,Engineering,2.66,3,False,False
498,2024-08-01,Sales,2.85,3,False,False
499,2024-08-01,Operations,4.23,1,False,False
500,2024-08-01,HR,3.32,2,False,False
1,2024-09-01,Engineering,2.28,2,False,False
2,2024-09-01,Finance,3.69,2,False,False
3,2024-09-01,Finance,4.15,3,False,False
4,2024-09-01,HR,3.57,1,False,False
5,2024-09-01,HR,3.15,2,False,False
6,2024-09-01,Operations,2.21,3,False,False
7,2024-09-01,Engineering,3.46,2,False,False
8,2024-09-01,Finance,2.63,6,False,False
9,2024-09-01,Sales,2.81,2,False,False
10,2024-09-01,Engineering,3.49,4,False,False
11,2024-09-01,HR,4.31,2,False,False
12,2024-09-01,Operations,4.15,3,False,False
13,2024-09-01,Finance,4.33,3,False,False
14,2024-09-01,Finance,3.51,1,False,False
15,2024-09-01,Finance,3.82,1,True,False
16,2024-09-01,Finance,3.02,3,False,False
17,2024-09-01,HR,3.47,1,False,False
18,2024-09-01,Engineering,2.77,2,False,False
19,2024-09-01,Operations,3.35,2,False,False
20,2024-09-01,HR,3.06,5,False,False
21,2024-09-01,HR,2.72,2,False,False
22,2024-09-01,Sales,2.34,4,False,False
23,2024-09-01,Engineering,3.25,1,False,False
24,2024-09-01,Operations,3.13,1,False,False
25,2024-09-01,Finance,3.1,5,False,False
26,2024-09-01,Finance,3.32,1,False,False
27,2024-09-01,HR,3.35,1,False,False
28,2024-09-01,Operations,3.21,1,False,False
29,2024-09-01,HR,3.64,5,False,False
30,2024-09-01,HR,2.8,3,False,False
31,2024-09-01,HR,3.83,2,False,False
32,2024-09-01,Sales,2.46,8,False,False
33,2024-09-01,Engineering,2.15,5,False,False
34,2024-09-01,HR,2.4,3,False,False
35,2024-09-01,Operations,2.53,6,False,False
36,2024-09-01,Engineering,2.82,3,False,False
37,2024-09-01,Operations,2.91,1,False,False
38,2024-09-01,Operations,2.67,1,False,False
39,2024-09-01,Sales,3.51,2,False,False
40,2024-09-01,Finance,2.6,1,False,False
41,2024-09-01,Engineering,3.66,1,False,False
42,2024-09-01,Finance,2.76,4,False,False
43,2024-09-01,Finance,3.19,5,False,False
44,2024-09-01,Sales,1.74,3,False,False
45,2024-09-01,Engineering,3.47,1,False,False
46,2024-09-01,Operations,1.87,4,True,False
47,2024-09-01,HR,2.83,7,False,False
48,2024-09-01,Operations,3.15,4,False,False
49,2024-09-01,Finance,3.6,1,False,False
50,2024-09-01,Finance,3.88,3,False,False
51,2024-09-01,Finance,3.39,0,False,False
52,2024-09-01,Engineering,3.02,3,False,False
53,2024-09-01,Sales,3.51,8,False,False
54,2024-09-01,HR,2.5,2,False,False
55,2024-09-01,HR,3.51,4,False,False
56,2024-09-01,Engineering,4.04,2,False,False
57,2024-09-01,HR,2.99,3,False,False
58,2024-09-01,Engineering,3.89,2,False,False
59,2024-09-01,Finance,3.77,1,False,False
60,2024-09-01,Finance,3.12,3,False,False
61,2024-09-01,Operations,3.43,4,False,False
62,2024-09-01,Finance,3.1,3,False,False
63,2024-09-01,Sales,3.23,2,False,False
64,2024-09-01,Operations,2.42,2,False,False
65,2024-09-01,HR,2.94,4,False,False
66,2024-09-01,Sales,2.55,7,False,False
67,2024-09-01,Operations,2.9,3,False,False
68,2024-09-01,Sales,2.35,5,False,False
69,2024-09-01,Engineering,3.88,2,False,False
70,2024-09-01,HR,2.67,2,False,False
71,2024-09-01,Finance,3.65,2,False,False
72,2024-09-01,Engineering,3.28,2,False,False
73,2024-09-01,HR,4.09,2,False,False
74,2024-09-01,Engineering,2.27,3,False,False
75,2024-09-01,Finance,3.45,5,False,False
76,2024-09-01,HR,2.97,6,False,False
77,2024-09-01,Sales,3.73,3,False,False
78,2024-09-01,Sales,3.08,2,False,False
79,2024-09-01,HR,3.36,5,False,False
80,2024-09-01,Finance,2.73,3,False,False
81,2024-09-01,Operations,3.38,2,False,False
82,2024-09-01,HR,3.31,2,False,False
83,2024-09-01,Engineering,3.47,1,False,False
84,2024-09-01,Operations,2.36,4,False,False
85,2024-09-01,Finance,3.08,3,False,False
86,2024-09-01,Finance,3.09,2,False,False
87,2024-09-01,Engineering,3.64,0,False,False
88,2024-09-01,Sales,3.46,1,False,False
89,2024-09-01,Finance,3.53,2,False,False
90,2024-09-01,Operations,3.3,6,False,False
91,2024-09-01,HR,2.91,2,False,False
92,2024-09-01,Operations,3.45,2,False,False
93,2024-09-01,Operations,1.98,2,False,False
94,2024-09-01,Sales,3.3,6,False,False
95,2024-09-01,Operations,2.94,7,False,False
96,2024-09-01,Sales,4.16,0,False,False
97,2024-09-01,Sales,4.73,2,False,False
98,2024-09-01,Finance,3.1,3,False,False
99,2024-09-01,Finance,4.18,2,False,False
100,2024-09-01,Engineering,3.4,1,False,False
101,2024-09-01,Operations,3.07,3,False,False
102,2024-09-01,Engineering,3.82,1,False,False
103,2024-09-01,Operations,3.43,0,False,False
104,2024-09-01,Engineering,3.08,4,False,False
105,2024-09-01,Finance,3.45,6,False,False
106,2024-09-01,Finance,2.67,2,False,False
107,2024-09-01,Finance,2.3,9,False,False
108,2024-09-01,Finance,3.5,1,False,False
109,2024-09-01,HR,3.48,1,False,False
110,2024-09-01,Finance,3.08,3,False,False
111,2024-09-01,Sales,3.47,2,False,False
112,2024-09-01,Finance,3.54,3,False,False
113,2024-09-01,HR,3.26,3,False,False
114,2024-09-01,HR,2.44,2,False,False
115,2024-09-01,HR,3.81,0,False,False
116,2024-09-01,HR,4.03,1,False,False
117,2024-09-01,Engineering,3.33,5,False,False
118,2024-09-01,Engineering,3.65,3,False,False
119,2024-09-01,Sales,3.22,0,False,False
120,2024-09-01,Engineering,3.64,2,False,False
121,2024-09-01,HR,3.26,3,False,False
122,2024-09-01,Finance,3.68,0,False,False
123,2024-09-01,Finance,2.97,1,False,False
124,2024-09-01,HR,2.46,4,False,False
125,2024-09-01,Operations,3.54,4,False,False
126,2024-09-01,HR,2.13,3,False,False
127,2024-09-01,Engineering,2.75,2,False,False
128,2024-09-01,Finance,3.53,3,False,False
129,2024-09-01,HR,3.51,2,False,False
130,2024-09-01,Finance,3.87,2,False,False
131,2024-09-01,HR,3.22,3,False,False
132,2024-09-01,HR,2.19,2,False,False
133,2024-09-01,Engineering,3.19,0,False,False
134,2024-09-01,HR,2.85,6,False,False
135,2024-09-01,Finance,2.79,3,False,False
136,2024-09-01,Sales,3.93,2,False,False
137,2024-09-01,Finance,2.81,3,False,False
138,2024-09-01,Engineering,3.25,2,False,False
139,2024-09-01,Sales,2.96,6,False,False
140,2024-09-01,HR,3.71,0,False,False
141,2024-09-01,Operations,3.31,5,False,False
142,2024-09-01,Sales,3.14,3,False,False
143,2024-09-01,Sales,3.27,3,False,False
144,2024-09-01,HR,3.05,2,False,False
145,2024-09-01,Operations,3.17,2,False,False
146,2024-09-01,Operations,3.79,1,False,False
147,2024-09-01,Engineering,3.33,3,False,False
148,2024-09-01,Sales,2.95,3,False,False
149,2024-09-01,Operations,2.41,2,False,False
150,2024-09-01,Engineering,3.41,3,False,False
151,2024-09-01,Operations,3.12,3,False,False
152,2024-09-01,Sales,2.81,6,False,False
153,2024-09-01,Operations,3.24,4,False,False
154,2024-09-01,Sales,3.34,1,False,False
155,2024-09-01,HR,3.85,1,False,False
156,2024-09-01,Finance,3.24,1,False,False
157,2024-09-01,Engineering,3.55,3,False,False
158,2024-09-01,HR,3.09,2,False,False
159,2024-09-01,HR,2.61,2,False,False
160,2024-09-01,Finance,3.86,2,False,False
161,2024-09-01,Operations,1.6,6,False,False
162,2024-09-01,Finance,2.62,1,False,False
163,2024-09-01,HR,2.26,5,False,False
164,2024-09-01,HR,2.69,3,False,False
165,2024-09-01,HR,3.51,1,False,False
166,2024-09-01,Operations,3.51,4,False,False
167,2024-09-01,Sales,2.87,2,False,False
168,2024-09-01,Engineering,4.22,4,False,False
169,2024-09-01,Sales,3.99,3,False,False
170,2024-09-01,Engineering,3.11,6,False,False
171,2024-09-01,Engineering,4.22,3,False,False
172,2024-09-01,Engineering,3.66,4,False,False
173,2024-09-01,Finance,2.91,4,False,False
174,2024-09-01,Finance,3.11,2,False,False
175,2024-09-01,Finance,3.35,3,False,False
176,2024-09-01,HR,3.12,1,False,False
177,2024-09-01,Finance,3.94,2,False,False
178,2024-09-01,Engineering,1.88,3,False,False
179,2024-09-01,Operations,2.37,2,False,False
180,2024-09-01,HR,2.78,2,False,False
181,2024-09-01,Operations,3.16,1,False,False
182,2024-09-01,Engineering,2.66,5,False,False
183,2024-09-01,HR,2.7,8,False,False
184,2024-09-01,Finance,3.45,3,False,False
185,2024-09-01,HR,2.09,4,False,False
186,2024-09-01,HR,4.36,3,False,False
187,2024-09-01,Engineering,4.14,1,False,False
188,2024-09-01,Sales,3.1,8,False,False
189,2024-09-01,Sales,2.76,2,False,False
190,2024-09-01,Sales,2.95,2,False,False
191,2024-09-01,Finance,2.88,3,False,False
192,2024-09-01,Finance,3.25,3,False,False
193,2024-09-01,Finance,3.24,4,False,False
194,2024-09-01,Sales,3.62,4,False,False
195,2024-09-01,Operations,1.61,4,False,False
196,2024-09-01,Engineering,2.9,4,False,False
197,2024-09-01,Sales,3.47,2,False,False
198,2024-09-01,Engineering,3.78,0,False,False
199,2024-09-01,Sales,2.89,2,False,False
200,2024-09-01,Operations,1.93,6,False,False
201,2024-09-01,Sales,3.61,6,False,False
202,2024-09-01,Operations,2.82,2,False,False
203,2024-09-01,HR,3.05,4,False,False
204,2024-09-01,Finance,2.85,5,False,False
205,2024-09-01,HR,1.83,6,False,False
206,2024-09-01,Sales,3.21,4,False,False
207,2024-09-01,Finance,2.96,5,False,False
208,2024-09-01,Operations,3.52,1,False,False
209,2024-09-01,Sales,2.97,1,False,False
210,2024-09-01,Finance,3.84,1,False,False
211,2024-09-01,Sales,3.86,0,False,False
212,2024-09-01,Finance,3.06,2,False,False
213,2024-09-01,Finance,3.61,2,False,False
214,2024-09-01,HR,4.06,1,False,False
215,2024-09-01,Finance,4.73,1,False,False
216,2024-09-01,Sales,2.88,4,False,False
217,2024-09-01,Engineering,2.77,1,False,False
218,2024-09-01,Engineering,4.07,2,False,False
219,2024-09-01,HR,2.21,4,False,False
220,2024-09-01,Operations,2.6,2,False,False
221,2024-09-01,Engineering,2.59,6,False,False
222,2024-09-01,HR,3.7,0,False,False
223,2024-09-01,Finance,3.52,6,False,False
224,2024-09-01,Sales,2.5,4,False,False
225,2024-09-01,Finance,3.14,3,False,False
226,2024-09-01,Sales,2.27,5,False,False
227,2024-09-01,Operations,2.93,2,False,False
228,2024-09-01,HR,3.7,3,False,False
229,2024-09-01,HR,3.2,1,False,False
230,2024-09-01,Engineering,3.96,2,False,False
231,2024-09-01,HR,3.12,2,False,False
232,2024-09-01,Operations,3.04,3,False,False
233,2024-09-01,Engineering,3.41,1,False,False
234,2024-09-01,Finance,2.13,5,False,False
235,2024-09-01,HR,2.11,4,False,False
236,2024-09-01,Finance,2.53,1,False,False
237,2024-09-01,Finance,2.38,6,False,False
238,2024-09-01,HR,2.34,1,False,False
239,2024-09-01,Sales,4.12,0,False,False
240,2024-09-01,Finance,3.56,1,False,False
241,2024-09-01,Engineering,4.32,4,False,False
242,2024-09-01,HR,3.38,1,False,False
243,2024-09-01,Engineering,3.7,3,False,False
244,2024-09-01,Finance,2.51,2,False,False
245,2024-09-01,Finance,3.91,2,False,False
246,2024-09-01,Engineering,3.54,3,False,False
247,2024-09-01,Finance,2.95,5,False,False
248,2024-09-01,HR,3.23,1,False,False
249,2024-09-01,Finance,3.2,3,False,False
250,2024-09-01,Engineering,2.51,3,False,False
251,2024-09-01,Engineering,3.43,4,False,False
252,2024-09-01,HR,2.08,6,False,False
253,2024-09-01,Engineering,2.83,6,False,False
254,2024-09-01,Sales,3.66,3,False,False
255,2024-09-01,Finance,2.82,2,False,False
256,2024-09-01,Engineering,3.41,1,False,False
257,2024-09-01,Finance,3.87,2,False,False
258,2024-09-01,Engineering,3.5,0,False,False
259,2024-09-01,Engineering,3.63,1,False,False
260,2024-09-01,HR,3.92,0,False,False
261,2024-09-01,Finance,2.6,3,False,False
262,2024-09-01,Engineering,4.1,3,False,False
263,2024-09-01,Sales,3.18,6,False,False
264,2024-09-01,Operations,3.96,2,False,False
265,2024-09-01,Operations,2.97,4,False,False
266,2024-09-01,HR,3.04,2,False,False
267,2024-09-01,HR,2.25,4,False,False
268,2024-09-01,Sales,3.02,6,False,False
269,2024-09-01,Finance,1.91,3,False,False
270,2024-09-01,HR,3.45,2,False,False
271,2024-09-01,Sales,4.03,2,False,False
272,2024-09-01,Engineering,3.46,3,False,False
273,2024-09-01,Engineering,3.18,8,False,False
274,2024-09-01,Operations,3.13,3,False,False
275,2024-09-01,HR,3.15,3,False,False
276,2024-09-01,HR,3.83,3,False,False
277,2024-09-01,HR,3.08,5,False,False
278,2024-09-01,Finance,3.7,3,False,False
279,2024-09-01,Engineering,2.78,2,False,False
280,2024-09-01,Engineering,4.31,3,False,False
281,2024-09-01,Sales,3.46,4,False,False
282,2024-09-01,HR,3.54,2,False,False
283,2024-09-01,Finance,2.6,4,False,False
284,2024-09-01,HR,2.64,2,False,False
285,2024-09-01,HR,2.7,6,False,False
286,2024-09-01,Operations,2.74,4,False,False
287,2024-09-01,Engineering,3.13,4,False,False
288,2024-09-01,HR,3.48,5,False,False
289,2024-09-01,HR,3.55,1,False,False
290,2024-09-01,HR,3.48,4,False,False
291,2024-09-01,Operations,3.42,2,False,False
292,2024-09-01,Sales,2.92,2,False,False
293,2024-09-01,Operations,3.6,2,False,False
294,2024-09-01,Sales,3.41,3,False,False
295,2024-09-01,HR,3.01,1,False,False
296,2024-09-01,HR,2.63,4,False,False
297,2024-09-01,Operations,4.45,2,False,False
298,2024-09-01,HR,3.25,5,False,False
299,2024-09-01,Sales,2.9,3,False,False
300,2024-09-01,Engineering,3.81,1,False,False
301,2024-09-01,Sales,1.7,9,False,False
302,2024-09-01,Operations,2.04,2,False,False
303,2024-09-01,Engineering,3.89,4,False,False
304,2024-09-01,Operations,3.46,0,False,False
305,2024-09-01,HR,3.57,2,False,False
306,2024-09-01,Engineering,3.14,4,False,False
307,2024-09-01,Sales,3.35,3,False,False
308,2024-09-01,HR,3.65,6,False,False
309,2024-09-01,Sales,3.45,1,False,False
310,2024-09-01,Engineering,4.24,2,False,False
311,2024-09-01,Finance,2.23,4,False,False
312,2024-09-01,Finance,3.5,3,False,False
313,2024-09-01,Engineering,2.3,6,False,False
314,2024-09-01,Sales,3.11,2,False,False
315,2024-09-01,Sales,3.9,0,False,False
316,2024-09-01,Finance,2.86,2,False,False
317,2024-09-01,Finance,2.52,4,False,False
318,2024-09-01,Finance,2.31,1,False,False
319,2024-09-01,Operations,2.57,1,False,False
320,2024-09-01,Finance,3.56,1,False,False
321,2024-09-01,Sales,1.66,3,False,False
322,2024-09-01,Engineering,3.87,2,False,False
323,2024-09-01,Finance,3.18,3,False,False
324,2024-09-01,Operations,3.29,4,False,False
325,2024-09-01,Operations,1.98,3,False,False
326,2024-09-01,Sales,2.16,3,False,False
327,2024-09-01,Sales,3.98,1,False,False
328,2024-09-01,Engineering,2.37,2,False,False
329,2024-09-01,Engineering,3.32,3,False,False
330,2024-09-01,HR,2.23,2,False,False
331,2024-09-01,HR,3.13,4,False,False
332,2024-09-01,Sales,2.4,3,False,False
333,2024-09-01,Sales,3.42,0,False,False
334,2024-09-01,Operations,3.1,2,False,False
335,2024-09-01,HR,4.28,1,False,False
336,2024-09-01,Operations,3.31,2,False,False
337,2024-09-01,Operations,3.6,2,False,False
338,2024-09-01,Sales,1.99,5,False,False
339,2024-09-01,Sales,3.34,1,False,False
340,2024-09-01,Operations,3.05,4,False,False
341,2024-09-01,Finance,2.82,8,False,False
342,2024-09-01,Sales,3.22,4,False,False
343,2024-09-01,Finance,2.94,3,False,False
344,2024-09-01,HR,2.61,5,False,False
345,2024-09-01,Operations,3.17,3,False,False
346,2024-09-01,Sales,2.67,2,False,False
347,2024-09-01,Operations,2.13,5,False,False
348,2024-09-01,Operations,2.65,4,False,False
349,2024-09-01,Engineering,3.79,2,False,False
350,2024-09-01,Engineering,2.72,3,False,False
351,2024-09-01,HR,3.03,6,False,False
352,2024-09-01,Engineering,3.91,2,False,False
353,2024-09-01,Sales,3.7,4,False,False
354,2024-09-01,HR,2.98,2,False,False
355,2024-09-01,Operations,3.7,5,False,False
356,2024-09-01,Operations,3.61,3,False,False
357,2024-09-01,Engineering,3.67,0,False,False
358,2024-09-01,Operations,4.25,1,False,False
359,2024-09-01,Engineering,3.34,3,False,False
360,2024-09-01,Finance,3.27,3,False,False
361,2024-09-01,Operations,3.79,2,False,False
362,2024-09-01,Operations,3.8,1,False,False
363,2024-09-01,Sales,2.46,7,False,False
364,2024-09-01,Operations,2.85,3,False,False
365,2024-09-01,Engineering,5.0,0,False,False
366,2024-09-01,HR,3.61,3,False,False
367,2024-09-01,HR,3.05,3,False,False
368,2024-09-01,Sales,3.86,2,False,False
369,2024-09-01,Engineering,3.3,2,False,False
370,2024-09-01,Finance,2.7,3,False,False
371,2024-09-01,Sales,3.34,1,False,False
372,2024-09-01,Finance,2.19,3,False,False
373,2024-09-01,HR,2.84,6,False,False
374,2024-09-01,Sales,3.72,3,False,False
375,2024-09-01,Operations,3.53,2,False,False
376,2024-09-01,Engineering,3.02,4,False,False
377,2024-09-01,Finance,3.08,2,False,False
378,2024-09-01,Finance,2.88,6,False,False
379,2024-09-01,Sales,3.19,5,False,False
380,2024-09-01,Sales,3.19,3,False,False
381,2024-09-01,Engineering,3.21,2,False,False
382,2024-09-01,Operations,2.58,5,False,False
383,2024-09-01,Operations,3.33,5,False,False
384,2024-09-01,Sales,2.69,3,False,False
385,2024-09-01,Engineering,4.2,3,False,False
386,2024-09-01,Engineering,3.02,3,False,False
387,2024-09-01,Engineering,3.59,1,False,False
388,2024-09-01,Operations,3.32,5,False,False
389,2024-09-01,Operations,3.27,1,False,False
390,2024-09-01,Engineering,2.26,5,False,False
391,2024-09-01,Finance,3.23,1,False,False
392,2024-09-01,Engineering,3.73,2,False,False
393,2024-09-01,Sales,2.18,6,False,False
394,2024-09-01,HR,3.36,1,False,False
395,2024-09-01,Finance,3.62,3,False,False
396,2024-09-01,Operations,3.71,3,False,False
397,2024-09-01,Engineering,3.18,5,False,False
398,2024-09-01,Engineering,3.01,1,False,False
399,2024-09-01,Sales,3.49,2,False,False
400,2024-09-01,Sales,3.81,3,False,False
401,2024-09-01,Operations,1.21,3,False,False
402,2024-09-01,Finance,2.54,3,False,False
403,2024-09-01,Sales,2.74,3,False,False
404,2024-09-01,Operations,2.55,6,True,False
405,2024-09-01,HR,2.92,4,False,False
406,2024-09-01,HR,3.94,4,False,False
407,2024-09-01,HR,2.25,5,False,False
408,2024-09-01,Engineering,3.11,3,False,False
409,2024-09-01,Operations,2.27,7,False,False
410,2024-09-01,Engineering,2.42,5,False,False
411,2024-09-01,Engineering,4.31,2,False,False
412,2024-09-01,Sales,2.43,3,False,False
413,2024-09-01,Sales,3.2,6,False,False
414,2024-09-01,Engineering,3.17,5,False,False
415,2024-09-01,Engineering,4.47,3,False,False
416,2024-09-01,Finance,3.42,1,False,False
417,2024-09-01,Operations,3.01,2,False,False
418,2024-09-01,Engineering,4.02,1,False,False
419,2024-09-01,Sales,2.01,1,False,False
420,2024-09-01,HR,3.58,3,False,False
421,2024-09-01,Operations,3.27,5,False,False
422,2024-09-01,Finance,3.11,4,False,False
423,2024-09-01,Finance,3.13,1,False,False
424,2024-09-01,HR,2.3,5,False,False
425,2024-09-01,HR,3.22,3,False,False
426,2024-09-01,Engineering,3.86,3,False,False
427,2024-09-01,Operations,3.5,3,False,False
428,2024-09-01,Operations,2.84,5,False,False
429,2024-09-01,Engineering,3.38,3,False,False
430,2024-09-01,Finance,3.09,3,False,False
431,2024-09-01,Engineering,4.4,2,False,False
432,2024-09-01,Finance,2.59,7,False,False
433,2024-09-01,Operations,3.54,4,False,False
434,2024-09-01,Engineering,4.46,1,False,False
435,2024-09-01,HR,2.46,2,False,False
436,2024-09-01,Engineering,4.93,1,False,False
437,2024-09-01,HR,3.24,5,False,False
438,2024-09-01,Operations,3.42,3,False,False
439,2024-09-01,Engineering,3.2,4,False,False
440,2024-09-01,Sales,3.05,6,False,False
441,2024-09-01,Operations,3.26,4,False,False
442,2024-09-01,Sales,3.3,0,False,False
443,2024-09-01,Engineering,4.46,2,False,False
444,2024-09-01,HR,3.03,5,False,False
445,2024-09-01,HR,2.31,4,False,False
446,2024-09-01,Finance,3.29,3,False,False
447,2024-09-01,Sales,4.06,1,False,False
448,2024-09-01,Operations,3.12,3,False,False
449,2024-09-01,HR,3.81,2,False,False
450,2024-09-01,Sales,2.79,4,False,False
451,2024-09-01,Operations,2.17,3,False,False
452,2024-09-01,Operations,2.71,7,False,False
453,2024-09-01,HR,2.29,8,False,False
454,2024-09-01,Engineering,3.51,4,False,False
455,2024-09-01,HR,3.2,4,False,False
456,2024-09-01,HR,3.2,3,False,False
457,2024-09-01,Engineering,1.81,3,False,False
458,2024-09-01,Finance,2.72,2,False,False
459,2024-09-01,Operations,4.18,1,False,False
460,2024-09-01,Engineering,3.04,6,False,False
461,2024-09-01,Finance,3.07,5,False,False
462,2024-09-01,Engineering,2.54,5,False,False
463,2024-09-01,Finance,4.2,2,False,False
464,2024-09-01,HR,2.77,4,False,False
465,2024-09-01,Engineering,4.07,1,False,False
466,2024-09-01,Operations,4.34,0,False,False
467,2024-09-01,Engineering,3.98,0,False,False
468,2024-09-01,HR,2.79,6,False,False
469,2024-09-01,Engineering,3.16,2,False,False
470,2024-09-01,Operations,2.37,6,False,False
471,2024-09-01,Finance,3.16,3,False,False
472,2024-09-01,Operations,2.95,2,False,False
473,2024-09-01,HR,2.85,3,False,False
474,2024-09-01,HR,3.78,5,False,False
475,2024-09-01,Finance,2.8,1,False,False
476,2024-09-01,Finance,4.01,3,False,False
477,2024-09-01,Operations,2.9,0,False,False
478,2024-09-01,Engineering,4.37,5,False,False
479,2024-09-01,Finance,3.24,3,False,False
480,2024-09-01,Engineering,4.37,1,False,False
481,2024-09-01,Sales,2.76,3,False,False
482,2024-09-01,Operations,2.88,4,False,False
483,2024-09-01,Sales,3.34,5,False,False
484,2024-09-01,Finance,3.91,6,False,False
485,2024-09-01,HR,2.97,3,False,False
486,2024-09-01,Sales,2.56,3,False,False
487,2024-09-01,Sales,2.62,3,False,False
488,2024-09-01,HR,2.12,5,False,False
489,2024-09-01,Finance,2.04,3,False,False
490,2024-09-01,Finance,3.38,3,False,False
491,2024-09-01,Operations,3.56,1,False,False
492,2024-09-01,Operations,3.09,5,False,False
493,2024-09-01,Finance,1.83,3,False,False
494,2024-09-01,Finance,3.05,4,False,False
495,2024-09-01,Sales,3.27,1,False,False
496,2024-09-01,HR,4.31,2,False,False
497,2024-09-01,Engineering,2.67,1,False,False
498,2024-09-01,Sales,2.84,5,False,False
499,2024-09-01,Operations,4.27,1,False,False
500,2024-09-01,HR,3.35,2,False,False
1,2024-10-01,Engineering,2.41,2,False,False
2,2024-10-01,Finance,3.46,1,False,False
3,2024-10-01,Finance,3.98,1,False,False
4,2024-10-01,HR,3.62,0,False,False
5,2024-10-01,HR,3.03,3,False,False
6,2024-10-01,Operations,2.34,5,False,False
7,2024-10-01,Engineering,3.46,1,False,False
8,2024-10-01,Finance,2.68,1,False,False
9,2024-10-01,Sales,2.74,4,False,False
10,2024-10-01,Engineering,3.59,1,False,False
11,2024-10-01,HR,4.29,4,False,False
12,2024-10-01,Operations,4.08,0,False,False
13,2024-10-01,Finance,4.33,3,False,False
14,2024-10-01,Finance,3.48,1,False,False
15,2024-10-01,Finance,3.89,5,False,False
16,2024-10-01,Finance,3.25,3,False,False
17,2024-10-01,HR,3.38,3,False,False
18,2024-10-01,Engineering,2.76,4,False,False
19,2024-10-01,Operations,3.41,3,False,False
20,2024-10-01,HR,3.28,5,False,False
21,2024-10-01,HR,2.51,3,False,False
22,2024-10-01,Sales,2.65,4,False,False
23,2024-10-01,Engineering,3.37,1,False,False
24,2024-10-01,Operations,3.15,3,False,False
25,2024-10-01,Finance,3.21,3,False,False
26,2024-10-01,Finance,3.62,3,False,False
27,2024-10-01,HR,3.21,1,False,False
28,2024-10-01,Operations,3.28,3,False,False
29,2024-10-01,HR,3.78,4,False,False
30,2024-10-01,HR,2.82,2,False,False
31,2024-10-01,HR,3.99,2,False,False
32,2024-10-01,Sales,2.69,4,False,False
33,2024-10-01,Engineering,2.15,4,False,False
34,2024-10-01,HR,2.44,3,False,False
35,2024-10-01,Operations,2.94,4,False,False
36,2024-10-01,Engineering,2.98,2,False,False
37,2024-10-01,Operations,2.88,4,False,False
38,2024-10-01,Operations,2.5,4,False,False
39,2024-10-01,Sales,3.39,4,False,False
40,2024-10-01,Finance,2.88,3,False,False
41,2024-10-01,Engineering,3.8,1,False,False
42,2024-10-01,Finance,2.96,2,False,False
43,2024-10-01,Finance,3.17,3,False,False
44,2024-10-01,Sales,1.83,4,False,False
45,2024-10-01,Engineering,3.52,2,False,False
46,2024-10-01,Operations,1.63,5,False,False
47,2024-10-01,HR,2.97,2,False,False
48,2024-10-01,Operations,3.28,2,False,False
49,2024-10-01,Finance,3.87,0,False,False
50,2024-10-01,Finance,4.01,2,False,False
51,2024-10-01,Finance,3.76,2,False,False
52,2024-10-01,Engineering,2.95,3,False,False
53,2024-10-01,Sales,3.71,2,False,False
54,2024-10-01,HR,2.4,3,False,False
55,2024-10-01,HR,3.41,1,False,False
56,2024-10-01,Engineering,3.97,1,False,False
57,2024-10-01,HR,3.06,2,False,False
58,2024-10-01,Engineering,3.81,0,False,False
59,2024-10-01,Finance,3.8,1,False,False
60,2024-10-01,Finance,3.08,1,False,False
61,2024-10-01,Operations,3.64,8,False,False
62,2024-10-01,Finance,3.16,4,False,False
63,2024-10-01,Sales,3.18,2,False,False
64,2024-10-01,Operations,2.21,6,False,False
65,2024-10-01,HR,2.88,4,False,False
66,2024-10-01,Sales,2.72,3,False,False
67,2024-10-01,Operations,3.02,2,False,False
68,2024-10-01,Sales,2.45,5,False,False
69,2024-10-01,Engineering,3.68,1,False,False
70,2024-10-01,HR,2.58,3,False,False
71,2024-10-01,Finance,3.91,3,False,False
72,2024-10-01,Engineering,3.4,4,False,False
73,2024-10-01,HR,4.19,2,False,False
74,2024-10-01,Engineering,2.15,4,False,False
75,2024-10-01,Finance,3.39,2,False,False
76,2024-10-01,HR,2.85,6,False,False
77,2024-10-01,Sales,3.87,0,False,False
78,2024-10-01,Sales,3.26,3,False,False
79,2024-10-01,HR,3.62,0,False,False
80,2024-10-01,Finance,2.65,2,False,False
81,2024-10-01,Operations,3.66,4,False,False
82,2024-10-01,HR,3.08,2,False,False
83,2024-10-01,Engineering,3.44,2,False,False
84,2024-10-01,Operations,2.27,2,False,False
85,2024-10-01,Finance,3.05,1,False,False
86,2024-10-01,Finance,3.22,3,False,False
87,2024-10-01,Engineering,3.64,2,False,False
88,2024-10-01,Sales,3.69,2,False,False
89,2024-10-01,Finance,3.56,1,False,False
90,2024-10-01,Operations,3.21,2,False,False
91,2024-10-01,HR,2.81,3,False,False
92,2024-10-01,Operations,3.42,4,False,False
93,2024-10-01,Operations,1.87,2,False,False
94,2024-10-01,Sales,3.08,3,False,False
95,2024-10-01,Operations,3.06,3,False,False
96,2024-10-01,Sales,4.25,4,False,False
97,2024-10-01,Sales,4.71,2,False,False
98,2024-10-01,Finance,3.26,3,False,False
99,2024-10-01,Finance,4.16,1,False,False
100,2024-10-01,Engineering,3.53,2,False,False
101,2024-10-01,Operations,2.86,2,False,False
102,2024-10-01,Engineering,3.74,4,False,False
103,2024-10-01,Operations,3.27,4,False,False
104,2024-10-01,Engineering,3.15,2,False,False
105,2024-10-01,Finance,3.66,0,False,False
106,2024-10-01,Finance,2.48,1,False,False
107,2024-10-01,Finance,2.09,1,False,False
108,2024-10-01,Finance,3.63,1,False,False
109,2024-10-01,HR,3.51,0,False,False
110,2024-10-01,Finance,3.16,5,False,False
111,2024-10-01,Sales,3.61,2,False,False
112,2024-10-01,Finance,3.54,1,False,False
113,2024-10-01,HR,3.35,2,False,False
114,2024-10-01,HR,2.7,4,False,False
115,2024-10-01,HR,3.74,1,False,False
116,2024-10-01,HR,3.91,4,False,False
117,2024-10-01,Engineering,3.36,0,False,False
118,2024-10-01,Engineering,3.46,2,False,False
119,2024-10-01,Sales,3.16,1,False,False
120,2024-10-01,Engineering,3.33,2,False,False
121,2024-10-01,HR,3.19,2,False,False
122,2024-10-01,Finance,3.59,2,False,False
123,2024-10-01,Finance,3.15,3,False,False
124,2024-10-01,HR,2.38,6,False,False
125,2024-10-01,Operations,3.7,1,False,False
126,2024-10-01,HR,2.11,5,False,False
127,2024-10-01,Engineering,2.82,7,False,False
128,2024-10-01,Finance,3.83,3,False,False
129,2024-10-01,HR,3.4,0,False,False
130,2024-10-01,Finance,3.7,2,False,False
131,2024-10-01,HR,3.13,2,False,False
132,2024-10-01,HR,2.31,5,False,False
133,2024-10-01,Engineering,3.15,2,False,False
134,2024-10-01,HR,3.14,4,False,False
135,2024-10-01,Finance,2.83,3,False,False
136,2024-10-01,Sales,3.96,3,False,False
137,2024-10-01,Finance,2.87,3,False,False
138,2024-10-01,Engineering,3.5,2,False,False
139,2024-10-01,Sales,3.06,1,False,False
140,2024-10-01,HR,3.67,3,False,False
141,2024-10-01,Operations,3.34,2,False,False
142,2024-10-01,Sales,3.12,2,False,False
143,2024-10-01,Sales,3.44,4,False,False
144,2024-10-01,HR,2.89,3,False,False
145,2024-10-01,Operations,3.22,1,False,False
146,2024-10-01,Operations,3.86,1,False,False
147,2024-10-01,Engineering,3.42,1,False,False
148,2024-10-01,Sales,3.07,0,False,False
149,2024-10-01,Operations,2.25,1,False,False
150,2024-10-01,Engineering,3.29,4,False,False
151,2024-10-01,Operations,2.99,6,False,False
152,2024-10-01,Sales,2.86,2,False,False
153,2024-10-01,Operations,3.5,3,False,False
154,2024-10-01,Sales,3.41,4,False,False
155,2024-10-01,HR,3.78,6,False,False
156,2024-10-01,Finance,3.18,3,False,False
157,2024-10-01,Engineering,3.56,1,False,False
158,2024-10-01,HR,2.95,4,False,False
159,2024-10-01,HR,2.72,3,False,False
160,2024-10-01,Finance,3.88,0,False,False
161,2024-10-01,Operations,1.71,6,False,False
162,2024-10-01,Finance,2.51,2,False,False
163,2024-10-01,HR,2.11,6,False,False
164,2024-10-01,HR,2.78,3,False,False
165,2024-10-01,HR,3.38,2,False,False
166,2024-10-01,Operations,3.46,2,False,False
167,2024-10-01,Sales,2.81,3,False,False
168,2024-10-01,Engineering,4.18,0,False,False
169,2024-10-01,Sales,3.96,3,False,False
170,2024-10-01,Engineering,3.26,2,False,False
171,2024-10-01,Engineering,4.3,1,False,False
172,2024-10-01,Engineering,3.84,3,False,False
173,2024-10-01,Finance,3.03,5,False,False
174,2024-10-01,Finance,3.19,2,False,False
175,2024-10-01,Finance,3.5,2,False,False
176,2024-10-01,HR,3.23,5,False,False
177,2024-10-01,Finance,3.86,0,False,False
178,2024-10-01,Engineering,1.67,5,False,False
179,2024-10-01,Operations,2.3,2,False,False
180,2024-10-01,HR,2.84,4,False,False
181,2024-10-01,Operations,3.21,3,False,False
182,2024-10-01,Engineering,2.88,6,False,False
183,2024-10-01,HR,2.67,1,False,False
184,2024-10-01,Finance,3.24,3,False,False
185,2024-10-01,HR,2.22,3,False,False
186,2024-10-01,HR,4.58,2,False,False
187,2024-10-01,Engineering,4.3,3,False,False
188,2024-10-01,Sales,2.93,4,False,False
189,2024-10-01,Sales,2.71,2,False,False
190,2024-10-01,Sales,2.69,6,False,False
191,2024-10-01,Finance,2.81,1,False,False
192,2024-10-01,Finance,3.33,4,False,False
193,2024-10-01,Finance,3.06,1,False,False
194,2024-10-01,Sales,3.76,2,False,False
195,2024-10-01,Operations,2.04,7,False,False
196,2024-10-01,Engineering,2.94,1,False,False
197,2024-10-01,Sales,3.32,5,False,False
198,2024-10-01,Engineering,3.65,2,False,False
199,2024-10-01,Sales,2.94,4,False,False
200,2024-10-01,Operations,2.03,5,False,False
201,2024-10-01,Sales,3.48,5,False,False
202,2024-10-01,Operations,3.0,2,False,False
203,2024-10-01,HR,2.9,4,False,False
204,2024-10-01,Finance,2.96,4,False,False
205,2024-10-01,HR,2.01,2,False,False
206,2024-10-01,Sales,2.96,2,False,False
207,2024-10-01,Finance,3.06,2,False,False
208,2024-10-01,Operations,3.41,4,False,False
209,2024-10-01,Sales,3.18,1,False,False
210,2024-10-01,Finance,3.95,3,False,False
211,2024-10-01,Sales,4.07,0,False,False
212,2024-10-01,Finance,3.12,1,False,False
213,2024-10-01,Finance,3.74,0,False,False
214,2024-10-01,HR,4.3,1,False,False
215,2024-10-01,Finance,4.49,2,False,False
216,2024-10-01,Sales,2.57,4,False,False
217,2024-10-01,Engineering,2.93,3,False,False
218,2024-10-01,Engineering,4.09,2,False,False
219,2024-10-01,HR,2.31,1,False,False
220,2024-10-01,Operations,2.43,6,False,False
221,2024-10-01,Engineering,2.68,4,False,False
222,2024-10-01,HR,3.71,4,False,False
223,2024-10-01,Finance,3.48,2,False,False
224,2024-10-01,Sales,2.6,6,False,False
225,2024-10-01,Finance,3.21,3,False,False
226,2024-10-01,Sales,2.63,3,False,False
227,2024-10-01,Operations,3.05,1,False,False
228,2024-10-01,HR,3.85,2,False,False
229,2024-10-01,HR,3.2,4,False,False
230,2024-10-01,Engineering,4.06,1,False,False
231,2024-10-01,HR,3.15,4,False,False
232,2024-10-01,Operations,2.89,2,False,False
233,2024-10-01,Engineering,3.62,4,False,False
234,2024-10-01,Finance,2.29,4,False,False
235,2024-10-01,HR,1.98,3,False,False
236,2024-10-01,Finance,2.42,4,False,False
237,2024-10-01,Finance,2.44,2,False,False
238,2024-10-01,HR,2.32,3,False,False
239,2024-10-01,Sales,3.86,1,False,False
240,2024-10-01,Finance,3.47,1,False,False
241,2024-10-01,Engineering,4.49,0,False,False
242,2024-10-01,HR,3.32,4,False,False
243,2024-10-01,Engineering,3.78,1,False,False
244,2024-10-01,Finance,2.43,8,False,False
245,2024-10-01,Finance,3.74,2,False,False
246,2024-10-01,Engineering,3.6,2,False,False
247,2024-10-01,Finance,2.84,7,False,False
248,2024-10-01,HR,3.3,0,False,False
249,2024-10-01,Finance,3.09,1,False,False
250,2024-10-01,Engineering,2.79,4,False,False
251,2024-10-01,Engineering,3.34,3,False,False
252,2024-10-01,HR,2.17,1,False,False
253,2024-10-01,Engineering,2.86,5,True,False
254,2024-10-01,Sales,3.95,1,False,False
255,2024-10-01,Finance,2.84,6,False,False
256,2024-10-01,Engineering,3.4,0,False,False
257,2024-10-01,Finance,3.58,3,False,False
258,2024-10-01,Engineering,3.57,2,False,False
259,2024-10-01,Engineering,3.56,0,False,False
260,2024-10-01,HR,4.01,2,False,False
261,2024-10-01,Finance,2.53,3,False,False
262,2024-10-01,Engineering,4.13,1,False,False
263,2024-10-01,Sales,3.28,2,False,False
264,2024-10-01,Operations,3.99,3,False,False
265,2024-10-01,Operations,3.06,1,False,False
266,2024-10-01,HR,3.29,5,False,False
267,2024-10-01,HR,2.06,2,False,False
268,2024-10-01,Sales,3.08,3,False,False
269,2024-10-01,Finance,1.74,4,False,False
270,2024-10-01,HR,3.29,3,False,False
271,2024-10-01,Sales,4.06,1,False,False
272,2024-10-01,Engineering,3.41,1,False,False
273,2024-10-01,Engineering,3.12,0,False,False
274,2024-10-01,Operations,2.93,2,False,False
275,2024-10-01,HR,3.16,2,False,False
276,2024-10-01,HR,3.83,2,False,False
277,2024-10-01,HR,2.82,3,False,False
278,2024-10-01,Finance,3.68,0,False,False
279,2024-10-01,Engineering,2.9,1,False,False
280,2024-10-01,Engineering,4.26,4,False,False
281,2024-10-01,Sales,3.77,0,False,False
282,2024-10-01,HR,3.44,2,False,False
283,2024-10-01,Finance,2.66,4,False,False
284,2024-10-01,HR,2.74,3,False,False
285,2024-10-01,HR,2.97,1,False,False
286,2024-10-01,Operations,2.8,2,False,False
287,2024-10-01,Engineering,3.09,2,False,False
288,2024-10-01,HR,3.41,2,False,False
289,2024-10-01,HR,3.4,1,False,False
290,2024-10-01,HR,3.42,1,False,False
291,2024-10-01,Operations,3.56,3,False,False
292,2024-10-01,Sales,2.96,3,False,False
293,2024-10-01,Operations,3.5,1,False,False
294,2024-10-01,Sales,2.97,3,False,False
295,2024-10-01,HR,3.02,5,False,False
296,2024-10-01,HR,2.51,5,False,False
297,2024-10-01,Operations,4.21,2,False,False
298,2024-10-01,HR,3.2,2,False,False
299,2024-10-01,Sales,2.76,1,False,False
300,2024-10-01,Engineering,3.8,2,False,False
301,2024-10-01,Sales,1.49,2,True,False
302,2024-10-01,Operations,1.97,2,False,False
303,2024-10-01,Engineering,3.75,3,False,False
304,2024-10-01,Operations,3.65,1,False,False
305,2024-10-01,HR,3.51,2,False,False
306,2024-10-01,Engineering,3.01,2,False,False
307,2024-10-01,Sales,3.24,1,False,False
308,2024-10-01,HR,3.62,3,False,False
309,2024-10-01,Sales,3.55,4,False,False
310,2024-10-01,Engineering,4.13,0,False,False
311,2024-10-01,Finance,2.45,1,False,False
312,2024-10-01,Finance,3.46,3,False,False
313,2024-10-01,Engineering,2.48,5,False,False
314,2024-10-01,Sales,2.8,4,False,False
315,2024-10-01,Sales,3.83,3,False,False
316,2024-10-01,Finance,2.97,2,False,False
317,2024-10-01,Finance,2.63,0,False,False
318,2024-10-01,Finance,2.08,6,False,False
319,2024-10-01,Operations,2.86,3,False,False
320,2024-10-01,Finance,3.85,0,False,False
321,2024-10-01,Sales,1.56,2,False,False
322,2024-10-01,Engineering,3.9,3,False,False
323,2024-10-01,Finance,3.08,5,False,False
324,2024-10-01,Operations,3.26,4,False,False
325,2024-10-01,Operations,1.95,7,False,False
326,2024-10-01,Sales,2.35,1,False,False
327,2024-10-01,Sales,3.9,1,False,False
328,2024-10-01,Engineering,2.26,4,False,False
329,2024-10-01,Engineering,3.55,3,False,False
330,2024-10-01,HR,2.02,5,False,False
331,2024-10-01,HR,3.06,2,False,False
332,2024-10-01,Sales,2.49,3,False,False
333,2024-10-01,Sales,3.36,0,False,False
334,2024-10-01,Operations,2.94,2,False,False
335,2024-10-01,HR,4.43,0,False,False
336,2024-10-01,Operations,3.37,2,False,False
337,2024-10-01,Operations,3.54,3,False,False
338,2024-10-01,Sales,2.15,3,False,False
339,2024-10-01,Sales,3.11,2,False,False
340,2024-10-01,Operations,3.04,3,False,False
341,2024-10-01,Finance,2.96,3,False,False
342,2024-10-01,Sales,3.38,4,False,False
343,2024-10-01,Finance,2.69,5,False,False
344,2024-10-01,HR,2.59,4,False,False
345,2024-10-01,Operations,3.06,2,False,False
346,2024-10-01,Sales,2.79,4,False,False
347,2024-10-01,Operations,1.89,5,False,False
348,2024-10-01,Operations,2.62,3,False,False
349,2024-10-01,Engineering,3.83,0,False,False
350,2024-10-01,Engineering,2.6,3,False,False
351,2024-10-01,HR,3.12,1,False,False
352,2024-10-01,Engineering,4.03,1,False,False
353,2024-10-01,Sales,3.55,2,False,False
354,2024-10-01,HR,3.04,2,False,False
355,2024-10-01,Operations,3.74,2,False,False
356,2024-10-01,Operations,3.59,0,False,False
357,2024-10-01,Engineering,3.46,3,False,False
358,2024-10-01,Operations,4.01,2,False,False
359,2024-10-01,Engineering,3.47,5,False,False
360,2024-10-01,Finance,3.05,3,False,False
361,2024-10-01,Operations,3.73,5,False,False
362,2024-10-01,Operations,3.82,2,False,False
363,2024-10-01,Sales,2.51,2,False,False
364,2024-10-01,Operations,2.96,4,False,False
365,2024-10-01,Engineering,4.77,1,False,False
366,2024-10-01,HR,3.73,2,False,False
367,2024-10-01,HR,2.97,2,False,False
368,2024-10-01,Sales,3.67,3,False,False
369,2024-10-01,Engineering,3.41,1,False,False
370,2024-10-01,Finance,2.68,3,False,False
371,2024-10-01,Sales,3.43,2,False,False
372,2024-10-01,Finance,2.17,0,False,False
373,2024-10-01,HR,2.7,3,False,False
374,2024-10-01,Sales,3.71,3,False,False
375,2024-10-01,Operations,3.56,3,False,False
376,2024-10-01,Engineering,3.19,3,False,False
377,2024-10-01,Finance,2.88,6,False,False
378,2024-10-01,Finance,3.17,5,False,False
379,2024-10-01,Sales,3.09,1,False,False
380,2024-10-01,Sales,2.96,2,False,False
381,2024-10-01,Engineering,3.34,1,False,False
382,2024-10-01,Operations,2.45,4,False,False
383,2024-10-01,Operations,3.43,3,False,False
384,2024-10-01,Sales,2.52,4,False,False
385,2024-10-01,Engineering,3.98,3,False,False
386,2024-10-01,Engineering,3.0,0,False,False
387,2024-10-01,Engineering,3.38,2,False,False
388,2024-10-01,Operations,3.36,4,False,False
389,2024-10-01,Operations,2.99,4,False,False
390,2024-10-01,Engineering,2.35,7,False,False
391,2024-10-01,Finance,3.28,3,False,False
392,2024-10-01,Engineering,3.98,2,False,False
393,2024-10-01,Sales,2.55,5,False,False
394,2024-10-01,HR,3.45,4,False,False
395,2024-10-01,Finance,3.56,1,False,False
396,2024-10-01,Operations,3.55,3,False,False
397,2024-10-01,Engineering,3.61,3,False,False
398,2024-10-01,Engineering,3.01,2,False,False
399,2024-10-01,Sales,3.38,5,False,False
400,2024-10-01,Sales,3.84,4,False,False
401,2024-10-01,Operations,1.24,4,False,False
402,2024-10-01,Finance,2.71,4,False,False
403,2024-10-01,Sales,2.71,3,False,False
404,2024-10-01,Operations,2.61,4,False,False
405,2024-10-01,HR,3.27,1,False,False
406,2024-10-01,HR,4.06,1,False,False
407,2024-10-01,HR,2.45,5,False,False
408,2024-10-01,Engineering,3.25,2,False,False
409,2024-10-01,Operations,2.43,4,False,False
410,2024-10-01,Engineering,2.56,3,False,False
411,2024-10-01,Engineering,4.31,1,False,False
412,2024-10-01,Sales,2.57,5,False,False
413,2024-10-01,Sales,3.38,3,False,False
414,2024-10-01,Engineering,2.95,1,False,False
415,2024-10-01,Engineering,4.51,0,False,False
416,2024-10-01,Finance,3.33,0,False,False
417,2024-10-01,Operations,3.13,4,False,False
418,2024-10-01,Engineering,3.95,1,False,False
419,2024-10-01,Sales,2.28,4,False,False
420,2024-10-01,HR,3.7,3,False,False
421,2024-10-01,Operations,2.99,1,False,False
422,2024-10-01,Finance,3.11,0,False,False
423,2024-10-01,Finance,3.02,2,False,False
424,2024-10-01,HR,2.2,1,False,False
425,2024-10-01,HR,3.11,4,False,False
426,2024-10-01,Engineering,3.93,2,False,False
427,2024-10-01,Operations,3.26,4,False,False
428,2024-10-01,Operations,2.96,6,False,False
429,2024-10-01,Engineering,3.52,5,False,False
430,2024-10-01,Finance,2.92,4,False,False
431,2024-10-01,Engineering,4.59,2,False,False
432,2024-10-01,Finance,2.67,4,False,False
433,2024-10-01,Operations,3.42,1,False,False
434,2024-10-01,Engineering,4.47,2,False,False
435,2024-10-01,HR,2.76,3,False,False
436,2024-10-01,Engineering,4.93,2,False,False
437,2024-10-01,HR,3.2,3,False,False
438,2024-10-01,Operations,3.34,7,False,False
439,2024-10-01,Engineering,3.24,0,False,False
440,2024-10-01,Sales,3.07,3,False,False
441,2024-10-01,Operations,3.29,4,False,False
442,2024-10-01,Sales,3.29,3,False,False
443,2024-10-01,Engineering,4.56,1,False,False
444,2024-10-01,HR,3.2,6,False,False
445,2024-10-01,HR,2.2,2,False,False
446,2024-10-01,Finance,3.33,4,False,False
447,2024-10-01,Sales,4.11,1,False,False
448,2024-10-01,Operations,3.03,1,False,False
449,2024-10-01,HR,3.72,6,False,False
450,2024-10-01,Sales,3.12,6,False,False
451,2024-10-01,Operations,2.33,4,False,False
452,2024-10-01,Operations,2.42,3,False,False
453,2024-10-01,HR,2.4,1,False,False
454,2024-10-01,Engineering,3.37,3,False,False
455,2024-10-01,HR,3.45,0,False,False
456,2024-10-01,HR,2.81,4,False,False
457,2024-10-01,Engineering,1.95,2,False,False
458,2024-10-01,Finance,2.78,2,False,False
459,2024-10-01,Operations,4.23,1,False,False
460,2024-10-01,Engineering,2.71,3,False,False
461,2024-10-01,Finance,2.94,3,False,False
462,2024-10-01,Engineering,2.66,4,False,False
463,2024-10-01,Finance,4.37,0,False,False
464,2024-10-01,HR,2.71,5,False,False
465,2024-10-01,Engineering,4.0,4,False,False
466,2024-10-01,Operations,4.33,1,False,False
467,2024-10-01,Engineering,4.02,2,False,False
468,2024-10-01,HR,2.76,3,False,False
469,2024-10-01,Engineering,3.18,3,False,False
470,2024-10-01,Operations,2.3,6,False,False
471,2024-10-01,Finance,3.21,3,False,False
472,2024-10-01,Operations,2.98,7,False,False
473,2024-10-01,HR,2.61,2,False,False
474,2024-10-01,HR,3.7,4,False,False
475,2024-10-01,Finance,2.96,3,False,False
476,2024-10-01,Finance,4.01,2,False,False
477,2024-10-01,Operations,2.83,3,False,False
478,2024-10-01,Engineering,4.39,1,False,False
479,2024-10-01,Finance,3.2,4,False,False
480,2024-10-01,Engineering,4.06,1,False,False
481,2024-10-01,Sales,2.74,2,False,False
482,2024-10-01,Operations,2.84,3,False,False
483,2024-10-01,Sales,3.35,2,False,False
484,2024-10-01,Finance,3.77,3,False,False
485,2024-10-01,HR,3.04,5,False,False
486,2024-10-01,Sales,2.6,3,False,False
487,2024-10-01,Sales,2.66,3,False,False
488,2024-10-01,HR,2.22,5,False,False
489,2024-10-01,Finance,2.0,5,False,False
490,2024-10-01,Finance,3.65,4,False,False
491,2024-10-01,Operations,3.55,5,False,False
492,2024-10-01,Operations,3.13,4,False,False
493,2024-10-01,Finance,1.72,9,False,False
494,2024-10-01,Finance,2.92,2,False,False
495,2024-10-01,Sales,2.92,6,False,False
496,2024-10-01,HR,4.29,0,False,False
497,2024-10-01,Engineering,2.7,1,False,False
498,2024-10-01,Sales,2.69,4,False,False
499,2024-10-01,Operations,4.48,1,False,False
500,2024-10-01,HR,3.36,4,False,False
1,2024-11-01,Engineering,2.39,4,False,False
2,2024-11-01,Finance,3.34,5,False,False
3,2024-11-01,Finance,4.07,1,False,False
4,2024-11-01,HR,3.5,2,False,False
5,2024-11-01,HR,3.35,4,False,False
6,2024-11-01,Operations,2.2,2,False,False
7,2024-11-01,Engineering,3.48,1,False,False
8,2024-11-01,Finance,2.71,0,False,False
9,2024-11-01,Sales,2.81,1,False,False
10,2024-11-01,Engineering,3.41,4,False,False
11,2024-11-01,HR,4.31,2,False,False
12,2024-11-01,Operations,4.24,1,False,False
13,2024-11-01,Finance,4.07,2,False,False
14,2024-11-01,Finance,3.39,5,False,False
15,2024-11-01,Finance,3.96,4,True,False
16,2024-11-01,Finance,3.04,5,False,False
17,2024-11-01,HR,3.43,2,False,False
18,2024-11-01,Engineering,2.93,4,False,False
19,2024-11-01,Operations,3.59,3,False,False
20,2024-11-01,HR,3.02,3,False,False
21,2024-11-01,HR,2.74,8,False,False
22,2024-11-01,Sales,2.46,3,False,False
23,2024-11-01,Engineering,3.45,0,False,False
24,2024-11-01,Operations,3.56,1,False,False
25,2024-11-01,Finance,3.18,3,False,False
26,2024-11-01,Finance,3.44,2,False,False
27,2024-11-01,HR,3.23,5,False,False
28,2024-11-01,Operations,3.0,0,False,False
29,2024-11-01,HR,3.63,0,False,False
30,2024-11-01,HR,2.78,2,False,False
31,2024-11-01,HR,3.92,4,False,False
32,2024-11-01,Sales,2.62,2,False,False
33,2024-11-01,Engineering,2.04,5,False,False
34,2024-11-01,HR,2.48,3,False,False
35,2024-11-01,Operations,2.57,1,False,False
36,2024-11-01,Engineering,2.88,2,False,False
37,2024-11-01,Operations,3.02,5,False,False
38,2024-11-01,Operations,2.59,4,False,False
39,2024-11-01,Sales,3.82,3,False,False
40,2024-11-01,Finance,2.76,3,False,False
41,2024-11-01,Engineering,3.73,3,False,False
42,2024-11-01,Finance,2.97,4,False,False
43,2024-11-01,Finance,3.19,2,False,False
44,2024-11-01,Sales,1.94,5,False,False
45,2024-11-01,Engineering,3.57,0,False,False
46,2024-11-01,Operations,1.64,3,False,False
47,2024-11-01,HR,3.08,6,False,False
48,2024-11-01,Operations,3.24,4,False,False
49,2024-11-01,Finance,4.0,2,False,False
50,2024-11-01,Finance,4.02,0,False,False
51,2024-11-01,Finance,3.67,3,False,False
52,2024-11-01,Engineering,3.0,9,False,False
53,2024-11-01,Sales,3.67,3,False,False
54,2024-11-01,HR,2.69,3,False,False
55,2024-11-01,HR,3.47,0,False,False
56,2024-11-01,Engineering,3.85,3,False,False
57,2024-11-01,HR,3.17,3,False,False
58,2024-11-01,Engineering,3.83,1,False,False
59,2024-11-01,Finance,3.74,3,False,False
60,2024-11-01,Finance,2.98,2,False,False
61,2024-11-01,Operations,3.45,0,False,False
62,2024-11-01,Finance,3.01,2,False,False
63,2024-11-01,Sales,3.15,2,False,False
64,2024-11-01,Operations,2.44,3,False,False
65,2024-11-01,HR,2.89,1,False,False
66,2024-11-01,Sales,2.66,5,False,False
67,2024-11-01,Operations,2.96,3,False,False
68,2024-11-01,Sales,2.52,2,False,False
69,2024-11-01,Engineering,3.71,3,False,False
70,2024-11-01,HR,2.46,4,False,False
71,2024-11-01,Finance,3.52,4,False,False
72,2024-11-01,Engineering,3.15,5,False,False
73,2024-11-01,HR,4.14,1,False,False
74,2024-11-01,Engineering,2.01,3,True,False
75,2024-11-01,Finance,3.46,4,False,False
76,2024-11-01,HR,3.15,2,False,False
77,2024-11-01,Sales,3.78,1,False,False
78,2024-11-01,Sales,3.02,5,False,False
79,2024-11-01,HR,3.51,1,False,False
80,2024-11-01,Finance,2.88,6,False,False
81,2024-11-01,Operations,3.42,2,False,False
82,2024-11-01,HR,3.23,1,False,False
83,2024-11-01,Engineering,3.3,0,False,False
84,2024-11-01,Operations,2.3,4,False,False
85,2024-11-01,Finance,3.09,2,False,False
86,2024-11-01,Finance,3.05,4,False,False
87,2024-11-01,Engineering,3.67,2,False,False
88,2024-11-01,Sales,3.49,1,False,False
89,2024-11-01,Finance,3.48,5,False,False
90,2024-11-01,Operations,3.3,3,False,False
91,2024-11-01,HR,2.85,7,False,False
92,2024-11-01,Operations,3.62,2,False,False
93,2024-11-01,Operations,1.94,2,False,False
94,2024-11-01,Sales,3.15,3,False,False
95,2024-11-01,Operations,3.02,0,False,False
96,2024-11-01,Sales,4.26,3,False,False
97,2024-11-01,Sales,4.87,1,False,False
98,2024-11-01,Finance,3.24,2,False,False
99,2024-11-01,Finance,4.19,1,False,False
100,2024-11-01,Engineering,3.63,2,False,False
101,2024-11-01,Operations,3.22,3,False,False
102,2024-11-01,Engineering,3.8,0,False,False
103,2024-11-01,Operations,3.46,4,False,False
104,2024-11-01,Engineering,3.12,7,False,False
105,2024-11-01,Finance,3.51,3,False,False
106,2024-11-01,Finance,2.4,3,False,False
107,2024-11-01,Finance,2.05,6,False,False
108,2024-11-01,Finance,3.62,2,False,False
109,2024-11-01,HR,3.31,2,False,False
110,2024-11-01,Finance,3.19,2,False,False
111,2024-11-01,Sales,3.62,3,False,False
112,2024-11-01,Finance,3.44,2,False,False
113,2024-11-01,HR,3.32,0,False,False
114,2024-11-01,HR,2.36,5,False,False
115,2024-11-01,HR,3.87,2,False,False
116,2024-11-01,HR,3.79,1,False,False
117,2024-11-01,Engineering,3.37,2,False,False
118,2024-11-01,Engineering,3.62,3,False,False
119,2024-11-01,Sales,3.16,0,False,False
120,2024-11-01,Engineering,3.54,4,False,False
121,2024-11-01,HR,3.18,4,False,False
122,2024-11-01,Finance,3.55,4,False,False
123,2024-11-01,Finance,3.13,1,False,False
124,2024-11-01,HR,2.37,6,False,False
125,2024-11-01,Operations,3.53,2,False,False
126,2024-11-01,HR,2.1,2,False,False
127,2024-11-01,Engineering,2.88,3,False,False
128,2024-11-01,Finance,3.72,4,False,False
129,2024-11-01,HR,3.69,1,False,False
130,2024-11-01,Finance,3.75,2,False,False
131,2024-11-01,HR,3.31,3,False,False
132,2024-11-01,HR,2.32,2,False,False
133,2024-11-01,Engineering,3.12,3,False,False
134,2024-11-01,HR,3.04,3,False,False
135,2024-11-01,Finance,2.93,2,False,False
136,2024-11-01,Sales,3.78,2,False,False
137,2024-11-01,Finance,2.68,3,False,False
138,2024-11-01,Engineering,3.23,1,False,False
139,2024-11-01,Sales,3.15,0,False,False
140,2024-11-01,HR,3.4,5,False,False
141,2024-11-01,Operations,3.35,3,False,False
142,2024-11-01,Sales,3.1,5,False,False
143,2024-11-01,Sales,3.39,4,False,False
144,2024-11-01,HR,2.88,1,False,False
145,2024-11-01,Operations,2.97,3,False,False
146,2024-11-01,Operations,3.62,3,False,False
147,2024-11-01,Engineering,3.37,7,False,False
148,2024-11-01,Sales,3.08,0,False,False
149,2024-11-01,Operations,2.13,6,False,False
150,2024-11-01,Engineering,3.39,2,False,False
151,2024-11-01,Operations,3.08,6,False,False
152,2024-11-01,Sales,2.87,1,False,False
153,2024-11-01,Operations,3.38,3,False,False
154,2024-11-01,Sales,3.28,3,False,False
155,2024-11-01,HR,3.84,2,False,False
156,2024-11-01,Finance,3.17,5,False,False
157,2024-11-01,Engineering,3.56,1,False,False
158,2024-11-01,HR,3.01,5,False,False
159,2024-11-01,HR,2.64,4,False,False
160,2024-11-01,Finance,3.71,3,False,False
161,2024-11-01,Operations,1.72,6,False,False
162,2024-11-01,Finance,2.78,3,False,False
163,2024-11-01,HR,2.43,5,False,False
164,2024-11-01,HR,2.86,0,False,False
165,2024-11-01,HR,3.52,3,False,False
166,2024-11-01,Operations,3.48,1,False,False
167,2024-11-01,Sales,2.84,7,False,False
168,2024-11-01,Engineering,4.39,2,False,False
169,2024-11-01,Sales,4.01,2,False,False
170,2024-11-01,Engineering,2.93,3,False,False
171,2024-11-01,Engineering,4.17,2,False,False
172,2024-11-01,Engineering,3.84,2,False,False
173,2024-11-01,Finance,3.01,2,False,False
174,2024-11-01,Finance,3.23,5,False,False
175,2024-11-01,Finance,3.37,1,False,False
176,2024-11-01,HR,3.21,3,False,False
177,2024-11-01,Finance,3.91,3,False,False
178,2024-11-01,Engineering,1.73,2,False,False
179,2024-11-01,Operations,2.27,2,False,False
180,2024-11-01,HR,2.74,1,False,False
181,2024-11-01,Operations,3.13,9,False,False
182,2024-11-01,Engineering,2.79,1,False,False
183,2024-11-01,HR,2.55,3,False,False
184,2024-11-01,Finance,3.16,3,False,False
185,2024-11-01,HR,2.33,6,False,False
186,2024-11-01,HR,4.44,1,False,False
187,2024-11-01,Engineering,4.24,0,False,False
188,2024-11-01,Sales,3.12,0,False,False
189,2024-11-01,Sales,2.67,6,False,False
190,2024-11-01,Sales,3.12,3,False,False
191,2024-11-01,Finance,2.78,6,False,False
192,2024-11-01,Finance,3.48,1,False,False
193,2024-11-01,Finance,2.87,3,False,False
194,2024-11-01,Sales,3.56,0,False,False
195,2024-11-01,Operations,1.87,2,False,False
196,2024-11-01,Engineering,2.93,2,False,False
197,2024-11-01,Sales,3.46,2,False,False
198,2024-11-01,Engineering,3.61,2,False,False
199,2024-11-01,Sales,2.73,1,False,False
200,2024-11-01,Operations,2.08,2,False,False
201,2024-11-01,Sales,3.7,0,False,False
202,2024-11-01,Operations,2.95,5,False,False
203,2024-11-01,HR,3.16,1,False,False
204,2024-11-01,Finance,2.89,2,False,False
205,2024-11-01,HR,1.82,10,False,False
206,2024-11-01,Sales,3.1,3,False,False
207,2024-11-01,Finance,2.74,6,False,False
208,2024-11-01,Operations,3.41,2,False,False
209,2024-11-01,Sales,2.98,3,False,False
210,2024-11-01,Finance,3.81,3,False,False
211,2024-11-01,Sales,3.89,3,False,False
212,2024-11-01,Finance,3.08,8,False,False
213,2024-11-01,Finance,3.78,1,False,False
214,2024-11-01,HR,4.33,1,False,False
215,2024-11-01,Finance,4.74,2,False,False
216,2024-11-01,Sales,2.88,7,False,False
217,2024-11-01,Engineering,2.88,1,False,False
218,2024-11-01,Engineering,4.04,2,False,False
219,2024-11-01,HR,2.3,3,False,False
220,2024-11-01,Operations,2.44,1,False,False
221,2024-11-01,Engineering,2.65,5,False,False
222,2024-11-01,HR,3.35,1,False,False
223,2024-11-01,Finance,3.36,0,False,False
224,2024-11-01,Sales,2.55,4,False,False
225,2024-11-01,Finance,3.2,1,False,False
226,2024-11-01,Sales,2.38,5,False,False
227,2024-11-01,Operations,2.75,5,False,False
228,2024-11-01,HR,3.71,4,False,False
229,2024-11-01,HR,3.21,2,False,False
230,2024-11-01,Engineering,3.81,5,False,False
231,2024-11-01,HR,3.21,1,False,False
232,2024-11-01,Operations,2.79,3,False,False
233,2024-11-01,Engineering,3.45,3,False,False
234,2024-11-01,Finance,2.26,5,False,False
235,2024-11-01,HR,2.11,2,False,False
236,2024-11-01,Finance,2.48,4,False,False
237,2024-11-01,Finance,2.29,4,False,False
238,2024-11-01,HR,2.12,3,False,False
239,2024-11-01,Sales,3.92,4,False,False
240,2024-11-01,Finance,3.5,2,False,False
241,2024-11-01,Engineering,4.31,0,False,False
242,2024-11-01,HR,3.6,4,False,False
243,2024-11-01,Engineering,3.89,2,False,False
244,2024-11-01,Finance,2.52,3,False,False
245,2024-11-01,Finance,3.9,1,False,False
246,2024-11-01,Engineering,3.57,3,False,False
247,2024-11-01,Finance,3.1,3,False,False
248,2024-11-01,HR,3.05,3,False,False
249,2024-11-01,Finance,3.22,2,False,False
250,2024-11-01,Engineering,2.82,6,False,False
251,2024-11-01,Engineering,3.46,1,False,False
252,2024-11-01,HR,2.19,6,False,False
253,2024-11-01,Engineering,2.91,2,False,False
254,2024-11-01,Sales,3.93,2,False,False
255,2024-11-01,Finance,2.91,2,False,False
256,2024-11-01,Engineering,3.35,2,False,False
257,2024-11-01,Finance,4.0,1,False,False
258,2024-11-01,Engineering,3.49,3,False,False
259,2024-11-01,Engineering,3.67,1,False,False
260,2024-11-01,HR,3.99,1,False,False
261,2024-11-01,Finance,2.2,4,False,False
262,2024-11-01,Engineering,4.29,1,False,False
263,2024-11-01,Sales,3.33,4,False,False
264,2024-11-01,Operations,4.26,0,False,False
265,2024-11-01,Operations,3.08,1,False,False
266,2024-11-01,HR,3.26,1,False,False
267,2024-11-01,HR,2.39,3,False,False
268,2024-11-01,Sales,2.95,3,False,False
269,2024-11-01,Finance,2.04,3,False,False
270,2024-11-01,HR,3.51,2,False,False
271,2024-11-01,Sales,3.86,1,False,False
272,2024-11-01,Engineering,3.39,3,False,False
273,2024-11-01,Engineering,3.04,0,False,False
274,2024-11-01,Operations,3.14,4,False,False
275,2024-11-01,HR,3.06,1,False,False
276,2024-11-01,HR,3.81,0,False,False
277,2024-11-01,HR,2.91,5,False,False
278,2024-11-01,Finance,3.51,5,False,False
279,2024-11-01,Engineering,2.73,2,False,False
280,2024-11-01,Engineering,4.58,1,False,False
281,2024-11-01,Sales,3.8,2,False,False
282,2024-11-01,HR,3.44,0,False,False
283,2024-11-01,Finance,2.59,2,False,False
284,2024-11-01,HR,2.73,3,False,False
285,2024-11-01,HR,3.03,3,False,False
286,2024-11-01,Operations,2.62,4,False,False
287,2024-11-01,Engineering,3.21,4,False,False
288,2024-11-01,HR,3.38,1,False,False
289,2024-11-01,HR,3.4,3,False,False
290,2024-11-01,HR,3.56,0,False,False
291,2024-11-01,Operations,3.65,3,False,False
292,2024-11-01,Sales,2.92,1,False,False
293,2024-11-01,Operations,3.66,1,False,False
294,2024-11-01,Sales,3.23,4,False,False
295,2024-11-01,HR,2.95,1,False,False
296,2024-11-01,HR,2.61,5,False,False
297,2024-11-01,Operations,4.25,2,False,False
298,2024-11-01,HR,3.15,4,False,False
299,2024-11-01,Sales,2.89,0,False,False
300,2024-11-01,Engineering,3.92,4,False,False
301,2024-11-01,Sales,1.59,3,False,False
302,2024-11-01,Operations,1.89,5,False,False
303,2024-11-01,Engineering,4.01,3,False,False
304,2024-11-01,Operations,3.51,4,False,False
305,2024-11-01,HR,3.42,3,False,False
306,2024-11-01,Engineering,2.97,5,False,False
307,2024-11-01,Sales,3.24,5,False,False
308,2024-11-01,HR,3.64,3,False,False
309,2024-11-01,Sales,3.43,1,False,False
310,2024-11-01,Engineering,4.1,3,False,False
311,2024-11-01,Finance,2.51,7,False,False
312,2024-11-01,Finance,3.56,4,False,False
313,2024-11-01,Engineering,2.54,3,False,False
314,2024-11-01,Sales,2.94,2,False,False
315,2024-11-01,Sales,3.7,3,False,False
316,2024-11-01,Finance,2.82,6,False,False
317,2024-11-01,Finance,2.5,6,False,False
318,2024-11-01,Finance,2.21,7,False,False
319,2024-11-01,Operations,2.66,0,False,False
320,2024-11-01,Finance,3.55,4,False,False
321,2024-11-01,Sales,1.57,3,False,False
322,2024-11-01,Engineering,3.92,0,False,False
323,2024-11-01,Finance,3.43,2,False,False
324,2024-11-01,Operations,3.1,4,False,False
325,2024-11-01,Operations,1.98,6,False,False
326,2024-11-01,Sales,2.38,3,False,False
327,2024-11-01,Sales,3.83,2,False,False
328,2024-11-01,Engineering,2.23,4,False,False
329,2024-11-01,Engineering,3.6,4,False,False
330,2024-11-01,HR,1.96,5,False,False
331,2024-11-01,HR,3.24,4,False,False
332,2024-11-01,Sales,2.68,3,False,False
333,2024-11-01,Sales,3.23,1,False,False
334,2024-11-01,Operations,3.02,2,False,False
335,2024-11-01,HR,4.32,4,False,False
336,2024-11-01,Operations,3.13,1,False,False
337,2024-11-01,Operations,3.7,1,False,False
338,2024-11-01,Sales,2.12,2,False,False
339,2024-11-01,Sales,3.33,4,False,False
340,2024-11-01,Operations,3.14,4,False,False
341,2024-11-01,Finance,2.84,3,False,False
342,2024-11-01,Sales,3.24,3,False,False
343,2024-11-01,Finance,2.74,5,False,False
344,2024-11-01,HR,2.47,1,False,False
345,2024-11-01,Operations,3.12,0,False,False
346,2024-11-01,Sales,2.66,6,False,False
347,2024-11-01,Operations,2.07,10,False,False
348,2024-11-01,Operations,2.83,3,False,False
349,2024-11-01,Engineering,3.86,2,False,False
350,2024-11-01,Engineering,2.54,1,False,False
351,2024-11-01,HR,3.03,4,False,False
352,2024-11-01,Engineering,4.03,2,False,False
353,2024-11-01,Sales,3.83,1,False,False
354,2024-11-01,HR,2.93,4,False,False
355,2024-11-01,Operations,3.86,1,False,False
356,2024-11-01,Operations,3.62,1,False,False
357,2024-11-01,Engineering,3.45,6,False,False
358,2024-11-01,Operations,4.07,5,False,False
359,2024-11-01,Engineering,3.39,0,False,False
360,2024-11-01,Finance,3.3,4,False,False
361,2024-11-01,Operations,3.84,2,False,False
362,2024-11-01,Operations,3.95,2,False,False
363,2024-11-01,Sales,2.55,1,False,False
364,2024-11-01,Operations,2.9,3,False,False
365,2024-11-01,Engineering,4.84,4,False,False
366,2024-11-01,HR,3.45,7,False,False
367,2024-11-01,HR,2.94,3,False,False
368,2024-11-01,Sales,3.7,3,False,False
369,2024-11-01,Engineering,3.42,2,False,False
370,2024-11-01,Finance,2.56,3,False,False
371,2024-11-01,Sales,3.67,0,False,False
372,2024-11-01,Finance,2.3,3,False,False
373,2024-11-01,HR,2.89,1,False,False
374,2024-11-01,Sales,3.52,2,False,False
375,2024-11-01,Operations,3.44,3,False,False
376,2024-11-01,Engineering,3.07,0,False,False
377,2024-11-01,Finance,3.06,2,False,False
378,2024-11-01,Finance,3.17,3,False,False
379,2024-11-01,Sales,3.13,5,False,False
380,2024-11-01,Sales,3.11,2,False,False
381,2024-11-01,Engineering,3.4,1,False,False
382,2024-11-01,Operations,2.63,2,False,False
383,2024-11-01,Operations,3.55,2,False,False
384,2024-11-01,Sales,2.65,3,False,False
385,2024-11-01,Engineering,4.02,2,False,False
386,2024-11-01,Engineering,3.04,3,False,False
387,2024-11-01,Engineering,3.44,4,False,False
388,2024-11-01,Operations,3.56,1,False,False
389,2024-11-01,Operations,3.31,1,False,False
390,2024-11-01,Engineering,2.34,3,False,False
391,2024-11-01,Finance,3.15,2,False,False
392,2024-11-01,Engineering,3.65,4,False,False
393,2024-11-01,Sales,2.45,2,False,False
394,2024-11-01,HR,3.48,4,False,False
395,2024-11-01,Finance,3.58,3,False,False
396,2024-11-01,Operations,3.57,3,False,False
397,2024-11-01,Engineering,3.27,2,False,False
398,2024-11-01,Engineering,2.87,2,False,False
399,2024-11-01,Sales,3.66,2,False,False
400,2024-11-01,Sales,4.02,3,False,False
401,2024-11-01,Operations,1.23,10,False,False
402,2024-11-01,Finance,2.55,5,False,False
403,2024-11-01,Sales,2.59,1,True,False
404,2024-11-01,Operations,2.38,5,False,False
405,2024-11-01,HR,2.91,1,False,False
406,2024-11-01,HR,3.98,3,False,False
407,2024-11-01,HR,2.4,2,False,False
408,2024-11-01,Engineering,2.99,2,False,False
409,2024-11-01,Operations,2.45,4,False,False
410,2024-11-01,Engineering,2.49,7,False,False
411,2024-11-01,Engineering,4.29,1,False,False
412,2024-11-01,Sales,2.49,2,False,False
413,2024-11-01,Sales,3.1,4,False,False
414,2024-11-01,Engineering,2.95,3,False,False
415,2024-11-01,Engineering,4.45,3,False,False
416,2024-11-01,Finance,3.34,4,False,False
417,2024-11-01,Operations,3.0,3,False,False
418,2024-11-01,Engineering,3.88,5,False,False
419,2024-11-01,Sales,2.15,3,False,False
420,2024-11-01,HR,3.75,0,False,False
421,2024-11-01,Operations,3.31,2,False,False
422,2024-11-01,Finance,3.12,2,False,False
423,2024-11-01,Finance,3.01,2,False,False
424,2024-11-01,HR,2.41,1,False,False
425,2024-11-01,HR,3.19,2,False,False
426,2024-11-01,Engineering,4.02,3,False,False
427,2024-11-01,Operations,3.34,2,False,False
428,2024-11-01,Operations,2.83,5,False,False
429,2024-11-01,Engineering,3.44,1,False,False
430,2024-11-01,Finance,2.95,3,False,False
431,2024-11-01,Engineering,4.57,3,False,False
432,2024-11-01,Finance,2.66,3,False,False
433,2024-11-01,Operations,3.39,1,False,False
434,2024-11-01,Engineering,4.06,3,False,False
435,2024-11-01,HR,2.65,4,False,False
436,2024-11-01,Engineering,5.0,1,False,False
437,2024-11-01,HR,3.28,6,False,False
438,2024-11-01,Operations,3.3,2,False,False
439,2024-11-01,Engineering,3.1,0,False,False
440,2024-11-01,Sales,2.99,7,False,False
441,2024-11-01,Operations,3.05,5,False,False
442,2024-11-01,Sales,3.16,2,False,False
443,2024-11-01,Engineering,4.51,1,False,False
444,2024-11-01,HR,3.04,4,False,False
445,2024-11-01,HR,2.33,4,False,False
446,2024-11-01,Finance,3.23,2,False,False
447,2024-11-01,Sales,3.98,0,False,False
448,2024-11-01,Operations,3.11,5,False,False
449,2024-11-01,HR,3.87,2,False,False
450,2024-11-01,Sales,2.71,1,False,False
451,2024-11-01,Operations,2.16,5,False,False
452,2024-11-01,Operations,2.66,1,False,False
453,2024-11-01,HR,2.4,3,False,False
454,2024-11-01,Engineering,3.57,4,False,False
455,2024-11-01,HR,3.36,3,False,False
456,2024-11-01,HR,2.8,1,False,False
457,2024-11-01,Engineering,1.72,2,False,False
458,2024-11-01,Finance,2.78,2,False,False
459,2024-11-01,Operations,4.29,1,False,False
460,2024-11-01,Engineering,3.06,5,False,False
461,2024-11-01,Finance,2.84,4,False,False
462,2024-11-01,Engineering,2.44,3,False,False
463,2024-11-01,Finance,4.45,2,False,False
464,2024-11-01,HR,2.87,2,False,False
465,2024-11-01,Engineering,3.83,3,False,False
466,2024-11-01,Operations,4.27,0,False,False
467,2024-11-01,Engineering,4.03,2,False,False
468,2024-11-01,HR,2.74,1,False,False
469,2024-11-01,Engineering,3.17,4,False,False
470,2024-11-01,Operations,2.47,3,False,False
471,2024-11-01,Finance,3.23,4,False,False
472,2024-11-01,Operations,3.0,3,False,False
473,2024-11-01,HR,2.73,4,True,False
474,2024-11-01,HR,3.8,2,False,False
475,2024-11-01,Finance,2.89,3,False,False
476,2024-11-01,Finance,3.97,3,False,False
477,2024-11-01,Operations,2.85,2,False,False
478,2024-11-01,Engineering,4.34,3,False,False
479,2024-11-01,Finance,3.31,5,False,False
480,2024-11-01,Engineering,4.13,0,False,False
481,2024-11-01,Sales,3.05,0,False,False
482,2024-11-01,Operations,2.89,2,False,False
483,2024-11-01,Sales,3.26,3,False,False
484,2024-11-01,Finance,3.79,4,False,False
485,2024-11-01,HR,2.91,1,False,False
486,2024-11-01,Sales,2.59,4,False,False
487,2024-11-01,Sales,2.53,4,False,False
488,2024-11-01,HR,2.01,2,False,False
489,2024-11-01,Finance,2.14,1,False,False
490,2024-11-01,Finance,3.5,3,False,False
491,2024-11-01,Operations,3.57,1,False,False
492,2024-11-01,Operations,3.19,4,False,False
493,2024-11-01,Finance,1.65,4,False,False
494,2024-11-01,Finance,3.06,1,False,False
495,2024-11-01,Sales,3.03,1,False,False
496,2024-11-01,HR,4.21,2,False,False
497,2024-11-01,Engineering,2.49,4,False,False
498,2024-11-01,Sales,2.68,7,False,False
499,2024-11-01,Operations,4.54,1,False,False
500,2024-11-01,HR,3.29,2,False,False
1,2024-12-01,Engineering,2.28,7,False,True
2,2024-12-01,Finance,3.39,4,False,False
3,2024-12-01,Finance,3.96,1,False,False
4,2024-12-01,HR,3.68,1,False,False
5,2024-12-01,HR,3.03,0,False,False
6,2024-12-01,Operations,2.22,5,False,False
7,2024-12-01,Engineering,3.53,7,False,True
8,2024-12-01,Finance,2.74,3,False,False
9,2024-12-01,Sales,2.79,3,False,False
10,2024-12-01,Engineering,3.58,3,True,True
11,2024-12-01,HR,4.34,2,False,False
12,2024-12-01,Operations,4.24,2,False,False
13,2024-12-01,Finance,4.17,3,False,False
14,2024-12-01,Finance,3.51,3,False,False
15,2024-12-01,Finance,4.09,0,False,False
16,2024-12-01,Finance,2.99,1,False,False
17,2024-12-01,HR,3.53,0,False,False
18,2024-12-01,Engineering,2.74,5,False,True
19,2024-12-01,Operations,3.3,3,False,False
20,2024-12-01,HR,3.14,2,False,False
21,2024-12-01,HR,2.45,5,False,False
22,2024-12-01,Sales,2.58,2,False,False
23,2024-12-01,Engineering,3.36,5,False,True
24,2024-12-01,Operations,3.19,4,False,False
25,2024-12-01,Finance,3.1,1,False,False
26,2024-12-01,Finance,3.51,3,False,False
27,2024-12-01,HR,3.38,3,False,False
28,2024-12-01,Operations,3.23,0,False,False
29,2024-12-01,HR,3.59,2,False,False
30,2024-12-01,HR,2.51,10,False,False
31,2024-12-01,HR,3.82,2,False,False
32,2024-12-01,Sales,2.42,2,False,False
33,2024-12-01,Engineering,2.18,2,True,True
34,2024-12-01,HR,2.45,6,False,False
35,2024-12-01,Operations,2.73,1,False,False
36,2024-12-01,Engineering,2.96,1,True,True
37,2024-12-01,Operations,2.7,6,False,False
38,2024-12-01,Operations,2.44,5,False,False
39,2024-12-01,Sales,3.6,1,False,False
40,2024-12-01,Finance,3.01,1,False,False
41,2024-12-01,Engineering,3.61,3,False,True
42,2024-12-01,Finance,3.02,3,False,False
43,2024-12-01,Finance,3.02,6,False,False
44,2024-12-01,Sales,1.96,4,False,False
45,2024-12-01,Engineering,3.62,4,True,True
46,2024-12-01,Operations,1.73,5,False,False
47,2024-12-01,HR,2.93,1,False,False
48,2024-12-01,Operations,3.12,4,False,False
49,2024-12-01,Finance,3.88,0,False,False
50,2024-12-01,Finance,4.04,4,False,False
51,2024-12-01,Finance,3.69,4,False,False
52,2024-12-01,Engineering,3.0,4,False,True
53,2024-12-01,Sales,3.67,3,False,False
54,2024-12-01,HR,2.55,3,False,False
55,2024-12-01,HR,3.58,4,False,False
56,2024-12-01,Engineering,3.76,0,False,True
57,2024-12-01,HR,3.15,1,False,False
58,2024-12-01,Engineering,4.03,0,True,True
59,2024-12-01,Finance,3.75,5,False,False
60,2024-12-01,Finance,3.11,2,False,False
61,2024-12-01,Operations,3.64,2,False,False
62,2024-12-01,Finance,3.02,1,False,False
63,2024-12-01,Sales,3.14,2,False,False
64,2024-12-01,Operations,2.44,5,False,False
65,2024-12-01,HR,3.09,4,False,False
66,2024-12-01,Sales,2.62,4,False,False
67,2024-12-01,Operations,3.1,1,False,False
68,2024-12-01,Sales,2.44,2,False,False
69,2024-12-01,Engineering,3.85,0,False,True
70,2024-12-01,HR,2.5,5,False,False
71,2024-12-01,Finance,3.61,3,False,False
72,2024-12-01,Engineering,3.41,6,True,True
73,2024-12-01,HR,4.18,3,False,False
74,2024-12-01,Engineering,2.15,3,True,True
75,2024-12-01,Finance,3.33,3,False,False
76,2024-12-01,HR,3.06,4,False,False
77,2024-12-01,Sales,3.58,1,False,False
78,2024-12-01,Sales,3.1,4,False,False
79,2024-12-01,HR,3.41,3,False,False
80,2024-12-01,Finance,2.55,4,False,False
81,2024-12-01,Operations,3.52,3,False,False
82,2024-12-01,HR,3.19,3,False,False
83,2024-12-01,Engineering,3.54,6,True,True
84,2024-12-01,Operations,2.37,4,False,False
85,2024-12-01,Finance,3.1,2,False,False
86,2024-12-01,Finance,2.96,7,False,False
87,2024-12-01,Engineering,3.73,1,True,True
88,2024-12-01,Sales,3.44,4,False,False
89,2024-12-01,Finance,3.55,4,False,False
90,2024-12-01,Operations,3.23,3,False,False
91,2024-12-01,HR,2.75,6,False,False
92,2024-12-01,Operations,3.48,3,False,False
93,2024-12-01,Operations,2.07,5,False,False
94,2024-12-01,Sales,3.25,0,False,False
95,2024-12-01,Operations,2.95,3,False,False
96,2024-12-01,Sales,4.24,2,False,False
97,2024-12-01,Sales,4.73,1,False,False
98,2024-12-01,Finance,3.32,1,False,False
99,2024-12-01,Finance,3.97,2,False,False
100,2024-12-01,Engineering,3.33,2,True,True
101,2024-12-01,Operations,3.25,2,False,False
102,2024-12-01,Engineering,3.73,5,False,True
103,2024-12-01,Operations,3.2,2,False,False
104,2024-12-01,Engineering,3.17,6,True,True
105,2024-12-01,Finance,3.37,1,False,False
106,2024-12-01,Finance,2.35,4,False,False
107,2024-12-01,Finance,2.39,2,False,False
108,2024-12-01,Finance,3.47,2,False,False
109,2024-12-01,HR,3.52,3,False,False
110,2024-12-01,Finance,3.22,4,False,False
111,2024-12-01,Sales,3.54,3,False,False
112,2024-12-01,Finance,3.69,4,False,False
113,2024-12-01,HR,3.45,3,False,False
114,2024-12-01,HR,2.55,3,False,False
115,2024-12-01,HR,3.78,2,False,False
116,2024-12-01,HR,3.98,4,False,False
117,2024-12-01,Engineering,3.27,0,True,True
118,2024-12-01,Engineering,3.63,0,False,True
119,2024-12-01,Sales,3.28,3,False,False
120,2024-12-01,Engineering,3.51,3,False,True
121,2024-12-01,HR,3.21,3,False,False
122,2024-12-01,Finance,3.59,3,False,False
123,2024-12-01,Finance,3.03,1,False,False
124,2024-12-01,HR,2.18,5,False,False
125,2024-12-01,Operations,3.57,4,False,False
126,2024-12-01,HR,2.14,3,False,False
127,2024-12-01,Engineering,2.76,4,False,True
128,2024-12-01,Finance,3.82,0,False,False
129,2024-12-01,HR,3.43,1,False,False
130,2024-12-01,Finance,3.83,1,False,False
131,2024-12-01,HR,3.01,4,False,False
132,2024-12-01,HR,2.38,3,False,False
133,2024-12-01,Engineering,3.02,1,False,True
134,2024-12-01,HR,2.73,2,False,False
135,2024-12-01,Finance,2.85,5,False,False
136,2024-12-01,Sales,3.95,1,False,False
137,2024-12-01,Finance,2.76,4,True,False
138,2024-12-01,Engineering,3.3,1,False,True
139,2024-12-01,Sales,3.1,2,False,False
140,2024-12-01,HR,3.59,1,False,False
141,2024-12-01,Operations,3.38,2,False,False
142,2024-12-01,Sales,3.15,3,False,False
143,2024-12-01,Sales,3.2,2,False,False
144,2024-12-01,HR,2.95,2,False,False
145,2024-12-01,Operations,3.14,2,False,False
146,2024-12-01,Operations,3.79,0,False,False
147,2024-12-01,Engineering,3.54,3,False,True
148,2024-12-01,Sales,3.03,3,False,False
149,2024-12-01,Operations,2.35,3,False,False
150,2024-12-01,Engineering,3.44,2,False,True
151,2024-12-01,Operations,3.11,1,False,False
152,2024-12-01,Sales,2.87,7,False,False
153,2024-12-01,Operations,3.34,3,False,False
154,2024-12-01,Sales,3.46,1,False,False
155,2024-12-01,HR,3.92,2,False,False
156,2024-12-01,Finance,3.2,4,False,False
157,2024-12-01,Engineering,3.3,2,True,True
158,2024-12-01,HR,3.16,2,False,False
159,2024-12-01,HR,2.62,3,False,False
160,2024-12-01,Finance,3.88,1,False,False
161,2024-12-01,Operations,1.72,4,False,False
162,2024-12-01,Finance,2.69,4,False,False
163,2024-12-01,HR,2.31,1,False,False
164,2024-12-01,HR,2.62,4,False,False
165,2024-12-01,HR,3.38,2,False,False
166,2024-12-01,Operations,3.52,0,False,False
167,2024-12-01,Sales,2.97,2,False,False
168,2024-12-01,Engineering,4.19,3,True,True
169,2024-12-01,Sales,4.27,1,False,False
170,2024-12-01,Engineering,3.21,3,False,True
171,2024-12-01,Engineering,4.11,2,False,True
172,2024-12-01,Engineering,3.95,1,False,True
173,2024-12-01,Finance,3.03,7,False,False
174,2024-12-01,Finance,3.27,5,False,False
175,2024-12-01,Finance,3.34,6,False,False
176,2024-12-01,HR,3.1,5,False,False
177,2024-12-01,Finance,4.01,1,False,False
178,2024-12-01,Engineering,1.9,11,True,True
179,2024-12-01,Operations,2.21,2,False,False
180,2024-12-01,HR,2.7,5,False,False
181,2024-12-01,Operations,3.03,3,False,False
182,2024-12-01,Engineering,2.86,2,False,True
183,2024-12-01,HR,2.83,4,False,False
184,2024-12-01,Finance,3.12,4,False,False
185,2024-12-01,HR,2.24,3,False,False
186,2024-12-01,HR,4.36,1,False,False
187,2024-12-01,Engineering,4.28,2,False,True
188,2024-12-01,Sales,2.82,7,False,False
189,2024-12-01,Sales,2.7,3,False,False
190,2024-12-01,Sales,2.87,2,False,False
191,2024-12-01,Finance,2.78,5,False,False
192,2024-12-01,Finance,3.63,2,False,False
193,2024-12-01,Finance,3.12,2,False,False
194,2024-12-01,Sales,3.58,2,False,False
195,2024-12-01,Operations,2.04,4,False,False
196,2024-12-01,Engineering,2.99,2,False,True
197,2024-12-01,Sales,3.5,2,False,False
198,2024-12-01,Engineering,3.64,2,False,True
199,2024-12-01,Sales,3.14,2,False,False
200,2024-12-01,Operations,1.94,7,False,False
201,2024-12-01,Sales,3.67,1,False,False
202,2024-12-01,Operations,2.88,1,False,False
203,2024-12-01,HR,2.99,3,False,False
204,2024-12-01,Finance,2.84,5,False,False
205,2024-12-01,HR,1.9,4,False,False
206,2024-12-01,Sales,3.04,3,False,False
207,2024-12-01,Finance,2.92,4,False,False
208,2024-12-01,Operations,3.35,3,False,False
209,2024-12-01,Sales,3.12,1,False,False
210,2024-12-01,Finance,4.0,1,False,False
211,2024-12-01,Sales,3.75,2,False,False
212,2024-12-01,Finance,3.06,3,False,False
213,2024-12-01,Finance,3.65,4,False,False
214,2024-12-01,HR,4.07,6,False,False
215,2024-12-01,Finance,4.52,0,False,False
216,2024-12-01,Sales,2.64,3,False,False
217,2024-12-01,Engineering,2.89,1,False,True
218,2024-12-01,Engineering,4.13,4,False,True
219,2024-12-01,HR,2.3,1,False,False
220,2024-12-01,Operations,2.66,2,False,False
221,2024-12-01,Engineering,2.62,4,False,True
222,2024-12-01,HR,3.65,3,False,False
223,2024-12-01,Finance,3.32,4,False,False
224,2024-12-01,Sales,2.38,3,False,False
225,2024-12-01,Finance,3.17,4,False,False
226,2024-12-01,Sales,2.31,2,False,False
227,2024-12-01,Operations,2.8,7,False,False
228,2024-12-01,HR,3.66,1,False,False
229,2024-12-01,HR,3.14,6,False,False
230,2024-12-01,Engineering,3.96,0,True,True
231,2024-12-01,HR,3.2,2,False,False
232,2024-12-01,Operations,2.79,2,False,False
233,2024-12-01,Engineering,3.38,3,False,True
234,2024-12-01,Finance,2.22,8,False,False
235,2024-12-01,HR,1.98,3,False,False
236,2024-12-01,Finance,2.24,5,False,False
237,2024-12-01,Finance,2.39,2,False,False
238,2024-12-01,HR,2.05,3,False,False
239,2024-12-01,Sales,3.98,3,False,False
240,2024-12-01,Finance,3.51,0,False,False
241,2024-12-01,Engineering,4.6,1,False,True
242,2024-12-01,HR,3.53,3,False,False
243,2024-12-01,Engineering,3.76,1,False,True
244,2024-12-01,Finance,2.33,3,False,False
245,2024-12-01,Finance,3.95,2,False,False
246,2024-12-01,Engineering,3.56,1,True,True
247,2024-12-01,Finance,2.99,3,False,False
248,2024-12-01,HR,3.11,4,False,False
249,2024-12-01,Finance,3.09,6,False,False
250,2024-12-01,Engineering,2.84,6,False,True
251,2024-12-01,Engineering,3.45,4,False,True
252,2024-12-01,HR,2.01,4,True,False
253,2024-12-01,Engineering,2.92,1,False,True
254,2024-12-01,Sales,3.71,1,False,False
255,2024-12-01,Finance,2.93,2,False,False
256,2024-12-01,Engineering,3.27,0,False,True
257,2024-12-01,Finance,3.79,4,False,False
258,2024-12-01,Engineering,3.43,3,True,True
259,2024-12-01,Engineering,3.63,4,False,True
260,2024-12-01,HR,4.02,0,False,False
261,2024-12-01,Finance,2.37,1,False,False
262,2024-12-01,Engineering,4.12,3,True,True
263,2024-12-01,Sales,3.16,3,False,False
264,2024-12-01,Operations,4.08,6,False,False
265,2024-12-01,Operations,3.2,2,False,False
266,2024-12-01,HR,3.1,1,False,False
267,2024-12-01,HR,2.33,3,False,False
268,2024-12-01,Sales,3.19,0,False,False
269,2024-12-01,Finance,1.93,4,False,False
270,2024-12-01,HR,3.22,1,False,False
271,2024-12-01,Sales,4.11,3,False,False
272,2024-12-01,Engineering,3.55,2,False,True
273,2024-12-01,Engineering,3.01,4,False,True
274,2024-12-01,Operations,3.07,2,False,False
275,2024-12-01,HR,3.2,3,False,False
276,2024-12-01,HR,3.77,3,False,False
277,2024-12-01,HR,2.87,3,False,False
278,2024-12-01,Finance,4.02,2,False,False
279,2024-12-01,Engineering,2.65,1,False,True
280,2024-12-01,Engineering,4.43,0,False,True
281,2024-12-01,Sales,3.61,1,False,False
282,2024-12-01,HR,3.53,2,False,False
283,2024-12-01,Finance,2.64,6,False,False
284,2024-12-01,HR,2.58,3,False,False
285,2024-12-01,HR,2.91,3,False,False
286,2024-12-01,Operations,2.85,2,False,False
287,2024-12-01,Engineering,3.26,1,False,True
288,2024-12-01,HR,3.42,4,False,False
289,2024-12-01,HR,3.54,3,False,False
290,2024-12-01,HR,3.33,6,False,False
291,2024-12-01,Operations,3.49,3,False,False
292,2024-12-01,Sales,2.8,1,False,False
293,2024-12-01,Operations,3.57,4,False,False
294,2024-12-01,Sales,2.99,1,False,False
295,2024-12-01,HR,2.96,2,False,False
296,2024-12-01,HR,2.41,1,True,False
297,2024-12-01,Operations,4.39,1,False,False
298,2024-12-01,HR,3.08,1,False,False
299,2024-12-01,Sales,2.86,2,False,False
300,2024-12-01,Engineering,4.05,1,False,True
301,2024-12-01,Sales,1.69,5,False,False
302,2024-12-01,Operations,1.97,2,False,False
303,2024-12-01,Engineering,3.74,1,True,True
304,2024-12-01,Operations,3.56,1,False,False
305,2024-12-01,HR,3.38,3,False,False
306,2024-12-01,Engineering,3.07,3,False,True
307,2024-12-01,Sales,3.08,3,False,False
308,2024-12-01,HR,3.76,2,False,False
309,2024-12-01,Sales,3.69,1,False,False
310,2024-12-01,Engineering,3.93,3,False,True
311,2024-12-01,Finance,2.69,2,False,False
312,2024-12-01,Finance,3.43,3,False,False
313,2024-12-01,Engineering,2.45,4,False,True
314,2024-12-01,Sales,3.01,4,False,False
315,2024-12-01,Sales,3.99,1,False,False
316,2024-12-01,Finance,2.99,4,False,False
317,2024-12-01,Finance,2.17,4,False,False
318,2024-12-01,Finance,2.17,1,False,False
319,2024-12-01,Operations,2.66,1,False,False
320,2024-12-01,Finance,3.51,4,False,False
321,2024-12-01,Sales,1.49,8,False,False
322,2024-12-01,Engineering,3.84,1,True,True
323,2024-12-01,Finance,3.1,4,False,False
324,2024-12-01,Operations,3.11,2,False,False
325,2024-12-01,Operations,1.95,7,False,False
326,2024-12-01,Sales,2.36,5,False,False
327,2024-12-01,Sales,3.88,2,False,False
328,2024-12-01,Engineering,2.32,6,False,True
329,2024-12-01,Engineering,3.58,3,False,True
330,2024-12-01,HR,2.14,5,False,False
331,2024-12-01,HR,3.2,3,False,False
332,2024-12-01,Sales,2.71,3,False,False
333,2024-12-01,Sales,3.38,4,False,False
334,2024-12-01,Operations,2.71,5,False,False
335,2024-12-01,HR,4.21,4,False,False
336,2024-12-01,Operations,3.13,0,False,False
337,2024-12-01,Operations,3.8,7,False,False
338,2024-12-01,Sales,2.04,6,False,False
339,2024-12-01,Sales,3.27,2,False,False
340,2024-12-01,Operations,2.93,1,False,False
341,2024-12-01,Finance,2.78,5,False,False
342,2024-12-01,Sales,3.41,6,False,False
343,2024-12-01,Finance,2.49,1,False,False
344,2024-12-01,HR,2.84,3,False,False
345,2024-12-01,Operations,3.02,4,False,False
346,2024-12-01,Sales,2.81,4,False,False
347,2024-12-01,Operations,2.04,4,False,False
348,2024-12-01,Operations,2.52,1,False,False
349,2024-12-01,Engineering,4.01,2,True,True
350,2024-12-01,Engineering,2.41,6,False,True
351,2024-12-01,HR,2.97,2,False,False
352,2024-12-01,Engineering,4.1,3,False,True
353,2024-12-01,Sales,3.65,0,False,False
354,2024-12-01,HR,3.19,6,False,False
355,2024-12-01,Operations,3.73,2,False,False
356,2024-12-01,Operations,3.51,1,False,False
357,2024-12-01,Engineering,3.41,3,True,True
358,2024-12-01,Operations,4.1,2,False,False
359,2024-12-01,Engineering,3.33,2,True,True
360,2024-12-01,Finance,3.18,2,False,False
361,2024-12-01,Operations,3.9,1,False,False
362,2024-12-01,Operations,3.8,0,False,False
363,2024-12-01,Sales,2.34,1,False,False
364,2024-12-01,Operations,2.84,3,False,False
365,2024-12-01,Engineering,4.93,2,False,True
366,2024-12-01,HR,3.4,0,False,False
367,2024-12-01,HR,2.97,3,False,False
368,2024-12-01,Sales,3.72,4,False,False
369,2024-12-01,Engineering,3.26,2,False,True
370,2024-12-01,Finance,2.39,4,False,False
371,2024-12-01,Sales,3.34,3,False,False
372,2024-12-01,Finance,2.09,5,False,False
373,2024-12-01,HR,2.64,4,False,False
374,2024-12-01,Sales,3.64,1,False,False
375,2024-12-01,Operations,3.5,1,False,False
376,2024-12-01,Engineering,3.15,4,True,True
377,2024-12-01,Finance,3.01,3,False,False
378,2024-12-01,Finance,3.08,2,False,False
379,2024-12-01,Sales,3.06,0,False,False
380,2024-12-01,Sales,3.0,2,False,False
381,2024-12-01,Engineering,3.27,3,True,True
382,2024-12-01,Operations,2.58,3,False,False
383,2024-12-01,Operations,3.36,4,False,False
384,2024-12-01,Sales,2.64,4,False,False
385,2024-12-01,Engineering,3.92,0,False,True
386,2024-12-01,Engineering,3.03,5,True,True
387,2024-12-01,Engineering,3.36,1,True,True
388,2024-12-01,Operations,3.22,2,False,False
389,2024-12-01,Operations,2.92,7,False,False
390,2024-12-01,Engineering,2.53,2,True,True
391,2024-12-01,Finance,3.35,4,False,False
392,2024-12-01,Engineering,3.59,2,True,True
393,2024-12-01,Sales,2.31,4,False,False
394,2024-12-01,HR,3.41,3,False,False
395,2024-12-01,Finance,3.62,3,False,False
396,2024-12-01,Operations,3.62,2,False,False
397,2024-12-01,Engineering,3.46,4,False,True
398,2024-12-01,Engineering,3.07,2,False,True
399,2024-12-01,Sales,3.36,0,False,False
400,2024-12-01,Sales,4.02,2,False,False
401,2024-12-01,Operations,1.2,6,False,False
402,2024-12-01,Finance,2.66,4,False,False
403,2024-12-01,Sales,2.7,4,False,False
404,2024-12-01,Operations,2.57,4,False,False
405,2024-12-01,HR,3.02,3,False,False
406,2024-12-01,HR,3.98,2,False,False
407,2024-12-01,HR,2.46,1,False,False
408,2024-12-01,Engineering,2.95,2,True,True
409,2024-12-01,Operations,2.3,5,False,False
410,2024-12-01,Engineering,2.55,1,False,True
411,2024-12-01,Engineering,4.43,3,False,True
412,2024-12-01,Sales,2.51,2,False,False
413,2024-12-01,Sales,3.08,0,False,False
414,2024-12-01,Engineering,2.85,2,False,True
415,2024-12-01,Engineering,4.51,1,False,True
416,2024-12-01,Finance,3.46,0,False,False
417,2024-12-01,Operations,2.93,4,False,False
418,2024-12-01,Engineering,4.04,1,True,True
419,2024-12-01,Sales,2.21,3,False,False
420,2024-12-01,HR,3.74,0,False,False
421,2024-12-01,Operations,3.24,4,False,False
422,2024-12-01,Finance,3.13,3,False,False
423,2024-12-01,Finance,2.96,3,False,False
424,2024-12-01,HR,2.58,3,False,False
425,2024-12-01,HR,3.26,2,False,False
426,2024-12-01,Engineering,3.91,3,False,True
427,2024-12-01,Operations,3.32,1,False,False
428,2024-12-01,Operations,2.84,1,False,False
429,2024-12-01,Engineering,3.58,0,False,True
430,2024-12-01,Finance,3.04,2,False,False
431,2024-12-01,Engineering,4.66,1,False,True
432,2024-12-01,Finance,2.69,5,False,False
433,2024-12-01,Operations,3.42,1,False,False
434,2024-12-01,Engineering,4.23,2,True,True
435,2024-12-01,HR,2.78,3,False,False
436,2024-12-01,Engineering,4.96,1,True,True
437,2024-12-01,HR,3.26,3,False,False
438,2024-12-01,Operations,3.23,1,False,False
439,2024-12-01,Engineering,3.39,3,False,True
440,2024-12-01,Sales,3.26,4,False,False
441,2024-12-01,Operations,3.09,4,False,False
442,2024-12-01,Sales,3.4,3,False,False
443,2024-12-01,Engineering,4.32,4,False,True
444,2024-12-01,HR,3.2,3,False,False
445,2024-12-01,HR,2.49,4,False,False
446,2024-12-01,Finance,3.17,2,False,False
447,2024-12-01,Sales,4.21,1,False,False
448,2024-12-01,Operations,3.04,8,False,False
449,2024-12-01,HR,3.9,1,False,False
450,2024-12-01,Sales,2.91,2,False,False
451,2024-12-01,Operations,2.27,7,False,False
452,2024-12-01,Operations,2.54,6,False,False
453,2024-12-01,HR,2.29,3,False,False
454,2024-12-01,Engineering,3.56,2,False,True
455,2024-12-01,HR,3.44,3,False,False
456,2024-12-01,HR,2.85,2,False,False
457,2024-12-01,Engineering,1.79,2,False,True
458,2024-12-01,Finance,2.8,3,False,False
459,2024-12-01,Operations,4.26,2,False,False
460,2024-12-01,Engineering,2.86,2,False,True
461,2024-12-01,Finance,3.01,1,False,False
462,2024-12-01,Engineering,2.48,2,False,True
463,2024-12-01,Finance,4.29,1,False,False
464,2024-12-01,HR,2.74,2,False,False
465,2024-12-01,Engineering,3.84,1,False,True
466,2024-12-01,Operations,4.55,0,False,False
467,2024-12-01,Engineering,3.96,1,True,True
468,2024-12-01,HR,2.83,1,False,False
469,2024-12-01,Engineering,3.21,3,True,True
470,2024-12-01,Operations,2.55,2,False,False
471,2024-12-01,Finance,3.38,7,False,False
472,2024-12-01,Operations,2.97,4,False,False
473,2024-12-01,HR,2.75,5,False,False
474,2024-12-01,HR,3.81,3,False,False
475,2024-12-01,Finance,2.84,5,False,False
476,2024-12-01,Finance,4.0,3,False,False
477,2024-12-01,Operations,2.86,3,False,False
478,2024-12-01,Engineering,4.32,1,False,True
479,2024-12-01,Finance,3.38,4,False,False
480,2024-12-01,Engineering,4.14,3,False,True
481,2024-12-01,Sales,2.98,4,False,False
482,2024-12-01,Operations,2.85,4,False,False
483,2024-12-01,Sales,3.43,6,False,False
484,2024-12-01,Finance,3.89,4,False,False
485,2024-12-01,HR,3.1,3,False,False
486,2024-12-01,Sales,2.71,6,False,False
487,2024-12-01,Sales,2.44,5,False,False
488,2024-12-01,HR,2.03,6,False,False
489,2024-12-01,Finance,2.1,6,False,False
490,2024-12-01,Finance,3.43,3,False,False
491,2024-12-01,Operations,3.42,1,False,False
492,2024-12-01,Operations,3.09,3,False,False
493,2024-12-01,Finance,1.94,1,False,False
494,2024-12-01,Finance,2.93,5,False,False
495,2024-12-01,Sales,3.06,3,False,False
496,2024-12-01,HR,4.28,4,False,False
497,2024-12-01,Engineering,2.65,4,False,True
498,2024-12-01,Sales,2.66,1,False,False
499,2024-12-01,Operations,4.38,1,False,False
500,2024-12-01,HR,3.15,2,False,False
1,2025-01-01,Engineering,2.51,5,False,False
2,2025-01-01,Finance,3.48,2,False,False
3,2025-01-01,Finance,4.0,2,False,False
4,2025-01-01,HR,3.68,3,False,False
5,2025-01-01,HR,3.16,5,False,False
6,2025-01-01,Operations,2.15,4,False,False
7,2025-01-01,Engineering,3.59,3,False,False
8,2025-01-01,Finance,2.77,0,False,False
9,2025-01-01,Sales,2.74,3,False,False
10,2025-01-01,Engineering,3.49,1,False,False
11,2025-01-01,HR,4.14,3,False,False
12,2025-01-01,Operations,4.15,2,False,False
13,2025-01-01,Finance,4.32,1,False,False
14,2025-01-01,Finance,3.34,3,False,False
15,2025-01-01,Finance,3.76,2,False,False
16,2025-01-01,Finance,3.26,1,False,False
17,2025-01-01,HR,3.47,1,False,False
18,2025-01-01,Engineering,2.82,5,False,False
19,2025-01-01,Operations,3.35,1,False,False
20,2025-01-01,HR,3.17,5,False,False
21,2025-01-01,HR,2.66,4,False,False
22,2025-01-01,Sales,2.58,4,False,False
23,2025-01-01,Engineering,3.15,4,False,False
24,2025-01-01,Operations,3.29,2,False,False
25,2025-01-01,Finance,3.14,3,False,False
26,2025-01-01,Finance,3.68,5,False,False
27,2025-01-01,HR,3.19,3,False,False
28,2025-01-01,Operations,3.16,3,False,False
29,2025-01-01,HR,3.61,1,False,False
30,2025-01-01,HR,2.73,1,False,False
31,2025-01-01,HR,4.0,2,False,False
32,2025-01-01,Sales,2.6,0,False,False
33,2025-01-01,Engineering,2.26,4,False,False
34,2025-01-01,HR,2.37,3,False,False
35,2025-01-01,Operations,2.72,3,False,False
36,2025-01-01,Engineering,3.18,2,False,False
37,2025-01-01,Operations,3.11,0,False,False
38,2025-01-01,Operations,2.56,2,False,False
39,2025-01-01,Sales,3.49,4,False,False
40,2025-01-01,Finance,2.84,2,False,False
41,2025-01-01,Engineering,3.79,3,False,False
42,2025-01-01,Finance,2.98,1,False,False
43,2025-01-01,Finance,3.33,4,False,False
44,2025-01-01,Sales,1.79,3,False,False
45,2025-01-01,Engineering,3.52,4,False,False
46,2025-01-01,Operations,1.57,6,False,False
47,2025-01-01,HR,3.22,2,False,False
48,2025-01-01,Operations,3.23,3,False,False
49,2025-01-01,Finance,3.75,1,False,False
50,2025-01-01,Finance,3.83,2,False,False
51,2025-01-01,Finance,3.37,7,False,False
52,2025-01-01,Engineering,2.93,3,False,False
53,2025-01-01,Sales,3.78,7,False,False
54,2025-01-01,HR,2.6,6,False,False
55,2025-01-01,HR,3.34,3,False,False
56,2025-01-01,Engineering,3.78,0,False,False
57,2025-01-01,HR,3.04,2,False,False
58,2025-01-01,Engineering,4.06,3,False,False
59,2025-01-01,Finance,3.89,1,False,False
60,2025-01-01,Finance,2.91,2,False,False
61,2025-01-01,Operations,3.52,0,False,False
62,2025-01-01,Finance,3.12,2,False,False
63,2025-01-01,Sales,3.19,2,False,False
64,2025-01-01,Operations,2.39,7,False,False
65,2025-01-01,HR,3.04,2,False,False
66,2025-01-01,Sales,2.46,3,False,False
67,2025-01-01,Operations,3.09,4,False,False
68,2025-01-01,Sales,2.39,2,False,False
69,2025-01-01,Engineering,3.83,1,False,False
70,2025-01-01,HR,2.54,4,False,False
71,2025-01-01,Finance,3.74,1,False,False
72,2025-01-01,Engineering,3.38,2,False,False
73,2025-01-01,HR,4.1,3,False,False
74,2025-01-01,Engineering,2.23,4,False,False
75,2025-01-01,Finance,3.45,1,False,False
76,2025-01-01,HR,3.02,1,False,False
77,2025-01-01,Sales,3.94,3,False,False
78,2025-01-01,Sales,3.22,4,False,False
79,2025-01-01,HR,3.82,1,False,False
80,2025-01-01,Finance,2.78,4,False,False
81,2025-01-01,Operations,3.44,0,False,False
82,2025-01-01,HR,2.99,2,False,False
83,2025-01-01,Engineering,3.61,1,False,False
84,2025-01-01,Operations,2.35,5,False,False
85,2025-01-01,Finance,2.97,7,False,False
86,2025-01-01,Finance,3.2,0,False,False
87,2025-01-01,Engineering,3.67,1,False,False
88,2025-01-01,Sales,3.36,1,False,False
89,2025-01-01,Finance,3.48,5,False,False
90,2025-01-01,Operations,3.41,4,False,False
91,2025-01-01,HR,2.91,6,False,False
92,2025-01-01,Operations,3.22,5,False,False
93,2025-01-01,Operations,1.88,4,False,False
94,2025-01-01,Sales,3.11,2,False,False
95,2025-01-01,Operations,2.82,2,False,False
96,2025-01-01,Sales,4.17,1,False,False
97,2025-01-01,Sales,4.67,4,False,False
98,2025-01-01,Finance,3.13,3,False,False
99,2025-01-01,Finance,4.11,1,False,False
100,2025-01-01,Engineering,3.34,0,False,False
101,2025-01-01,Operations,3.03,4,False,False
102,2025-01-01,Engineering,3.74,5,False,False
103,2025-01-01,Operations,3.15,3,False,False
104,2025-01-01,Engineering,2.99,4,False,False
105,2025-01-01,Finance,3.72,4,False,False
106,2025-01-01,Finance,2.51,1,False,False
107,2025-01-01,Finance,2.25,1,False,False
108,2025-01-01,Finance,3.47,1,False,False
109,2025-01-01,HR,3.64,2,False,False
110,2025-01-01,Finance,3.06,5,False,False
111,2025-01-01,Sales,3.63,1,False,False
112,2025-01-01,Finance,3.51,1,False,False
113,2025-01-01,HR,3.41,3,False,False
114,2025-01-01,HR,2.58,1,False,False
115,2025-01-01,HR,3.82,1,False,False
116,2025-01-01,HR,4.0,2,False,False
117,2025-01-01,Engineering,3.28,2,False,False
118,2025-01-01,Engineering,3.71,4,False,False
119,2025-01-01,Sales,3.28,3,False,False
120,2025-01-01,Engineering,3.56,3,False,False
121,2025-01-01,HR,3.17,3,False,False
122,2025-01-01,Finance,3.6,0,False,False
123,2025-01-01,Finance,2.95,2,False,False
124,2025-01-01,HR,2.46,3,False,False
125,2025-01-01,Operations,3.61,4,False,False
126,2025-01-01,HR,2.1,2,False,False
127,2025-01-01,Engineering,2.82,2,False,False
128,2025-01-01,Finance,3.42,2,False,False
129,2025-01-01,HR,3.5,6,False,False
130,2025-01-01,Finance,3.78,1,False,False
131,2025-01-01,HR,3.24,3,False,False
132,2025-01-01,HR,2.26,2,False,False
133,2025-01-01,Engineering,3.3,2,False,False
134,2025-01-01,HR,2.82,3,False,False
135,2025-01-01,Finance,2.93,1,False,False
136,2025-01-01,Sales,3.98,1,False,False
137,2025-01-01,Finance,2.64,6,False,False
138,2025-01-01,Engineering,3.23,1,False,False
139,2025-01-01,Sales,3.0,3,False,False
140,2025-01-01,HR,3.8,4,False,False
141,2025-01-01,Operations,3.22,2,False,False
142,2025-01-01,Sales,3.21,1,False,False
143,2025-01-01,Sales,3.37,1,False,False
144,2025-01-01,HR,3.03,2,False,False
145,2025-01-01,Operations,3.19,1,False,False
146,2025-01-01,Operations,3.74,2,False,False
147,2025-01-01,Engineering,3.43,5,False,False
148,2025-01-01,Sales,3.25,1,False,False
149,2025-01-01,Operations,2.3,5,False,False
150,2025-01-01,Engineering,3.48,2,False,False
151,2025-01-01,Operations,3.19,2,False,False
152,2025-01-01,Sales,2.95,6,False,False
153,2025-01-01,Operations,3.42,0,False,False
154,2025-01-01,Sales,3.45,3,False,False
155,2025-01-01,HR,3.65,4,False,False
156,2025-01-01,Finance,3.27,2,False,False
157,2025-01-01,Engineering,3.64,1,False,False
158,2025-01-01,HR,3.1,1,False,False
159,2025-01-01,HR,2.8,1,False,False
160,2025-01-01,Finance,3.69,2,False,False
161,2025-01-01,Operations,1.67,5,False,False
162,2025-01-01,Finance,2.52,4,False,False
163,2025-01-01,HR,2.36,4,False,False
164,2025-01-01,HR,2.55,2,False,False
165,2025-01-01,HR,3.44,4,False,False
166,2025-01-01,Operations,3.62,2,False,False
167,2025-01-01,Sales,2.91,3,False,False
168,2025-01-01,Engineering,4.23,3,False,False
169,2025-01-01,Sales,3.9,3,False,False
170,2025-01-01,Engineering,3.13,2,False,False
171,2025-01-01,Engineering,4.22,1,False,False
172,2025-01-01,Engineering,3.75,2,False,False
173,2025-01-01,Finance,3.17,1,False,False
174,2025-01-01,Finance,3.17,5,False,False
175,2025-01-01,Finance,3.38,1,False,False
176,2025-01-01,HR,3.18,2,False,False
177,2025-01-01,Finance,4.17,1,False,False
178,2025-01-01,Engineering,1.91,3,False,False
179,2025-01-01,Operations,2.3,6,False,False
180,2025-01-01,HR,2.73,4,False,False
181,2025-01-01,Operations,3.37,5,False,False
182,2025-01-01,Engineering,2.64,4,False,False
183,2025-01-01,HR,2.71,2,False,False
184,2025-01-01,Finance,3.05,2,False,False
185,2025-01-01,HR,2.19,3,False,False
186,2025-01-01,HR,4.59,0,False,False
187,2025-01-01,Engineering,4.14,1,False,False
188,2025-01-01,Sales,2.99,2,False,False
189,2025-01-01,Sales,2.82,1,False,False
190,2025-01-01,Sales,3.07,3,False,False
191,2025-01-01,Finance,2.62,1,False,False
192,2025-01-01,Finance,3.42,0,False,False
193,2025-01-01,Finance,3.11,4,True,False
194,2025-01-01,Sales,3.74,2,False,False
195,2025-01-01,Operations,1.64,7,False,False
196,2025-01-01,Engineering,2.8,4,False,False
197,2025-01-01,Sales,3.47,1,False,False
198,2025-01-01,Engineering,3.76,4,False,False
199,2025-01-01,Sales,2.98,5,False,False
200,2025-01-01,Operations,2.13,7,False,False
201,2025-01-01,Sales,3.85,3,False,False
202,2025-01-01,Operations,2.85,4,False,False
203,2025-01-01,HR,3.22,1,False,False
204,2025-01-01,Finance,2.96,2,False,False
205,2025-01-01,HR,1.87,1,False,False
206,2025-01-01,Sales,3.03,4,False,False
207,2025-01-01,Finance,3.23,1,False,False
208,2025-01-01,Operations,3.44,7,False,False
209,2025-01-01,Sales,2.97,1,False,False
210,2025-01-01,Finance,4.0,1,False,False
211,2025-01-01,Sales,3.78,1,False,False
212,2025-01-01,Finance,3.07,1,False,False
213,2025-01-01,Finance,3.64,3,False,False
214,2025-01-01,HR,4.06,4,False,False
215,2025-01-01,Finance,4.63,0,False,False
216,2025-01-01,Sales,2.59,4,False,False
217,2025-01-01,Engineering,2.82,4,False,False
218,2025-01-01,Engineering,4.1,2,False,False
219,2025-01-01,HR,2.19,2,False,False
220,2025-01-01,Operations,2.45,4,False,False
221,2025-01-01,Engineering,2.7,2,False,False
222,2025-01-01,HR,3.66,2,False,False
223,2025-01-01,Finance,3.49,3,False,False
224,2025-01-01,Sales,2.62,0,True,False
225,2025-01-01,Finance,3.07,4,False,False
226,2025-01-01,Sales,2.54,5,False,False
227,2025-01-01,Operations,2.93,5,False,False
228,2025-01-01,HR,3.87,2,False,False
229,2025-01-01,HR,3.24,1,False,False
230,2025-01-01,Engineering,4.02,3,False,False
231,2025-01-01,HR,2.83,4,False,False
232,2025-01-01,Operations,2.84,6,False,False
233,2025-01-01,Engineering,3.24,4,False,False
234,2025-01-01,Finance,2.24,4,False,False
235,2025-01-01,HR,1.87,5,False,False
236,2025-01-01,Finance,2.41,3,False,False
237,2025-01-01,Finance,2.37,3,False,False
238,2025-01-01,HR,2.32,4,False,False
239,2025-01-01,Sales,4.08,2,False,False
240,2025-01-01,Finance,3.6,3,False,False
241,2025-01-01,Engineering,4.57,1,False,False
242,2025-01-01,HR,3.26,1,False,False
243,2025-01-01,Engineering,3.68,3,False,False
244,2025-01-01,Finance,2.41,6,False,False
245,2025-01-01,Finance,3.87,2,False,False
246,2025-01-01,Engineering,3.45,3,False,False
247,2025-01-01,Finance,2.97,5,False,False
248,2025-01-01,HR,3.14,2,False,False
249,2025-01-01,Finance,3.35,3,False,False
250,2025-01-01,Engineering,2.77,3,False,False
251,2025-01-01,Engineering,3.33,3,False,False
252,2025-01-01,HR,2.17,3,False,False
253,2025-01-01,Engineering,2.95,2,False,False
254,2025-01-01,Sales,3.94,1,False,False
255,2025-01-01,Finance,2.75,0,False,False
256,2025-01-01,Engineering,3.44,4,False,False
257,2025-01-01,Finance,3.63,0,False,False
258,2025-01-01,Engineering,3.34,1,False,False
259,2025-01-01,Engineering,3.51,5,False,False
260,2025-01-01,HR,3.98,6,False,False
261,2025-01-01,Finance,2.56,8,False,False
262,2025-01-01,Engineering,4.35,2,False,False
263,2025-01-01,Sales,3.21,4,False,False
264,2025-01-01,Operations,4.16,5,False,False
265,2025-01-01,Operations,2.92,5,False,False
266,2025-01-01,HR,3.08,5,False,False
267,2025-01-01,HR,2.29,5,False,False
268,2025-01-01,Sales,2.95,4,False,False
269,2025-01-01,Finance,1.89,3,False,False
270,2025-01-01,HR,3.4,1,False,False
271,2025-01-01,Sales,4.03,2,False,False
272,2025-01-01,Engineering,3.45,6,False,False
273,2025-01-01,Engineering,3.09,2,False,False
274,2025-01-01,Operations,3.12,5,False,False
275,2025-01-01,HR,3.12,4,False,False
276,2025-01-01,HR,3.76,2,False,False
277,2025-01-01,HR,2.85,0,False,False
278,2025-01-01,Finance,3.61,6,False,False
279,2025-01-01,Engineering,2.9,4,False,False
280,2025-01-01,Engineering,4.25,2,False,False
281,2025-01-01,Sales,3.4,2,False,False
282,2025-01-01,HR,3.74,0,False,False
283,2025-01-01,Finance,2.61,3,False,False
284,2025-01-01,HR,2.61,6,False,False
285,2025-01-01,HR,2.85,1,False,False
286,2025-01-01,Operations,2.59,3,False,False
287,2025-01-01,Engineering,3.18,6,False,False
288,2025-01-01,HR,3.5,4,False,False
289,2025-01-01,HR,3.28,3,False,False
290,2025-01-01,HR,3.43,2,False,False
291,2025-01-01,Operations,3.39,1,False,False
292,2025-01-01,Sales,2.65,5,False,False
293,2025-01-01,Operations,3.55,2,False,False
294,2025-01-01,Sales,3.14,4,False,False
295,2025-01-01,HR,2.99,4,False,False
296,2025-01-01,HR,2.62,1,False,False
297,2025-01-01,Operations,4.59,3,False,False
298,2025-01-01,HR,3.37,7,False,False
299,2025-01-01,Sales,2.78,1,False,False
300,2025-01-01,Engineering,4.01,1,False,False
301,2025-01-01,Sales,1.49,2,False,False
302,2025-01-01,Operations,1.94,6,False,False
303,2025-01-01,Engineering,3.9,2,False,False
304,2025-01-01,Operations,3.58,1,False,False
305,2025-01-01,HR,3.41,6,False,False
306,2025-01-01,Engineering,2.95,4,False,False
307,2025-01-01,Sales,3.19,2,False,False
308,2025-01-01,HR,3.66,6,False,False
309,2025-01-01,Sales,3.38,4,False,False
310,2025-01-01,Engineering,3.93,1,False,False
311,2025-01-01,Finance,2.35,1,False,False
312,2025-01-01,Finance,3.31,1,False,False
313,2025-01-01,Engineering,2.6,2,False,False
314,2025-01-01,Sales,2.86,5,False,False
315,2025-01-01,Sales,3.94,0,False,False
316,2025-01-01,Finance,2.7,3,False,False
317,2025-01-01,Finance,2.58,3,False,False
318,2025-01-01,Finance,2.29,2,False,False
319,2025-01-01,Operations,2.87,6,False,False
320,2025-01-01,Finance,3.84,3,False,False
321,2025-01-01,Sales,1.72,4,False,False
322,2025-01-01,Engineering,3.72,1,False,False
323,2025-01-01,Finance,3.28,2,False,False
324,2025-01-01,Operations,3.29,3,False,False
325,2025-01-01,Operations,2.08,5,False,False
326,2025-01-01,Sales,2.43,6,False,False
327,2025-01-01,Sales,4.02,0,False,False
328,2025-01-01,Engineering,2.41,5,False,False
329,2025-01-01,Engineering,3.59,3,False,False
330,2025-01-01,HR,1.84,5,False,False
331,2025-01-01,HR,3.26,2,False,False
332,2025-01-01,Sales,2.52,2,False,False
333,2025-01-01,Sales,3.17,2,False,False
334,2025-01-01,Operations,2.98,1,False,False
335,2025-01-01,HR,4.17,2,False,False
336,2025-01-01,Operations,3.5,3,False,False
337,2025-01-01,Operations,3.57,3,False,False
338,2025-01-01,Sales,2.15,5,True,False
339,2025-01-01,Sales,3.07,5,False,False
340,2025-01-01,Operations,3.16,3,True,False
341,2025-01-01,Finance,2.89,4,False,False
342,2025-01-01,Sales,3.11,3,False,False
343,2025-01-01,Finance,2.81,2,False,False
344,2025-01-01,HR,2.55,7,False,False
345,2025-01-01,Operations,3.09,1,False,False
346,2025-01-01,Sales,2.66,1,False,False
347,2025-01-01,Operations,1.95,6,False,False
348,2025-01-01,Operations,2.49,5,False,False
349,2025-01-01,Engineering,3.91,4,False,False
350,2025-01-01,Engineering,2.52,1,False,False
351,2025-01-01,HR,3.12,1,False,False
352,2025-01-01,Engineering,4.12,3,False,False
353,2025-01-01,Sales,3.73,7,False,False
354,2025-01-01,HR,2.95,2,False,False
355,2025-01-01,Operations,3.65,3,False,False
356,2025-01-01,Operations,3.69,3,False,False
357,2025-01-01,Engineering,3.65,3,False,False
358,2025-01-01,Operations,4.06,2,False,False
359,2025-01-01,Engineering,3.48,3,False,False
360,2025-01-01,Finance,3.07,3,False,False
361,2025-01-01,Operations,3.71,4,False,False
362,2025-01-01,Operations,3.77,3,False,False
363,2025-01-01,Sales,2.49,5,False,False
364,2025-01-01,Operations,2.85,2,False,False
365,2025-01-01,Engineering,4.76,0,False,False
366,2025-01-01,HR,3.67,2,False,False
367,2025-01-01,HR,2.98,5,False,False
368,2025-01-01,Sales,4.11,2,False,False
369,2025-01-01,Engineering,3.29,3,False,False
370,2025-01-01,Finance,2.52,4,False,False
371,2025-01-01,Sales,3.53,1,False,False
372,2025-01-01,Finance,2.37,3,False,False
373,2025-01-01,HR,2.84,2,False,False
374,2025-01-01,Sales,3.78,2,False,False
375,2025-01-01,Operations,3.64,2,False,False
376,2025-01-01,Engineering,3.3,4,False,False
377,2025-01-01,Finance,2.98,3,False,False
378,2025-01-01,Finance,3.18,5,False,False
379,2025-01-01,Sales,3.0,3,False,False
380,2025-01-01,Sales,3.21,4,False,False
381,2025-01-01,Engineering,3.42,6,False,False
382,2025-01-01,Operations,2.57,7,False,False
383,2025-01-01,Operations,3.52,3,False,False
384,2025-01-01,Sales,2.62,2,False,False
385,2025-01-01,Engineering,3.87,3,False,False
386,2025-01-01,Engineering,3.2,4,False,False
387,2025-01-01,Engineering,3.61,3,False,False
388,2025-01-01,Operations,3.4,4,False,False
389,2025-01-01,Operations,3.27,2,False,False
390,2025-01-01,Engineering,2.39,2,False,False
391,2025-01-01,Finance,3.2,2,False,False
392,2025-01-01,Engineering,3.81,2,False,False
393,2025-01-01,Sales,2.32,4,False,False
394,2025-01-01,HR,3.45,1,False,False
395,2025-01-01,Finance,3.5,1,False,False
396,2025-01-01,Operations,3.55,2,False,False
397,2025-01-01,Engineering,3.32,2,False,False
398,2025-01-01,Engineering,3.09,3,False,False
399,2025-01-01,Sales,3.42,2,False,False
400,2025-01-01,Sales,3.89,1,False,False
401,2025-01-01,Operations,1.07,7,False,False
402,2025-01-01,Finance,2.5,5,False,False
403,2025-01-01,Sales,2.9,3,False,False
404,2025-01-01,Operations,2.36,4,False,False
405,2025-01-01,HR,2.88,3,False,False
406,2025-01-01,HR,3.87,0,False,False
407,2025-01-01,HR,2.46,6,False,False
408,2025-01-01,Engineering,3.0,4,False,False
409,2025-01-01,Operations,2.47,4,False,False
410,2025-01-01,Engineering,2.6,3,False,False
411,2025-01-01,Engineering,4.38,0,False,False
412,2025-01-01,Sales,2.49,3,False,False
413,2025-01-01,Sales,3.25,4,False,False
414,2025-01-01,Engineering,2.93,1,False,False
415,2025-01-01,Engineering,4.58,0,False,False
416,2025-01-01,Finance,3.39,3,False,False
417,2025-01-01,Operations,2.97,2,False,False
418,2025-01-01,Engineering,4.01,0,False,False
419,2025-01-01,Sales,2.05,3,False,False
420,2025-01-01,HR,4.02,0,False,False
421,2025-01-01,Operations,3.17,1,False,False
422,2025-01-01,Finance,3.11,1,False,False
423,2025-01-01,Finance,3.06,3,False,False
424,2025-01-01,HR,2.35,2,False,False
425,2025-01-01,HR,3.05,6,False,False
426,2025-01-01,Engineering,4.02,1,False,False
427,2025-01-01,Operations,3.47,4,False,False
428,2025-01-01,Operations,2.9,7,False,False
429,2025-01-01,Engineering,3.61,3,False,False
430,2025-01-01,Finance,3.08,3,False,False
431,2025-01-01,Engineering,4.47,2,False,False
432,2025-01-01,Finance,2.59,2,False,False
433,2025-01-01,Operations,3.27,2,False,False
434,2025-01-01,Engineering,4.26,1,False,False
435,2025-01-01,HR,2.66,2,False,False
436,2025-01-01,Engineering,5.0,0,False,False
437,2025-01-01,HR,3.2,5,False,False
438,2025-01-01,Operations,3.17,3,False,False
439,2025-01-01,Engineering,3.3,1,False,False
440,2025-01-01,Sales,3.05,3,False,False
441,2025-01-01,Operations,3.17,6,False,False
442,2025-01-01,Sales,3.17,2,False,False
443,2025-01-01,Engineering,4.51,1,False,False
444,2025-01-01,HR,3.14,3,False,False
445,2025-01-01,HR,2.46,5,False,False
446,2025-01-01,Finance,3.24,1,False,False
447,2025-01-01,Sales,4.1,3,False,False
448,2025-01-01,Operations,3.15,3,False,False
449,2025-01-01,HR,3.91,5,False,False
450,2025-01-01,Sales,2.89,3,False,False
451,2025-01-01,Operations,2.26,3,False,False
452,2025-01-01,Operations,2.58,3,False,False
453,2025-01-01,HR,2.33,5,False,False
454,2025-01-01,Engineering,3.17,2,False,False
455,2025-01-01,HR,3.25,4,False,False
456,2025-01-01,HR,2.97,4,False,False
457,2025-01-01,Engineering,1.78,6,False,False
458,2025-01-01,Finance,2.62,4,False,False
459,2025-01-01,Operations,4.3,0,False,False
460,2025-01-01,Engineering,3.14,3,False,False
461,2025-01-01,Finance,3.06,3,False,False
462,2025-01-01,Engineering,2.81,2,False,False
463,2025-01-01,Finance,4.28,0,False,False
464,2025-01-01,HR,2.85,6,False,False
465,2025-01-01,Engineering,3.82,0,False,False
466,2025-01-01,Operations,4.15,1,False,False
467,2025-01-01,Engineering,3.95,2,False,False
468,2025-01-01,HR,2.78,6,False,False
469,2025-01-01,Engineering,3.22,4,False,False
470,2025-01-01,Operations,2.52,3,False,False
471,2025-01-01,Finance,3.36,3,False,False
472,2025-01-01,Operations,3.11,5,False,False
473,2025-01-01,HR,2.82,1,False,False
474,2025-01-01,HR,3.76,1,False,False
475,2025-01-01,Finance,2.7,1,False,False
476,2025-01-01,Finance,4.17,1,False,False
477,2025-01-01,Operations,2.86,3,False,False
478,2025-01-01,Engineering,4.29,1,False,False
479,2025-01-01,Finance,3.11,2,False,False
480,2025-01-01,Engineering,4.18,2,False,False
481,2025-01-01,Sales,2.99,1,False,False
482,2025-01-01,Operations,2.76,2,False,False
483,2025-01-01,Sales,3.52,3,False,False
484,2025-01-01,Finance,3.95,3,False,False
485,2025-01-01,HR,3.14,4,False,False
486,2025-01-01,Sales,2.83,2,False,False
487,2025-01-01,Sales,2.39,2,False,False
488,2025-01-01,HR,2.12,0,False,False
489,2025-01-01,Finance,2.22,3,False,False
490,2025-01-01,Finance,3.67,2,False,False
491,2025-01-01,Operations,3.46,3,False,False
492,2025-01-01,Operations,3.41,2,False,False
493,2025-01-01,Finance,1.86,7,False,False
494,2025-01-01,Finance,3.12,2,False,False
495,2025-01-01,Sales,2.98,4,False,False
496,2025-01-01,HR,4.38,2,False,False
497,2025-01-01,Engineering,2.56,4,False,False
498,2025-01-01,Sales,2.74,2,False,False
499,2025-01-01,Operations,4.59,1,False,False
500,2025-01-01,HR,3.4,4,False,False
1,2025-02-01,Engineering,2.28,3,False,False
2,2025-02-01,Finance,3.47,4,False,False
3,2025-02-01,Finance,4.05,5,False,False
4,2025-02-01,HR,3.58,2,False,False
5,2025-02-01,HR,2.94,1,False,False
6,2025-02-01,Operations,2.41,5,False,False
7,2025-02-01,Engineering,3.73,2,False,False
8,2025-02-01,Finance,2.92,4,False,False
9,2025-02-01,Sales,2.69,3,False,False
10,2025-02-01,Engineering,3.57,3,False,False
11,2025-02-01,HR,4.29,0,False,False
12,2025-02-01,Operations,4.36,4,False,False
13,2025-02-01,Finance,4.19,1,False,False
14,2025-02-01,Finance,3.48,3,False,False
15,2025-02-01,Finance,3.97,2,False,False
16,2025-02-01,Finance,2.99,0,False,False
17,2025-02-01,HR,3.67,3,False,False
18,2025-02-01,Engineering,3.03,0,False,False
19,2025-02-01,Operations,3.38,0,False,False
20,2025-02-01,HR,3.12,5,False,False
21,2025-02-01,HR,2.61,1,False,False
22,2025-02-01,Sales,2.52,5,False,False
23,2025-02-01,Engineering,3.37,2,False,False
24,2025-02-01,Operations,3.17,1,False,False
25,2025-02-01,Finance,3.23,7,False,False
26,2025-02-01,Finance,3.51,3,False,False
27,2025-02-01,HR,3.31,2,False,False
28,2025-02-01,Operations,3.04,5,False,False
29,2025-02-01,HR,3.87,0,False,False
30,2025-02-01,HR,2.69,2,False,False
31,2025-02-01,HR,4.02,0,False,False
32,2025-02-01,Sales,2.64,3,False,False
33,2025-02-01,Engineering,2.16,8,False,False
34,2025-02-01,HR,2.49,6,False,False
35,2025-02-01,Operations,2.61,5,False,False
36,2025-02-01,Engineering,3.09,5,False,False
37,2025-02-01,Operations,2.85,5,False,False
38,2025-02-01,Operations,2.6,2,False,False
39,2025-02-01,Sales,3.54,2,False,False
40,2025-02-01,Finance,2.8,3,False,False
41,2025-02-01,Engineering,3.63,0,False,False
42,2025-02-01,Finance,3.14,5,False,False
43,2025-02-01,Finance,3.2,2,False,False
44,2025-02-01,Sales,1.59,3,False,False
45,2025-02-01,Engineering,3.47,1,False,False
46,2025-02-01,Operations,1.66,5,False,False
47,2025-02-01,HR,2.79,2,False,False
48,2025-02-01,Operations,3.12,2,False,False
49,2025-02-01,Finance,3.84,2,False,False
50,2025-02-01,Finance,3.91,2,False,False
51,2025-02-01,Finance,3.68,3,False,False
52,2025-02-01,Engineering,3.04,3,False,False
53,2025-02-01,Sales,3.78,1,False,False
54,2025-02-01,HR,2.49,5,False,False
55,2025-02-01,HR,3.63,2,False,False
56,2025-02-01,Engineering,3.81,0,False,False
57,2025-02-01,HR,3.05,2,False,False
58,2025-02-01,Engineering,3.96,2,False,False
59,2025-02-01,Finance,3.79,0,False,False
60,2025-02-01,Finance,2.85,2,False,False
61,2025-02-01,Operations,3.5,3,False,False
62,2025-02-01,Finance,3.05,4,False,False
63,2025-02-01,Sales,3.0,1,False,False
64,2025-02-01,Operations,2.4,4,False,False
65,2025-02-01,HR,3.11,2,False,False
66,2025-02-01,Sales,2.69,4,False,False
67,2025-02-01,Operations,3.03,2,False,False
68,2025-02-01,Sales,2.34,6,False,False
69,2025-02-01,Engineering,3.66,2,False,False
70,2025-02-01,HR,2.55,2,False,False
71,2025-02-01,Finance,3.71,2,False,False
72,2025-02-01,Engineering,3.26,1,False,False
73,2025-02-01,HR,4.07,3,False,False
74,2025-02-01,Engineering,2.09,1,False,False
75,2025-02-01,Finance,3.46,5,False,False
76,2025-02-01,HR,2.93,3,False,False
77,2025-02-01,Sales,3.8,3,False,False
78,2025-02-01,Sales,3.08,4,False,False
79,2025-02-01,HR,3.46,1,False,False
80,2025-02-01,Finance,2.68,4,False,False
81,2025-02-01,Operations,3.51,2,False,False
82,2025-02-01,HR,3.16,1,False,False
83,2025-02-01,Engineering,3.36,1,False,False
84,2025-02-01,Operations,2.49,3,False,False
85,2025-02-01,Finance,3.04,0,False,False
86,2025-02-01,Finance,3.09,1,False,False
87,2025-02-01,Engineering,3.74,2,False,False
88,2025-02-01,Sales,3.51,3,False,False
89,2025-02-01,Finance,3.48,3,False,False
90,2025-02-01,Operations,3.23,3,False,False
91,2025-02-01,HR,2.66,2,False,False
92,2025-02-01,Operations,3.59,2,False,False
93,2025-02-01,Operations,2.06,4,False,False
94,2025-02-01,Sales,3.22,1,False,False
95,2025-02-01,Operations,2.83,4,False,False
96,2025-02-01,Sales,4.18,2,False,False
97,2025-02-01,Sales,4.69,3,False,False
98,2025-02-01,Finance,3.13,0,False,False
99,2025-02-01,Finance,3.93,2,False,False
100,2025-02-01,Engineering,3.38,2,False,False
101,2025-02-01,Operations,2.98,2,False,False
102,2025-02-01,Engineering,4.01,0,False,False
103,2025-02-01,Operations,3.36,3,False,False
104,2025-02-01,Engineering,3.1,1,False,False
105,2025-02-01,Finance,3.32,3,False,False
106,2025-02-01,Finance,2.26,4,False,False
107,2025-02-01,Finance,2.28,0,False,False
108,2025-02-01,Finance,3.37,4,False,False
109,2025-02-01,HR,3.32,2,False,False
110,2025-02-01,Finance,3.31,2,False,False
111,2025-02-01,Sales,3.49,2,False,False
112,2025-02-01,Finance,3.51,2,False,False
113,2025-02-01,HR,3.24,1,False,False
114,2025-02-01,HR,2.65,2,False,False
115,2025-02-01,HR,3.95,4,False,False
116,2025-02-01,HR,3.93,5,False,False
117,2025-02-01,Engineering,3.37,1,False,False
118,2025-02-01,Engineering,3.67,2,False,False
119,2025-02-01,Sales,3.31,2,False,False
120,2025-02-01,Engineering,3.65,4,False,False
121,2025-02-01,HR,3.25,1,False,False
122,2025-02-01,Finance,3.46,1,False,False
123,2025-02-01,Finance,3.24,1,False,False
124,2025-02-01,HR,2.42,2,False,False
125,2025-02-01,Operations,3.55,3,False,False
126,2025-02-01,HR,2.08,3,False,False
127,2025-02-01,Engineering,3.04,2,False,False
128,2025-02-01,Finance,3.69,1,False,False
129,2025-02-01,HR,3.41,2,False,False
130,2025-02-01,Finance,3.7,5,False,False
131,2025-02-01,HR,3.23,4,False,False
132,2025-02-01,HR,2.31,1,False,False
133,2025-02-01,Engineering,3.2,3,False,False
134,2025-02-01,HR,2.93,3,False,False
135,2025-02-01,Finance,2.63,2,False,False
136,2025-02-01,Sales,4.02,2,False,False
137,2025-02-01,Finance,2.71,8,False,False
138,2025-02-01,Engineering,3.44,2,False,False
139,2025-02-01,Sales,3.17,6,False,False
140,2025-02-01,HR,3.76,4,False,False
141,2025-02-01,Operations,3.27,1,False,False
142,2025-02-01,Sales,3.4,4,False,False
143,2025-02-01,Sales,3.48,1,False,False
144,2025-02-01,HR,3.13,2,False,False
145,2025-02-01,Operations,3.17,1,False,False
146,2025-02-01,Operations,3.85,3,False,False
147,2025-02-01,Engineering,3.33,1,False,False
148,2025-02-01,Sales,2.97,4,False,False
149,2025-02-01,Operations,2.45,3,False,False
150,2025-02-01,Engineering,3.5,5,False,False
151,2025-02-01,Operations,3.21,2,False,False
152,2025-02-01,Sales,3.07,3,False,False
153,2025-02-01,Operations,3.54,2,False,False
154,2025-02-01,Sales,3.33,1,False,False
155,2025-02-01,HR,3.89,2,False,False
156,2025-02-01,Finance,3.22,3,False,False
157,2025-02-01,Engineering,3.63,1,False,False
158,2025-02-01,HR,3.21,2,False,False
159,2025-02-01,HR,2.61,3,False,False
160,2025-02-01,Finance,3.78,5,False,False
161,2025-02-01,Operations,1.77,7,False,False
162,2025-02-01,Finance,2.69,2,False,False
163,2025-02-01,HR,2.26,5,False,False
164,2025-02-01,HR,2.8,1,False,False
165,2025-02-01,HR,3.43,4,False,False
166,2025-02-01,Operations,3.33,3,False,False
167,2025-02-01,Sales,2.81,1,False,False
168,2025-02-01,Engineering,4.35,1,False,False
169,2025-02-01,Sales,3.96,2,False,False
170,2025-02-01,Engineering,3.22,4,False,False
171,2025-02-01,Engineering,4.16,0,False,False
172,2025-02-01,Engineering,3.79,0,False,False
173,2025-02-01,Finance,2.98,1,False,False
174,2025-02-01,Finance,3.2,1,False,False
175,2025-02-01,Finance,3.48,6,False,False
176,2025-02-01,HR,3.24,3,False,False
177,2025-02-01,Finance,3.9,4,False,False
178,2025-02-01,Engineering,1.71,3,False,False
179,2025-02-01,Operations,2.4,0,False,False
180,2025-02-01,HR,2.89,0,False,False
181,2025-02-01,Operations,3.05,1,False,False
182,2025-02-01,Engineering,2.86,1,False,False
183,2025-02-01,HR,2.63,4,False,False
184,2025-02-01,Finance,3.19,2,False,False
185,2025-02-01,HR,2.21,2,False,False
186,2025-02-01,HR,4.41,0,False,False
187,2025-02-01,Engineering,4.16,0,False,False
188,2025-02-01,Sales,3.06,2,False,False
189,2025-02-01,Sales,2.74,2,False,False
190,2025-02-01,Sales,2.76,4,False,False
191,2025-02-01,Finance,2.83,2,False,False
192,2025-02-01,Finance,3.65,3,False,False
193,2025-02-01,Finance,3.02,1,False,False
194,2025-02-01,Sales,3.69,2,False,False
195,2025-02-01,Operations,1.95,2,True,False
196,2025-02-01,Engineering,2.99,3,False,False
197,2025-02-01,Sales,3.52,4,False,False
198,2025-02-01,Engineering,3.58,1,False,False
199,2025-02-01,Sales,2.78,3,False,False
200,2025-02-01,Operations,2.31,3,False,False
201,2025-02-01,Sales,3.56,1,False,False
202,2025-02-01,Operations,2.7,1,False,False
203,2025-02-01,HR,3.05,4,False,False
204,2025-02-01,Finance,2.89,2,False,False
205,2025-02-01,HR,1.96,5,False,False
206,2025-02-01,Sales,3.1,3,False,False
207,2025-02-01,Finance,2.95,6,False,False
208,2025-02-01,Operations,3.45,4,False,False
209,2025-02-01,Sales,3.19,0,False,False
210,2025-02-01,Finance,3.76,2,False,False
211,2025-02-01,Sales,3.76,0,False,False
212,2025-02-01,Finance,3.11,1,False,False
213,2025-02-01,Finance,3.83,3,False,False
214,2025-02-01,HR,4.32,3,False,False
215,2025-02-01,Finance,4.62,3,False,False
216,2025-02-01,Sales,2.77,5,False,False
217,2025-02-01,Engineering,2.9,1,False,False
218,2025-02-01,Engineering,4.01,4,False,False
219,2025-02-01,HR,2.27,5,False,False
220,2025-02-01,Operations,2.65,6,False,False
221,2025-02-01,Engineering,2.69,5,False,False
222,2025-02-01,HR,3.5,1,False,False
223,2025-02-01,Finance,3.34,4,False,False
224,2025-02-01,Sales,2.45,4,False,False
225,2025-02-01,Finance,3.19,5,False,False
226,2025-02-01,Sales,2.48,3,False,False
227,2025-02-01,Operations,2.93,2,False,False
228,2025-02-01,HR,3.77,2,False,False
229,2025-02-01,HR,3.38,2,False,False
230,2025-02-01,Engineering,3.98,3,False,False
231,2025-02-01,HR,3.11,0,False,False
232,2025-02-01,Operations,2.84,2,False,False
233,2025-02-01,Engineering,3.4,2,False,False
234,2025-02-01,Finance,2.08,3,False,False
235,2025-02-01,HR,2.23,2,False,False
236,2025-02-01,Finance,2.39,2,False,False
237,2025-02-01,Finance,2.38,2,False,False
238,2025-02-01,HR,2.3,3,False,False
239,2025-02-01,Sales,4.06,1,False,False
240,2025-02-01,Finance,3.71,1,False,False
241,2025-02-01,Engineering,4.34,1,False,False
242,2025-02-01,HR,3.46,2,False,False
243,2025-02-01,Engineering,3.97,3,False,False
244,2025-02-01,Finance,2.5,5,False,False
245,2025-02-01,Finance,3.99,3,False,False
246,2025-02-01,Engineering,3.58,2,False,False
247,2025-02-01,Finance,2.96,0,False,False
248,2025-02-01,HR,2.99,2,False,False
249,2025-02-01,Finance,3.23,3,False,False
250,2025-02-01,Engineering,2.82,4,False,False
251,2025-02-01,Engineering,3.15,2,False,False
252,2025-02-01,HR,2.12,6,False,False
253,2025-02-01,Engineering,2.81,2,False,False
254,2025-02-01,Sales,3.77,1,False,False
255,2025-02-01,Finance,2.78,6,False,False
256,2025-02-01,Engineering,3.16,3,False,False
257,2025-02-01,Finance,3.9,2,False,False
258,2025-02-01,Engineering,3.4,3,False,False
259,2025-02-01,Engineering,3.46,1,False,False
260,2025-02-01,HR,3.95,1,False,False
261,2025-02-01,Finance,2.48,7,False,False
262,2025-02-01,Engineering,4.11,1,False,False
263,2025-02-01,Sales,3.26,5,False,False
264,2025-02-01,Operations,3.85,5,False,False
265,2025-02-01,Operations,3.16,4,False,False
266,2025-02-01,HR,3.26,2,False,False
267,2025-02-01,HR,2.3,1,False,False
268,2025-02-01,Sales,2.9,4,False,False
269,2025-02-01,Finance,2.12,1,False,False
270,2025-02-01,HR,3.44,1,False,False
271,2025-02-01,Sales,4.08,1,False,False
272,2025-02-01,Engineering,3.3,2,False,False
273,2025-02-01,Engineering,3.09,4,False,False
274,2025-02-01,Operations,3.0,3,False,False
275,2025-02-01,HR,3.28,3,False,False
276,2025-02-01,HR,3.89,1,True,False
277,2025-02-01,HR,3.24,2,False,False
278,2025-02-01,Finance,3.75,1,False,False
279,2025-02-01,Engineering,2.78,1,False,False
280,2025-02-01,Engineering,4.32,0,False,False
281,2025-02-01,Sales,3.4,4,False,False
282,2025-02-01,HR,3.69,2,False,False
283,2025-02-01,Finance,2.73,2,False,False
284,2025-02-01,HR,2.66,2,False,False
285,2025-02-01,HR,2.84,5,False,False
286,2025-02-01,Operations,2.62,3,False,False
287,2025-02-01,Engineering,3.08,4,False,False
288,2025-02-01,HR,3.5,3,False,False
289,2025-02-01,HR,3.4,1,False,False
290,2025-02-01,HR,3.52,3,False,False
291,2025-02-01,Operations,3.53,3,False,False
292,2025-02-01,Sales,2.81,9,False,False
293,2025-02-01,Operations,3.51,2,False,False
294,2025-02-01,Sales,3.08,3,False,False
295,2025-02-01,HR,3.06,2,False,False
296,2025-02-01,HR,2.52,4,False,False
297,2025-02-01,Operations,4.49,0,False,False
298,2025-02-01,HR,3.26,5,False,False
299,2025-02-01,Sales,2.87,2,False,False
300,2025-02-01,Engineering,3.84,4,False,False
301,2025-02-01,Sales,1.7,3,False,False
302,2025-02-01,Operations,1.92,3,False,False
303,2025-02-01,Engineering,3.8,5,False,False
304,2025-02-01,Operations,3.3,4,False,False
305,2025-02-01,HR,3.52,6,False,False
306,2025-02-01,Engineering,3.21,1,False,False
307,2025-02-01,Sales,3.04,2,False,False
308,2025-02-01,HR,3.76,0,False,False
309,2025-02-01,Sales,3.48,1,False,False
310,2025-02-01,Engineering,3.9,2,False,False
311,2025-02-01,Finance,2.38,4,False,False
312,2025-02-01,Finance,3.21,1,False,False
313,2025-02-01,Engineering,2.61,3,False,False
314,2025-02-01,Sales,2.87,3,False,False
315,2025-02-01,Sales,3.77,6,False,False
316,2025-02-01,Finance,2.72,0,False,False
317,2025-02-01,Finance,2.25,6,False,False
318,2025-02-01,Finance,2.24,2,False,False
319,2025-02-01,Operations,2.87,6,False,False
320,2025-02-01,Finance,3.85,1,False,False
321,2025-02-01,Sales,1.52,4,False,False
322,2025-02-01,Engineering,3.94,0,False,False
323,2025-02-01,Finance,3.06,4,False,False
324,2025-02-01,Operations,3.18,3,False,False
325,2025-02-01,Operations,1.97,7,False,False
326,2025-02-01,Sales,2.16,2,False,False
327,2025-02-01,Sales,3.67,1,False,False
328,2025-02-01,Engineering,2.49,1,False,False
329,2025-02-01,Engineering,3.65,2,False,False
330,2025-02-01,HR,1.92,5,False,False
331,2025-02-01,HR,3.23,2,False,False
332,2025-02-01,Sales,2.44,3,False,False
333,2025-02-01,Sales,3.29,2,False,False
334,2025-02-01,Operations,2.97,1,False,False
335,2025-02-01,HR,4.22,1,False,False
336,2025-02-01,Operations,3.21,3,False,False
337,2025-02-01,Operations,3.54,5,False,False
338,2025-02-01,Sales,2.13,6,False,False
339,2025-02-01,Sales,3.35,1,False,False
340,2025-02-01,Operations,3.19,5,False,False
341,2025-02-01,Finance,2.71,2,False,False
342,2025-02-01,Sales,3.21,2,False,False
343,2025-02-01,Finance,2.61,4,False,False
344,2025-02-01,HR,2.66,2,False,False
345,2025-02-01,Operations,3.22,2,False,False
346,2025-02-01,Sales,2.71,6,False,False
347,2025-02-01,Operations,1.97,4,False,False
348,2025-02-01,Operations,2.6,3,False,False
349,2025-02-01,Engineering,3.8,3,False,False
350,2025-02-01,Engineering,2.68,1,False,False
351,2025-02-01,HR,3.08,0,False,False
352,2025-02-01,Engineering,4.0,4,False,False
353,2025-02-01,Sales,3.87,2,False,False
354,2025-02-01,HR,3.04,3,False,False
355,2025-02-01,Operations,3.82,3,False,False
356,2025-02-01,Operations,3.72,5,False,False
357,2025-02-01,Engineering,3.8,7,False,False
358,2025-02-01,Operations,3.92,0,False,False
359,2025-02-01,Engineering,3.32,0,False,False
360,2025-02-01,Finance,3.16,3,False,False
361,2025-02-01,Operations,3.71,2,False,False
362,2025-02-01,Operations,3.77,4,False,False
363,2025-02-01,Sales,2.55,2,False,False
364,2025-02-01,Operations,2.94,1,False,False
365,2025-02-01,Engineering,4.76,1,False,False
366,2025-02-01,HR,3.58,2,False,False
367,2025-02-01,HR,3.06,3,False,False
368,2025-02-01,Sales,4.0,2,False,False
369,2025-02-01,Engineering,3.37,4,False,False
370,2025-02-01,Finance,2.63,3,False,False
371,2025-02-01,Sales,3.32,5,False,False
372,2025-02-01,Finance,2.2,2,False,False
373,2025-02-01,HR,2.98,2,False,False
374,2025-02-01,Sales,3.82,3,False,False
375,2025-02-01,Operations,3.58,2,False,False
376,2025-02-01,Engineering,3.19,2,False,False
377,2025-02-01,Finance,3.03,3,False,False
378,2025-02-01,Finance,3.27,4,False,False
379,2025-02-01,Sales,3.07,0,False,False
380,2025-02-01,Sales,3.02,3,False,False
381,2025-02-01,Engineering,3.35,3,False,False
382,2025-02-01,Operations,2.61,1,False,False
383,2025-02-01,Operations,3.35,3,False,False
384,2025-02-01,Sales,2.6,2,False,False
385,2025-02-01,Engineering,4.02,1,False,False
386,2025-02-01,Engineering,2.96,2,False,False
387,2025-02-01,Engineering,3.45,2,False,False
388,2025-02-01,Operations,3.47,3,False,False
389,2025-02-01,Operations,3.11,2,False,False
390,2025-02-01,Engineering,2.59,6,False,False
391,2025-02-01,Finance,3.14,1,False,False
392,2025-02-01,Engineering,3.83,0,False,False
393,2025-02-01,Sales,2.53,5,False,False
394,2025-02-01,HR,3.28,4,False,False
395,2025-02-01,Finance,3.56,2,False,False
396,2025-02-01,Operations,3.69,2,False,False
397,2025-02-01,Engineering,3.52,2,False,False
398,2025-02-01,Engineering,3.11,5,False,False
399,2025-02-01,Sales,3.35,5,False,False
400,2025-02-01,Sales,3.95,0,False,False
401,2025-02-01,Operations,1.33,7,False,False
402,2025-02-01,Finance,2.7,3,False,False
403,2025-02-01,Sales,2.73,0,False,False
404,2025-02-01,Operations,2.62,5,False,False
405,2025-02-01,HR,3.08,3,False,False
406,2025-02-01,HR,4.07,2,False,False
407,2025-02-01,HR,2.3,2,False,False
408,2025-02-01,Engineering,2.9,1,False,False
409,2025-02-01,Operations,2.25,4,False,False
410,2025-02-01,Engineering,2.54,2,False,False
411,2025-02-01,Engineering,4.33,1,False,False
412,2025-02-01,Sales,2.62,6,False,False
413,2025-02-01,Sales,3.29,0,False,False
414,2025-02-01,Engineering,2.79,4,False,False
415,2025-02-01,Engineering,4.36,2,False,False
416,2025-02-01,Finance,3.47,2,False,False
417,2025-02-01,Operations,3.07,0,False,False
418,2025-02-01,Engineering,3.96,1,False,False
419,2025-02-01,Sales,2.05,4,False,False
420,2025-02-01,HR,3.65,4,False,False
421,2025-02-01,Operations,3.35,4,False,False
422,2025-02-01,Finance,3.3,3,False,False
423,2025-02-01,Finance,3.02,2,False,False
424,2025-02-01,HR,2.31,5,False,False
425,2025-02-01,HR,3.17,5,False,False
426,2025-02-01,Engineering,3.91,3,False,False
427,2025-02-01,Operations,3.38,1,False,False
428,2025-02-01,Operations,2.89,2,False,False
429,2025-02-01,Engineering,3.44,3,False,False
430,2025-02-01,Finance,2.9,5,False,False
431,2025-02-01,Engineering,4.7,1,False,False
432,2025-02-01,Finance,2.59,2,False,False
433,2025-02-01,Operations,3.34,2,False,False
434,2025-02-01,Engineering,4.18,2,False,False
435,2025-02-01,HR,2.48,3,False,False
436,2025-02-01,Engineering,5.0,0,False,False
437,2025-02-01,HR,3.22,3,False,False
438,2025-02-01,Operations,3.33,1,False,False
439,2025-02-01,Engineering,3.28,2,False,False
440,2025-02-01,Sales,3.15,2,False,False
441,2025-02-01,Operations,3.04,2,False,False
442,2025-02-01,Sales,3.36,2,False,False
443,2025-02-01,Engineering,4.66,0,False,False
444,2025-02-01,HR,3.21,2,False,False
445,2025-02-01,HR,2.39,4,False,False
446,2025-02-01,Finance,2.98,7,False,False
447,2025-02-01,Sales,4.26,1,False,False
448,2025-02-01,Operations,3.13,2,False,False
449,2025-02-01,HR,3.7,1,False,False
450,2025-02-01,Sales,2.78,3,False,False
451,2025-02-01,Operations,2.22,1,False,False
452,2025-02-01,Operations,2.52,0,False,False
453,2025-02-01,HR,2.5,6,False,False
454,2025-02-01,Engineering,3.48,2,False,False
455,2025-02-01,HR,3.26,3,False,False
456,2025-02-01,HR,2.76,4,False,False
457,2025-02-01,Engineering,1.76,6,False,False
458,2025-02-01,Finance,2.89,4,False,False
459,2025-02-01,Operations,4.16,1,False,False
460,2025-02-01,Engineering,2.9,2,False,False
461,2025-02-01,Finance,3.06,3,False,False
462,2025-02-01,Engineering,2.44,1,False,False
463,2025-02-01,Finance,4.19,3,False,False
464,2025-02-01,HR,2.63,1,False,False
465,2025-02-01,Engineering,3.92,3,False,False
466,2025-02-01,Operations,4.31,0,False,False
467,2025-02-01,Engineering,4.2,2,False,False
468,2025-02-01,HR,2.72,3,False,False
469,2025-02-01,Engineering,3.22,6,False,False
470,2025-02-01,Operations,2.27,7,False,False
471,2025-02-01,Finance,3.23,0,False,False
472,2025-02-01,Operations,3.07,3,False,False
473,2025-02-01,HR,2.82,5,False,False
474,2025-02-01,HR,3.55,3,False,False
475,2025-02-01,Finance,2.81,2,False,False
476,2025-02-01,Finance,4.08,3,False,False
477,2025-02-01,Operations,2.91,3,False,False
478,2025-02-01,Engineering,4.45,0,False,False
479,2025-02-01,Finance,3.29,3,False,False
480,2025-02-01,Engineering,4.0,4,False,False
481,2025-02-01,Sales,2.87,4,False,False
482,2025-02-01,Operations,2.88,4,False,False
483,2025-02-01,Sales,3.32,4,False,False
484,2025-02-01,Finance,3.88,3,False,False
485,2025-02-01,HR,2.97,5,False,False
486,2025-02-01,Sales,2.68,1,False,False
487,2025-02-01,Sales,2.54,3,False,False
488,2025-02-01,HR,2.12,1,False,False
489,2025-02-01,Finance,2.16,3,False,False
490,2025-02-01,Finance,3.64,3,False,False
491,2025-02-01,Operations,3.63,2,False,False
492,2025-02-01,Operations,3.2,4,False,False
493,2025-02-01,Finance,1.76,5,False,False
494,2025-02-01,Finance,2.97,4,False,False
495,2025-02-01,Sales,3.0,4,False,False
496,2025-02-01,HR,4.23,2,False,False
497,2025-02-01,Engineering,2.61,3,False,False
498,2025-02-01,Sales,2.69,5,False,False
499,2025-02-01,Operations,4.26,1,False,False
500,2025-02-01,HR,3.48,4,False,False
1,2025-03-01,Engineering,2.37,1,False,False
2,2025-03-01,Finance,3.74,5,False,False
3,2025-03-01,Finance,4.03,2,False,False
4,2025-03-01,HR,3.55,0,False,False
5,2025-03-01,HR,3.27,3,False,False
6,2025-03-01,Operations,2.31,4,False,False
7,2025-03-01,Engineering,3.57,4,False,False
8,2025-03-01,Finance,2.83,5,False,False
9,2025-03-01,Sales,2.68,6,False,False
10,2025-03-01,Engineering,3.58,4,False,False
11,2025-03-01,HR,4.39,2,False,False
12,2025-03-01,Operations,4.18,1,False,False
13,2025-03-01,Finance,4.09,1,False,False
14,2025-03-01,Finance,3.33,1,False,False
15,2025-03-01,Finance,3.85,3,False,False
16,2025-03-01,Finance,3.22,4,False,False
17,2025-03-01,HR,3.25,3,False,False
18,2025-03-01,Engineering,2.89,3,False,False
19,2025-03-01,Operations,3.51,1,False,False
20,2025-03-01,HR,3.36,3,False,False
21,2025-03-01,HR,2.55,4,False,False
22,2025-03-01,Sales,2.62,2,False,False
23,2025-03-01,Engineering,3.64,4,False,False
24,2025-03-01,Operations,3.19,4,False,False
25,2025-03-01,Finance,3.17,5,False,False
26,2025-03-01,Finance,3.35,2,False,False
27,2025-03-01,HR,3.19,3,False,False
28,2025-03-01,Operations,3.16,3,False,False
29,2025-03-01,HR,3.61,4,False,False
30,2025-03-01,HR,2.72,1,False,False
31,2025-03-01,HR,3.97,3,False,False
32,2025-03-01,Sales,2.53,4,False,False
33,2025-03-01,Engineering,2.07,2,False,False
34,2025-03-01,HR,2.42,2,False,False
35,2025-03-01,Operations,2.63,4,False,False
36,2025-03-01,Engineering,3.17,3,False,False
37,2025-03-01,Operations,2.92,0,False,False
38,2025-03-01,Operations,2.48,4,False,False
39,2025-03-01,Sales,3.69,2,False,False
40,2025-03-01,Finance,2.92,3,False,False
41,2025-03-01,Engineering,3.57,2,False,False
42,2025-03-01,Finance,2.97,4,False,False
43,2025-03-01,Finance,3.23,3,False,False
44,2025-03-01,Sales,1.91,4,False,False
45,2025-03-01,Engineering,3.45,3,False,False
46,2025-03-01,Operations,1.73,4,False,False
47,2025-03-01,HR,2.99,4,False,False
48,2025-03-01,Operations,3.18,3,False,False
49,2025-03-01,Finance,3.82,1,False,False
50,2025-03-01,Finance,3.94,1,False,False
51,2025-03-01,Finance,3.48,4,False,False
52,2025-03-01,Engineering,2.84,3,False,False
53,2025-03-01,Sales,3.66,4,False,False
54,2025-03-01,HR,2.72,1,False,False
55,2025-03-01,HR,3.62,2,False,False
56,2025-03-01,Engineering,3.7,0,False,False
57,2025-03-01,HR,3.0,1,False,False
58,2025-03-01,Engineering,3.92,3,False,False
59,2025-03-01,Finance,3.95,3,False,False
60,2025-03-01,Finance,2.98,1,False,False
61,2025-03-01,Operations,3.71,3,False,False
62,2025-03-01,Finance,3.14,0,False,False
63,2025-03-01,Sales,3.18,2,False,False
64,2025-03-01,Operations,2.22,2,False,False
65,2025-03-01,HR,3.02,3,False,False
66,2025-03-01,Sales,2.71,1,False,False
67,2025-03-01,Operations,3.14,1,False,False
68,2025-03-01,Sales,2.45,3,False,False
69,2025-03-01,Engineering,3.99,1,False,False
70,2025-03-01,HR,2.47,2,False,False
71,2025-03-01,Finance,3.58,2,False,False
72,2025-03-01,Engineering,3.54,4,False,False
73,2025-03-01,HR,4.01,3,False,False
74,2025-03-01,Engineering,2.26,4,False,False
75,2025-03-01,Finance,3.52,2,False,False
76,2025-03-01,HR,2.94,1,False,False
77,2025-03-01,Sales,3.88,3,False,False
78,2025-03-01,Sales,3.28,2,True,False
79,2025-03-01,HR,3.7,1,False,False
80,2025-03-01,Finance,2.57,7,False,False
81,2025-03-01,Operations,3.59,1,False,False
82,2025-03-01,HR,3.26,2,False,False
83,2025-03-01,Engineering,3.57,5,False,False
84,2025-03-01,Operations,2.36,5,False,False
85,2025-03-01,Finance,2.88,1,False,False
86,2025-03-01,Finance,3.07,1,False,False
87,2025-03-01,Engineering,3.85,1,False,False
88,2025-03-01,Sales,3.59,4,False,False
89,2025-03-01,Finance,3.56,2,False,False
90,2025-03-01,Operations,3.24,1,False,False
91,2025-03-01,HR,2.82,3,False,False
92,2025-03-01,Operations,3.49,3,False,False
93,2025-03-01,Operations,1.85,1,False,False
94,2025-03-01,Sales,3.24,1,False,False
95,2025-03-01,Operations,3.04,3,False,False
96,2025-03-01,Sales,4.04,1,False,False
97,2025-03-01,Sales,4.67,1,False,False
98,2025-03-01,Finance,3.1,4,False,False
99,2025-03-01,Finance,4.04,4,False,False
100,2025-03-01,Engineering,3.53,5,False,False
101,2025-03-01,Operations,2.96,4,False,False
102,2025-03-01,Engineering,3.9,3,False,False
103,2025-03-01,Operations,3.35,2,False,False
104,2025-03-01,Engineering,3.19,3,False,False
105,2025-03-01,Finance,3.58,4,False,False
106,2025-03-01,Finance,2.48,4,False,False
107,2025-03-01,Finance,2.31,3,False,False
108,2025-03-01,Finance,3.6,4,False,False
109,2025-03-01,HR,3.37,6,False,False
110,2025-03-01,Finance,3.2,1,False,False
111,2025-03-01,Sales,3.56,1,False,False
112,2025-03-01,Finance,3.72,7,False,False
113,2025-03-01,HR,3.4,4,False,False
114,2025-03-01,HR,2.49,5,False,False
115,2025-03-01,HR,3.83,1,False,False
116,2025-03-01,HR,4.19,2,False,False
117,2025-03-01,Engineering,3.24,3,False,False
118,2025-03-01,Engineering,3.59,3,False,False
119,2025-03-01,Sales,3.29,2,False,False
120,2025-03-01,Engineering,3.62,5,False,False
121,2025-03-01,HR,3.22,4,False,False
122,2025-03-01,Finance,3.67,4,False,False
123,2025-03-01,Finance,3.01,4,False,False
124,2025-03-01,HR,2.33,6,False,False
125,2025-03-01,Operations,3.7,3,False,False
126,2025-03-01,HR,1.94,8,False,False
127,2025-03-01,Engineering,2.83,5,False,False
128,2025-03-01,Finance,3.64,0,False,False
129,2025-03-01,HR,3.36,3,False,False
130,2025-03-01,Finance,3.63,2,False,False
131,2025-03-01,HR,3.08,3,False,False
132,2025-03-01,HR,2.24,5,False,False
133,2025-03-01,Engineering,3.33,0,False,False
134,2025-03-01,HR,2.9,5,False,False
135,2025-03-01,Finance,2.87,6,False,False
136,2025-03-01,Sales,4.07,2,False,False
137,2025-03-01,Finance,2.76,1,False,False
138,2025-03-01,Engineering,3.08,4,False,False
139,2025-03-01,Sales,3.01,3,False,False
140,2025-03-01,HR,3.83,4,False,False
141,2025-03-01,Operations,3.18,3,False,False
142,2025-03-01,Sales,3.21,4,False,False
143,2025-03-01,Sales,3.27,1,False,False
144,2025-03-01,HR,2.91,6,False,False
145,2025-03-01,Operations,3.17,3,False,False
146,2025-03-01,Operations,3.82,0,False,False
147,2025-03-01,Engineering,3.6,4,False,False
148,2025-03-01,Sales,3.01,1,False,False
149,2025-03-01,Operations,2.4,3,False,False
150,2025-03-01,Engineering,3.41,1,False,False
151,2025-03-01,Operations,3.08,3,False,False
152,2025-03-01,Sales,3.06,4,False,False
153,2025-03-01,Operations,3.28,2,False,False
154,2025-03-01,Sales,3.26,2,False,False
155,2025-03-01,HR,3.73,2,False,False
156,2025-03-01,Finance,3.21,1,False,False
157,2025-03-01,Engineering,3.57,3,False,False
158,2025-03-01,HR,3.1,4,False,False
159,2025-03-01,HR,2.63,4,False,False
160,2025-03-01,Finance,3.73,3,False,False
161,2025-03-01,Operations,1.77,3,False,False
162,2025-03-01,Finance,2.58,4,False,False
163,2025-03-01,HR,2.42,6,False,False
164,2025-03-01,HR,2.79,8,False,False
165,2025-03-01,HR,3.45,5,False,False
166,2025-03-01,Operations,3.5,2,False,False
167,2025-03-01,Sales,2.74,3,False,False
168,2025-03-01,Engineering,4.25,0,False,False
169,2025-03-01,Sales,3.99,1,False,False
170,2025-03-01,Engineering,3.21,3,False,False
171,2025-03-01,Engineering,4.39,0,False,False
172,2025-03-01,Engineering,3.41,2,False,False
173,2025-03-01,Finance,2.97,5,False,False
174,2025-03-01,Finance,3.07,3,False,False
175,2025-03-01,Finance,3.48,2,False,False
176,2025-03-01,HR,3.45,3,False,False
177,2025-03-01,Finance,4.06,1,False,False
178,2025-03-01,Engineering,1.75,5,False,False
179,2025-03-01,Operations,2.37,2,False,False
180,2025-03-01,HR,2.78,4,False,False
181,2025-03-01,Operations,3.18,2,False,False
182,2025-03-01,Engineering,2.9,3,False,False
183,2025-03-01,HR,2.64,4,False,False
184,2025-03-01,Finance,3.1,1,False,False
185,2025-03-01,HR,2.32,4,False,False
186,2025-03-01,HR,4.42,0,False,False
187,2025-03-01,Engineering,4.29,3,False,False
188,2025-03-01,Sales,3.01,2,False,False
189,2025-03-01,Sales,2.9,2,False,False
190,2025-03-01,Sales,2.84,5,False,False
191,2025-03-01,Finance,2.85,5,False,False
192,2025-03-01,Finance,3.39,0,False,False
193,2025-03-01,Finance,3.07,4,False,False
194,2025-03-01,Sales,3.62,1,False,False
195,2025-03-01,Operations,2.04,7,False,False
196,2025-03-01,Engineering,2.91,5,False,False
197,2025-03-01,Sales,3.43,4,False,False
198,2025-03-01,Engineering,3.71,1,False,False
199,2025-03-01,Sales,3.04,3,False,False
200,2025-03-01,Operations,1.99,2,False,False
201,2025-03-01,Sales,3.71,2,False,False
202,2025-03-01,Operations,2.84,4,False,False
203,2025-03-01,HR,2.92,1,False,False
204,2025-03-01,Finance,2.84,2,False,False
205,2025-03-01,HR,2.04,1,False,False
206,2025-03-01,Sales,3.21,5,False,False
207,2025-03-01,Finance,2.92,2,False,False
208,2025-03-01,Operations,3.57,0,False,False
209,2025-03-01,Sales,2.97,2,False,False
210,2025-03-01,Finance,4.0,3,False,False
211,2025-03-01,Sales,3.88,4,False,False
212,2025-03-01,Finance,3.08,1,False,False
213,2025-03-01,Finance,3.68,1,False,False
214,2025-03-01,HR,4.08,2,False,False
215,2025-03-01,Finance,4.49,2,False,False
216,2025-03-01,Sales,2.71,1,False,False
217,2025-03-01,Engineering,2.89,5,False,False
218,2025-03-01,Engineering,4.1,3,False,False
219,2025-03-01,HR,2.32,4,False,False
220,2025-03-01,Operations,2.55,8,False,False
221,2025-03-01,Engineering,2.67,0,False,False
222,2025-03-01,HR,3.41,2,False,False
223,2025-03-01,Finance,3.38,2,False,False
224,2025-03-01,Sales,2.48,4,False,False
225,2025-03-01,Finance,3.03,3,False,False
226,2025-03-01,Sales,2.3,1,False,False
227,2025-03-01,Operations,2.94,5,False,False
228,2025-03-01,HR,3.95,2,False,False
229,2025-03-01,HR,3.06,6,False,False
230,2025-03-01,Engineering,4.01,0,False,False
231,2025-03-01,HR,3.15,4,False,False
232,2025-03-01,Operations,2.84,1,False,False
233,2025-03-01,Engineering,3.58,6,False,False
234,2025-03-01,Finance,2.07,3,False,False
235,2025-03-01,HR,2.02,4,False,False
236,2025-03-01,Finance,2.35,4,False,False
237,2025-03-01,Finance,2.49,8,False,False
238,2025-03-01,HR,2.41,0,False,False
239,2025-03-01,Sales,4.01,2,False,False
240,2025-03-01,Finance,3.44,3,False,False
241,2025-03-01,Engineering,4.51,0,False,False
242,2025-03-01,HR,3.43,3,False,False
243,2025-03-01,Engineering,3.76,4,False,False
244,2025-03-01,Finance,2.51,5,False,False
245,2025-03-01,Finance,3.72,4,False,False
246,2025-03-01,Engineering,3.54,1,False,False
247,2025-03-01,Finance,2.92,3,False,False
248,2025-03-01,HR,3.03,2,False,False
249,2025-03-01,Finance,3.26,0,False,False
250,2025-03-01,Engineering,2.75,4,False,False
251,2025-03-01,Engineering,3.31,3,False,False
252,2025-03-01,HR,2.08,3,False,False
253,2025-03-01,Engineering,3.0,4,False,False
254,2025-03-01,Sales,3.76,1,False,False
255,2025-03-01,Finance,2.75,7,False,False
256,2025-03-01,Engineering,3.38,2,False,False
257,2025-03-01,Finance,3.64,2,False,False
258,2025-03-01,Engineering,3.47,2,False,False
259,2025-03-01,Engineering,3.44,5,False,False
260,2025-03-01,HR,3.86,0,False,False
261,2025-03-01,Finance,2.38,2,False,False
262,2025-03-01,Engineering,4.17,2,False,False
263,2025-03-01,Sales,3.05,3,False,False
264,2025-03-01,Operations,4.1,1,False,False
265,2025-03-01,Operations,2.94,2,False,False
266,2025-03-01,HR,3.18,3,False,False
267,2025-03-01,HR,2.18,6,False,False
268,2025-03-01,Sales,3.04,3,False,False
269,2025-03-01,Finance,2.1,2,False,False
270,2025-03-01,HR,3.35,1,False,False
271,2025-03-01,Sales,4.05,2,False,False
272,2025-03-01,Engineering,3.5,4,False,False
273,2025-03-01,Engineering,3.18,2,False,False
274,2025-03-01,Operations,2.96,2,False,False
275,2025-03-01,HR,3.09,4,False,False
276,2025-03-01,HR,3.94,4,False,False
277,2025-03-01,HR,2.98,4,False,False
278,2025-03-01,Finance,3.81,6,False,False
279,2025-03-01,Engineering,2.97,2,False,False
280,2025-03-01,Engineering,4.42,2,False,False
281,2025-03-01,Sales,3.89,1,False,False
282,2025-03-01,HR,3.42,4,False,False
283,2025-03-01,Finance,2.49,1,False,False
284,2025-03-01,HR,2.72,4,False,False
285,2025-03-01,HR,2.91,3,False,False
286,2025-03-01,Operations,2.73,3,False,False
287,2025-03-01,Engineering,3.19,3,False,False
288,2025-03-01,HR,3.3,4,False,False
289,2025-03-01,HR,3.54,1,False,False
290,2025-03-01,HR,3.44,0,False,False
291,2025-03-01,Operations,3.54,1,False,False
292,2025-03-01,Sales,2.98,4,False,False
293,2025-03-01,Operations,3.61,3,False,False
294,2025-03-01,Sales,2.99,4,False,False
295,2025-03-01,HR,3.25,5,False,False
296,2025-03-01,HR,2.76,2,False,False
297,2025-03-01,Operations,4.25,1,False,False
298,2025-03-01,HR,3.16,5,False,False
299,2025-03-01,Sales,2.72,7,False,False
300,2025-03-01,Engineering,3.93,4,False,False
301,2025-03-01,Sales,1.6,3,False,False
302,2025-03-01,Operations,1.96,3,False,False
303,2025-03-01,Engineering,3.78,1,False,False
304,2025-03-01,Operations,3.62,3,False,False
305,2025-03-01,HR,3.33,0,False,False
306,2025-03-01,Engineering,3.14,2,False,False
307,2025-03-01,Sales,3.1,1,False,False
308,2025-03-01,HR,3.67,1,False,False
309,2025-03-01,Sales,3.49,2,False,False
310,2025-03-01,Engineering,4.07,3,False,False
311,2025-03-01,Finance,2.57,3,False,False
312,2025-03-01,Finance,3.3,6,False,False
313,2025-03-01,Engineering,2.53,3,False,False
314,2025-03-01,Sales,2.86,3,False,False
315,2025-03-01,Sales,4.06,2,False,False
316,2025-03-01,Finance,2.77,3,False,False
317,2025-03-01,Finance,2.49,3,False,False
318,2025-03-01,Finance,2.31,4,False,False
319,2025-03-01,Operations,2.59,1,False,False
320,2025-03-01,Finance,3.58,3,False,False
321,2025-03-01,Sales,1.64,5,False,False
322,2025-03-01,Engineering,3.99,0,False,False
323,2025-03-01,Finance,3.15,4,False,False
324,2025-03-01,Operations,3.28,2,False,False
325,2025-03-01,Operations,2.01,7,False,False
326,2025-03-01,Sales,2.26,2,False,False
327,2025-03-01,Sales,3.69,5,False,False
328,2025-03-01,Engineering,2.36,2,False,False
329,2025-03-01,Engineering,3.6,3,False,False
330,2025-03-01,HR,1.91,1,False,False
331,2025-03-01,HR,3.18,1,False,False
332,2025-03-01,Sales,2.45,2,False,False
333,2025-03-01,Sales,3.32,1,False,False
334,2025-03-01,Operations,2.8,7,False,False
335,2025-03-01,HR,4.18,1,False,False
336,2025-03-01,Operations,3.29,2,False,False
337,2025-03-01,Operations,3.49,4,False,False
338,2025-03-01,Sales,2.06,11,False,False
339,2025-03-01,Sales,3.33,1,False,False
340,2025-03-01,Operations,3.28,2,False,False
341,2025-03-01,Finance,2.73,0,False,False
342,2025-03-01,Sales,3.31,5,False,False
343,2025-03-01,Finance,2.88,4,False,False
344,2025-03-01,HR,2.56,4,False,False
345,2025-03-01,Operations,3.07,2,False,False
346,2025-03-01,Sales,2.71,4,False,False
347,2025-03-01,Operations,1.87,3,False,False
348,2025-03-01,Operations,2.68,2,False,False
349,2025-03-01,Engineering,3.76,1,False,False
350,2025-03-01,Engineering,2.65,5,False,False
351,2025-03-01,HR,3.16,5,False,False
352,2025-03-01,Engineering,4.01,0,False,False
353,2025-03-01,Sales,3.79,2,False,False
354,2025-03-01,HR,3.05,1,False,False
355,2025-03-01,Operations,3.78,2,False,False
356,2025-03-01,Operations,3.64,3,False,False
357,2025-03-01,Engineering,3.4,5,False,False
358,2025-03-01,Operations,3.96,1,False,False
359,2025-03-01,Engineering,3.46,3,False,False
360,2025-03-01,Finance,3.23,2,False,False
361,2025-03-01,Operations,3.76,2,False,False
362,2025-03-01,Operations,3.66,3,False,False
363,2025-03-01,Sales,2.54,7,False,False
364,2025-03-01,Operations,3.01,2,False,False
365,2025-03-01,Engineering,4.73,2,False,False
366,2025-03-01,HR,3.39,3,False,False
367,2025-03-01,HR,2.92,2,False,False
368,2025-03-01,Sales,4.01,1,False,False
369,2025-03-01,Engineering,3.37,2,False,False
370,2025-03-01,Finance,2.67,1,False,False
371,2025-03-01,Sales,3.33,7,False,False
372,2025-03-01,Finance,2.23,5,False,False
373,2025-03-01,HR,2.87,5,False,False
374,2025-03-01,Sales,3.84,1,False,False
375,2025-03-01,Operations,3.55,2,False,False
376,2025-03-01,Engineering,3.23,2,False,False
377,2025-03-01,Finance,3.26,1,False,False
378,2025-03-01,Finance,3.16,2,False,False
379,2025-03-01,Sales,3.0,4,False,False
380,2025-03-01,Sales,2.97,3,False,False
381,2025-03-01,Engineering,3.23,4,False,False
382,2025-03-01,Operations,2.56,5,False,False
383,2025-03-01,Operations,3.58,3,False,False
384,2025-03-01,Sales,2.72,1,False,False
385,2025-03-01,Engineering,4.04,1,False,False
386,2025-03-01,Engineering,2.89,2,False,False
387,2025-03-01,Engineering,3.39,5,False,False
388,2025-03-01,Operations,3.5,3,False,False
389,2025-03-01,Operations,3.01,5,False,False
390,2025-03-01,Engineering,2.29,1,False,False
391,2025-03-01,Finance,3.08,2,False,False
392,2025-03-01,Engineering,3.78,3,False,False
393,2025-03-01,Sales,2.35,5,False,False
394,2025-03-01,HR,3.52,2,False,False
395,2025-03-01,Finance,3.47,3,False,False
396,2025-03-01,Operations,3.55,1,False,False
397,2025-03-01,Engineering,3.53,1,False,False
398,2025-03-01,Engineering,3.01,2,False,False
399,2025-03-01,Sales,3.38,3,False,False
400,2025-03-01,Sales,4.03,2,False,False
401,2025-03-01,Operations,1.14,7,False,False
402,2025-03-01,Finance,2.51,1,False,False
403,2025-03-01,Sales,2.82,5,False,False
404,2025-03-01,Operations,2.63,5,False,False
405,2025-03-01,HR,3.02,1,False,False
406,2025-03-01,HR,3.97,1,False,False
407,2025-03-01,HR,2.35,1,False,False
408,2025-03-01,Engineering,3.09,1,False,False
409,2025-03-01,Operations,2.54,2,False,False
410,2025-03-01,Engineering,2.68,1,False,False
411,2025-03-01,Engineering,4.37,1,False,False
412,2025-03-01,Sales,2.55,5,False,False
413,2025-03-01,Sales,3.13,3,False,False
414,2025-03-01,Engineering,3.08,1,False,False
415,2025-03-01,Engineering,4.48,3,False,False
416,2025-03-01,Finance,3.43,2,False,False
417,2025-03-01,Operations,2.9,4,False,False
418,2025-03-01,Engineering,4.02,1,False,False
419,2025-03-01,Sales,2.27,5,False,False
420,2025-03-01,HR,3.82,3,False,False
421,2025-03-01,Operations,3.26,3,False,False
422,2025-03-01,Finance,3.33,2,False,False
423,2025-03-01,Finance,3.08,3,False,False
424,2025-03-01,HR,2.5,5,False,False
425,2025-03-01,HR,3.28,2,False,False
426,2025-03-01,Engineering,3.97,4,False,False
427,2025-03-01,Operations,3.58,3,False,False
428,2025-03-01,Operations,2.77,3,False,False
429,2025-03-01,Engineering,3.54,1,False,False
430,2025-03-01,Finance,2.93,1,False,False
431,2025-03-01,Engineering,4.61,2,True,False
432,2025-03-01,Finance,2.61,4,False,False
433,2025-03-01,Operations,3.31,3,False,False
434,2025-03-01,Engineering,4.42,2,False,False
435,2025-03-01,HR,2.63,4,False,False
436,2025-03-01,Engineering,4.98,0,False,False
437,2025-03-01,HR,3.22,6,False,False
438,2025-03-01,Operations,3.32,1,False,False
439,2025-03-01,Engineering,3.04,6,False,False
440,2025-03-01,Sales,3.04,5,False,False
441,2025-03-01,Operations,3.07,7,False,False
442,2025-03-01,Sales,3.3,5,False,False
443,2025-03-01,Engineering,4.4,2,False,False
444,2025-03-01,HR,3.08,5,False,False
445,2025-03-01,HR,2.35,4,False,False
446,2025-03-01,Finance,3.17,3,False,False
447,2025-03-01,Sales,4.04,0,False,False
448,2025-03-01,Operations,3.03,4,False,False
449,2025-03-01,HR,3.92,2,False,False
450,2025-03-01,Sales,2.88,3,False,False
451,2025-03-01,Operations,2.23,5,False,False
452,2025-03-01,Operations,2.29,9,False,False
453,2025-03-01,HR,2.32,0,False,False
454,2025-03-01,Engineering,3.47,3,False,False
455,2025-03-01,HR,3.35,0,False,False
456,2025-03-01,HR,2.78,1,False,False
457,2025-03-01,Engineering,1.68,5,False,False
458,2025-03-01,Finance,2.87,6,False,False
459,2025-03-01,Operations,4.11,1,False,False
460,2025-03-01,Engineering,2.91,4,False,False
461,2025-03-01,Finance,2.93,2,False,False
462,2025-03-01,Engineering,2.84,4,False,False
463,2025-03-01,Finance,4.26,4,False,False
464,2025-03-01,HR,2.67,4,False,False
465,2025-03-01,Engineering,4.11,3,False,False
466,2025-03-01,Operations,4.38,5,False,False
467,2025-03-01,Engineering,3.98,3,False,False
468,2025-03-01,HR,2.54,4,False,False
469,2025-03-01,Engineering,3.21,5,False,False
470,2025-03-01,Operations,2.38,3,False,False
471,2025-03-01,Finance,3.29,1,False,False
472,2025-03-01,Operations,3.01,1,False,False
473,2025-03-01,HR,2.81,4,False,False
474,2025-03-01,HR,3.83,1,False,False
475,2025-03-01,Finance,2.87,2,False,False
476,2025-03-01,Finance,4.05,4,False,False
477,2025-03-01,Operations,2.62,4,False,False
478,2025-03-01,Engineering,4.3,3,False,False
479,2025-03-01,Finance,3.36,2,False,False
480,2025-03-01,Engineering,4.13,1,False,False
481,2025-03-01,Sales,2.94,1,False,False
482,2025-03-01,Operations,2.78,1,False,False
483,2025-03-01,Sales,3.6,1,False,False
484,2025-03-01,Finance,3.68,5,False,False
485,2025-03-01,HR,2.95,3,False,False
486,2025-03-01,Sales,2.63,2,False,False
487,2025-03-01,Sales,2.44,3,False,False
488,2025-03-01,HR,2.17,5,False,False
489,2025-03-01,Finance,2.0,7,False,False
490,2025-03-01,Finance,3.48,1,False,False
491,2025-03-01,Operations,3.5,0,False,False
492,2025-03-01,Operations,3.14,3,False,False
493,2025-03-01,Finance,1.77,8,False,False
494,2025-03-01,Finance,2.97,3,False,False
495,2025-03-01,Sales,3.05,6,False,False
496,2025-03-01,HR,4.28,1,False,False
497,2025-03-01,Engineering,2.62,6,False,False
498,2025-03-01,Sales,2.73,5,False,False
499,2025-03-01,Operations,4.46,4,False,False
500,2025-03-01,HR,3.02,4,False,False
1,2025-04-01,Engineering,2.33,8,False,False
2,2025-04-01,Finance,3.48,5,False,False
3,2025-04-01,Finance,4.1,2,False,False
4,2025-04-01,HR,3.68,2,False,False
5,2025-04-01,HR,3.18,3,False,False
6,2025-04-01,Operations,2.18,1,False,False
7,2025-04-01,Engineering,3.61,2,False,False
8,2025-04-01,Finance,2.76,3,True,False
9,2025-04-01,Sales,2.62,4,False,False
10,2025-04-01,Engineering,3.6,0,False,False
11,2025-04-01,HR,4.17,3,False,False
12,2025-04-01,Operations,4.25,2,False,False
13,2025-04-01,Finance,4.34,1,False,False
14,2025-04-01,Finance,3.4,4,False,False
15,2025-04-01,Finance,3.95,2,False,False
16,2025-04-01,Finance,3.13,2,False,False
17,2025-04-01,HR,3.35,0,False,False
18,2025-04-01,Engineering,2.87,4,False,False
19,2025-04-01,Operations,3.35,1,False,False
20,2025-04-01,HR,3.26,1,False,False
21,2025-04-01,HR,2.69,3,False,False
22,2025-04-01,Sales,2.48,4,False,False
23,2025-04-01,Engineering,3.27,4,False,False
24,2025-04-01,Operations,3.42,4,False,False
25,2025-04-01,Finance,3.3,1,False,False
26,2025-04-01,Finance,3.34,2,False,False
27,2025-04-01,HR,3.25,1,False,False
28,2025-04-01,Operations,3.03,3,False,False
29,2025-04-01,HR,3.78,1,False,False
30,2025-04-01,HR,2.7,0,False,False
31,2025-04-01,HR,3.69,5,False,False
32,2025-04-01,Sales,2.44,7,False,False
33,2025-04-01,Engineering,2.04,6,False,False
34,2025-04-01,HR,2.3,6,False,False
35,2025-04-01,Operations,2.68,3,False,False
36,2025-04-01,Engineering,3.28,2,False,False
37,2025-04-01,Operations,2.97,0,False,False
38,2025-04-01,Operations,2.51,2,False,False
39,2025-04-01,Sales,3.66,4,False,False
40,2025-04-01,Finance,2.75,4,False,False
41,2025-04-01,Engineering,3.92,4,False,False
42,2025-04-01,Finance,3.22,1,False,False
43,2025-04-01,Finance,3.14,2,False,False
44,2025-04-01,Sales,1.88,5,False,False
45,2025-04-01,Engineering,3.27,1,False,False
46,2025-04-01,Operations,1.53,8,False,False
47,2025-04-01,HR,3.1,6,False,False
48,2025-04-01,Operations,3.17,4,False,False
49,2025-04-01,Finance,3.7,5,False,False
50,2025-04-01,Finance,3.71,3,False,False
51,2025-04-01,Finance,3.57,1,False,False
52,2025-04-01,Engineering,3.09,2,False,False
53,2025-04-01,Sales,3.7,2,False,False
54,2025-04-01,HR,2.41,3,False,False
55,2025-04-01,HR,3.61,1,False,False
56,2025-04-01,Engineering,3.94,2,False,False
57,2025-04-01,HR,2.98,3,False,False
58,2025-04-01,Engineering,3.98,3,False,False
59,2025-04-01,Finance,3.92,0,False,False
60,2025-04-01,Finance,2.99,3,False,False
61,2025-04-01,Operations,3.69,3,False,False
62,2025-04-01,Finance,3.08,3,False,False
63,2025-04-01,Sales,3.23,1,False,False
64,2025-04-01,Operations,2.49,3,False,False
65,2025-04-01,HR,2.95,6,False,False
66,2025-04-01,Sales,2.67,4,False,False
67,2025-04-01,Operations,3.1,4,False,False
68,2025-04-01,Sales,2.38,1,False,False
69,2025-04-01,Engineering,3.8,3,False,False
70,2025-04-01,HR,2.53,3,False,False
71,2025-04-01,Finance,3.65,3,False,False
72,2025-04-01,Engineering,3.27,2,False,False
73,2025-04-01,HR,4.0,2,False,False
74,2025-04-01,Engineering,2.0,3,False,False
75,2025-04-01,Finance,3.35,6,False,False
76,2025-04-01,HR,2.73,4,False,False
77,2025-04-01,Sales,3.68,2,False,False
78,2025-04-01,Sales,3.11,4,False,False
79,2025-04-01,HR,3.77,0,False,False
80,2025-04-01,Finance,2.61,2,False,False
81,2025-04-01,Operations,3.63,0,False,False
82,2025-04-01,HR,3.17,5,False,False
83,2025-04-01,Engineering,3.5,4,False,False
84,2025-04-01,Operations,2.39,4,False,False
85,2025-04-01,Finance,3.04,6,False,False
86,2025-04-01,Finance,3.0,4,False,False
87,2025-04-01,Engineering,3.89,5,False,False
88,2025-04-01,Sales,3.43,4,False,False
89,2025-04-01,Finance,3.23,2,False,False
90,2025-04-01,Operations,3.03,1,False,False
91,2025-04-01,HR,2.7,4,False,False
92,2025-04-01,Operations,3.45,5,False,False
93,2025-04-01,Operations,2.05,1,False,False
94,2025-04-01,Sales,3.28,1,False,False
95,2025-04-01,Operations,2.97,3,False,False
96,2025-04-01,Sales,4.15,0,False,False
97,2025-04-01,Sales,4.56,5,False,False
98,2025-04-01,Finance,3.22,3,False,False
99,2025-04-01,Finance,4.11,3,False,False
100,2025-04-01,Engineering,3.5,4,False,False
101,2025-04-01,Operations,3.01,0,False,False
102,2025-04-01,Engineering,3.94,0,False,False
103,2025-04-01,Operations,3.2,3,False,False
104,2025-04-01,Engineering,2.81,2,False,False
105,2025-04-01,Finance,3.42,1,False,False
106,2025-04-01,Finance,2.49,5,False,False
107,2025-04-01,Finance,2.29,0,False,False
108,2025-04-01,Finance,3.61,1,False,False
109,2025-04-01,HR,3.57,1,False,False
110,2025-04-01,Finance,3.3,1,False,False
111,2025-04-01,Sales,3.63,1,False,False
112,2025-04-01,Finance,3.63,2,False,False
113,2025-04-01,HR,3.3,0,False,False
114,2025-04-01,HR,2.62,5,False,False
115,2025-04-01,HR,3.54,1,False,False
116,2025-04-01,HR,3.91,1,False,False
117,2025-04-01,Engineering,3.21,1,False,False
118,2025-04-01,Engineering,3.61,3,False,False
119,2025-04-01,Sales,3.31,5,False,False
120,2025-04-01,Engineering,3.6,3,False,False
121,2025-04-01,HR,3.21,3,False,False
122,2025-04-01,Finance,3.43,4,False,False
123,2025-04-01,Finance,3.17,3,False,False
124,2025-04-01,HR,2.43,6,False,False
125,2025-04-01,Operations,3.6,3,False,False
126,2025-04-01,HR,2.0,5,False,False
127,2025-04-01,Engineering,2.67,2,False,False
128,2025-04-01,Finance,3.61,3,False,False
129,2025-04-01,HR,3.47,3,False,False
130,2025-04-01,Finance,3.65,0,False,False
131,2025-04-01,HR,3.25,3,False,False
132,2025-04-01,HR,2.26,3,False,False
133,2025-04-01,Engineering,3.2,2,False,False
134,2025-04-01,HR,2.99,3,False,False
135,2025-04-01,Finance,2.93,5,False,False
136,2025-04-01,Sales,3.94,2,False,False
137,2025-04-01,Finance,2.89,2,False,False
138,2025-04-01,Engineering,3.28,5,False,False
139,2025-04-01,Sales,3.06,1,False,False
140,2025-04-01,HR,3.54,1,False,False
141,2025-04-01,Operations,3.21,0,False,False
142,2025-04-01,Sales,3.36,3,False,False
143,2025-04-01,Sales,3.39,2,False,False
144,2025-04-01,HR,2.97,5,False,False
145,2025-04-01,Operations,3.28,1,False,False
146,2025-04-01,Operations,3.72,2,False,False
147,2025-04-01,Engineering,3.41,2,False,False
148,2025-04-01,Sales,2.94,3,False,False
149,2025-04-01,Operations,2.05,6,False,False
150,2025-04-01,Engineering,3.44,1,False,False
151,2025-04-01,Operations,3.01,4,False,False
152,2025-04-01,Sales,3.0,0,False,False
153,2025-04-01,Operations,3.33,1,False,False
154,2025-04-01,Sales,3.26,3,False,False
155,2025-04-01,HR,3.71,1,False,False
156,2025-04-01,Finance,3.35,1,False,False
157,2025-04-01,Engineering,3.49,2,False,False
158,2025-04-01,HR,3.01,2,False,False
159,2025-04-01,HR,2.8,3,False,False
160,2025-04-01,Finance,3.69,4,False,False
161,2025-04-01,Operations,1.78,1,False,False
162,2025-04-01,Finance,2.69,2,False,False
163,2025-04-01,HR,2.19,5,False,False
164,2025-04-01,HR,2.86,3,False,False
165,2025-04-01,HR,3.34,3,False,False
166,2025-04-01,Operations,3.73,4,False,False
167,2025-04-01,Sales,2.96,6,False,False
168,2025-04-01,Engineering,4.21,5,False,False
169,2025-04-01,Sales,4.06,1,False,False
170,2025-04-01,Engineering,3.21,7,False,False
171,2025-04-01,Engineering,4.32,0,False,False
172,2025-04-01,Engineering,3.79,3,False,False
173,2025-04-01,Finance,2.83,3,False,False
174,2025-04-01,Finance,3.31,0,False,False
175,2025-04-01,Finance,3.38,2,False,False
176,2025-04-01,HR,3.27,3,False,False
177,2025-04-01,Finance,4.13,0,False,False
178,2025-04-01,Engineering,1.66,8,False,False
179,2025-04-01,Operations,2.49,4,False,False
180,2025-04-01,HR,2.82,1,False,False
181,2025-04-01,Operations,3.1,1,False,False
182,2025-04-01,Engineering,2.9,3,False,False
183,2025-04-01,HR,2.87,2,False,False
184,2025-04-01,Finance,3.12,2,False,False
185,2025-04-01,HR,2.21,6,False,False
186,2025-04-01,HR,4.37,4,False,False
187,2025-04-01,Engineering,4.18,0,False,False
188,2025-04-01,Sales,2.77,4,False,False
189,2025-04-01,Sales,2.79,6,False,False
190,2025-04-01,Sales,2.89,5,False,False
191,2025-04-01,Finance,2.87,3,False,False
192,2025-04-01,Finance,3.45,2,False,False
193,2025-04-01,Finance,3.05,3,True,False
194,2025-04-01,Sales,3.65,3,False,False
195,2025-04-01,Operations,1.83,5,False,False
196,2025-04-01,Engineering,3.02,5,False,False
197,2025-04-01,Sales,3.43,2,False,False
198,2025-04-01,Engineering,3.85,1,False,False
199,2025-04-01,Sales,2.74,1,False,False
200,2025-04-01,Operations,2.15,4,False,False
201,2025-04-01,Sales,3.69,1,False,False
202,2025-04-01,Operations,2.88,3,False,False
203,2025-04-01,HR,2.89,1,False,False
204,2025-04-01,Finance,3.04,3,False,False
205,2025-04-01,HR,1.85,1,False,False
206,2025-04-01,Sales,3.03,2,False,False
207,2025-04-01,Finance,2.85,2,False,False
208,2025-04-01,Operations,3.46,1,False,False
209,2025-04-01,Sales,3.0,3,False,False
210,2025-04-01,Finance,3.89,0,False,False
211,2025-04-01,Sales,3.65,0,False,False
212,2025-04-01,Finance,2.98,4,False,False
213,2025-04-01,Finance,3.64,2,False,False
214,2025-04-01,HR,4.27,1,False,False
215,2025-04-01,Finance,4.53,3,False,False
216,2025-04-01,Sales,2.52,2,False,False
217,2025-04-01,Engineering,2.85,5,False,False
218,2025-04-01,Engineering,4.19,2,False,False
219,2025-04-01,HR,2.31,3,False,False
220,2025-04-01,Operations,2.65,8,False,False
221,2025-04-01,Engineering,2.66,5,False,False
222,2025-04-01,HR,3.46,2,False,False
223,2025-04-01,Finance,3.45,1,False,False
224,2025-04-01,Sales,2.43,4,False,False
225,2025-04-01,Finance,3.27,6,False,False
226,2025-04-01,Sales,2.27,6,False,False
227,2025-04-01,Operations,2.98,2,False,False
228,2025-04-01,HR,3.86,1,False,False
229,2025-04-01,HR,3.16,1,False,False
230,2025-04-01,Engineering,3.93,3,False,False
231,2025-04-01,HR,2.92,1,False,False
232,2025-04-01,Operations,2.94,2,False,False
233,2025-04-01,Engineering,3.36,3,False,False
234,2025-04-01,Finance,2.08,3,False,False
235,2025-04-01,HR,2.02,4,False,False
236,2025-04-01,Finance,2.28,4,False,False
237,2025-04-01,Finance,2.44,1,False,False
238,2025-04-01,HR,2.24,2,False,False
239,2025-04-01,Sales,4.08,0,False,False
240,2025-04-01,Finance,3.67,1,False,False
241,2025-04-01,Engineering,4.45,2,False,False
242,2025-04-01,HR,3.32,1,False,False
243,2025-04-01,Engineering,3.75,6,False,False
244,2025-04-01,Finance,2.46,2,False,False
245,2025-04-01,Finance,3.85,2,False,False
246,2025-04-01,Engineering,3.68,0,False,False
247,2025-04-01,Finance,2.91,1,False,False
248,2025-04-01,HR,3.08,2,False,False
249,2025-04-01,Finance,3.27,3,False,False
250,2025-04-01,Engineering,2.63,2,False,False
251,2025-04-01,Engineering,3.4,3,False,False
252,2025-04-01,HR,2.1,8,False,False
253,2025-04-01,Engineering,2.96,3,False,False
254,2025-04-01,Sales,3.78,3,False,False
255,2025-04-01,Finance,2.91,2,False,False
256,2025-04-01,Engineering,3.4,1,False,False
257,2025-04-01,Finance,3.71,2,False,False
258,2025-04-01,Engineering,3.41,3,False,False
259,2025-04-01,Engineering,3.69,2,False,False
260,2025-04-01,HR,3.88,3,False,False
261,2025-04-01,Finance,2.37,1,False,False
262,2025-04-01,Engineering,4.32,2,False,False
263,2025-04-01,Sales,3.22,4,False,False
264,2025-04-01,Operations,4.16,3,False,False
265,2025-04-01,Operations,3.15,2,False,False
266,2025-04-01,HR,3.2,2,False,False
267,2025-04-01,HR,2.25,1,False,False
268,2025-04-01,Sales,2.79,2,False,False
269,2025-04-01,Finance,2.0,4,False,False
270,2025-04-01,HR,3.33,1,False,False
271,2025-04-01,Sales,4.02,1,False,False
272,2025-04-01,Engineering,3.36,2,False,False
273,2025-04-01,Engineering,3.16,3,False,False
274,2025-04-01,Operations,3.04,5,False,False
275,2025-04-01,HR,3.05,4,False,False
276,2025-04-01,HR,3.86,2,False,False
277,2025-04-01,HR,3.25,4,False,False
278,2025-04-01,Finance,3.75,3,False,False
279,2025-04-01,Engineering,2.85,4,False,False
280,2025-04-01,Engineering,4.5,2,False,False
281,2025-04-01,Sales,3.36,0,False,False
282,2025-04-01,HR,3.49,2,False,False
283,2025-04-01,Finance,2.61,3,False,False
284,2025-04-01,HR,2.57,6,False,False
285,2025-04-01,HR,2.89,7,False,False
286,2025-04-01,Operations,2.82,6,False,False
287,2025-04-01,Engineering,3.3,2,False,False
288,2025-04-01,HR,3.54,2,False,False
289,2025-04-01,HR,3.47,1,False,False
290,2025-04-01,HR,3.26,1,False,False
291,2025-04-01,Operations,3.31,1,False,False
292,2025-04-01,Sales,2.94,2,False,False
293,2025-04-01,Operations,3.6,3,False,False
294,2025-04-01,Sales,3.24,8,False,False
295,2025-04-01,HR,3.12,5,False,False
296,2025-04-01,HR,2.47,2,False,False
297,2025-04-01,Operations,4.43,2,False,False
298,2025-04-01,HR,3.19,1,False,False
299,2025-04-01,Sales,2.76,6,False,False
300,2025-04-01,Engineering,4.09,0,False,False
301,2025-04-01,Sales,1.53,4,False,False
302,2025-04-01,Operations,2.07,6,False,False
303,2025-04-01,Engineering,3.8,1,False,False
304,2025-04-01,Operations,3.59,1,False,False
305,2025-04-01,HR,3.52,3,False,False
306,2025-04-01,Engineering,3.21,3,False,False
307,2025-04-01,Sales,3.26,5,False,False
308,2025-04-01,HR,3.74,1,False,False
309,2025-04-01,Sales,3.34,3,False,False
310,2025-04-01,Engineering,3.7,1,False,False
311,2025-04-01,Finance,2.52,2,False,False
312,2025-04-01,Finance,3.42,1,False,False
313,2025-04-01,Engineering,2.38,3,False,False
314,2025-04-01,Sales,2.83,3,False,False
315,2025-04-01,Sales,3.74,5,False,False
316,2025-04-01,Finance,3.03,3,False,False
317,2025-04-01,Finance,2.37,4,False,False
318,2025-04-01,Finance,2.16,3,False,False
319,2025-04-01,Operations,2.93,2,False,False
320,2025-04-01,Finance,3.69,7,False,False
321,2025-04-01,Sales,1.47,4,False,False
322,2025-04-01,Engineering,3.85,2,False,False
323,2025-04-01,Finance,3.11,5,False,False
324,2025-04-01,Operations,3.06,2,False,False
325,2025-04-01,Operations,2.18,2,False,False
326,2025-04-01,Sales,2.35,4,False,False
327,2025-04-01,Sales,3.87,2,False,False
328,2025-04-01,Engineering,2.32,2,False,False
329,2025-04-01,Engineering,3.62,3,False,False
330,2025-04-01,HR,1.9,3,False,False
331,2025-04-01,HR,3.11,1,False,False
332,2025-04-01,Sales,2.68,5,False,False
333,2025-04-01,Sales,3.36,6,False,False
334,2025-04-01,Operations,3.0,3,False,False
335,2025-04-01,HR,4.3,1,False,False
336,2025-04-01,Operations,3.2,4,False,False
337,2025-04-01,Operations,3.66,2,False,False
338,2025-04-01,Sales,2.18,4,False,False
339,2025-04-01,Sales,3.03,0,False,False
340,2025-04-01,Operations,3.03,2,False,False
341,2025-04-01,Finance,2.86,4,False,False
342,2025-04-01,Sales,3.21,3,False,False
343,2025-04-01,Finance,2.79,1,False,False
344,2025-04-01,HR,2.62,2,False,False
345,2025-04-01,Operations,3.19,3,False,False
346,2025-04-01,Sales,2.86,1,False,False
347,2025-04-01,Operations,1.9,4,False,False
348,2025-04-01,Operations,2.67,1,False,False
349,2025-04-01,Engineering,3.83,2,False,False
350,2025-04-01,Engineering,2.68,3,False,False
351,2025-04-01,HR,3.19,4,False,False
352,2025-04-01,Engineering,4.29,0,False,False
353,2025-04-01,Sales,3.53,4,False,False
354,2025-04-01,HR,2.91,0,False,False
355,2025-04-01,Operations,3.85,1,False,False
356,2025-04-01,Operations,3.57,3,False,False
357,2025-04-01,Engineering,3.37,1,False,False
358,2025-04-01,Operations,4.17,2,False,False
359,2025-04-01,Engineering,3.43,1,False,False
360,2025-04-01,Finance,3.24,1,False,False
361,2025-04-01,Operations,3.8,1,False,False
362,2025-04-01,Operations,3.77,1,False,False
363,2025-04-01,Sales,2.22,5,False,False
364,2025-04-01,Operations,2.88,6,False,False
365,2025-04-01,Engineering,5.0,0,False,False
366,2025-04-01,HR,3.53,1,False,False
367,2025-04-01,HR,3.08,1,False,False
368,2025-04-01,Sales,4.01,1,False,False
369,2025-04-01,Engineering,3.28,4,False,False
370,2025-04-01,Finance,2.76,8,False,False
371,2025-04-01,Sales,3.28,4,False,False
372,2025-04-01,Finance,2.33,2,False,False
373,2025-04-01,HR,2.82,1,False,False
374,2025-04-01,Sales,3.89,1,False,False
375,2025-04-01,Operations,3.48,2,False,False
376,2025-04-01,Engineering,3.43,3,False,False
377,2025-04-01,Finance,2.96,5,False,False
378,2025-04-01,Finance,3.16,2,False,False
379,2025-04-01,Sales,3.09,4,False,False
380,2025-04-01,Sales,3.14,3,False,False
381,2025-04-01,Engineering,3.31,1,False,False
382,2025-04-01,Operations,2.55,4,False,False
383,2025-04-01,Operations,3.32,1,False,False
384,2025-04-01,Sales,2.66,2,False,False
385,2025-04-01,Engineering,4.01,3,False,False
386,2025-04-01,Engineering,3.0,3,False,False
387,2025-04-01,Engineering,3.56,3,False,False
388,2025-04-01,Operations,3.31,4,False,False
389,2025-04-01,Operations,3.16,3,False,False
390,2025-04-01,Engineering,2.37,1,False,False
391,2025-04-01,Finance,3.17,3,False,False
392,2025-04-01,Engineering,3.94,2,False,False
393,2025-04-01,Sales,2.4,5,False,False
394,2025-04-01,HR,3.41,1,False,False
395,2025-04-01,Finance,3.45,2,False,False
396,2025-04-01,Operations,3.59,3,False,False
397,2025-04-01,Engineering,3.33,2,False,False
398,2025-04-01,Engineering,3.05,4,False,False
399,2025-04-01,Sales,3.32,3,False,False
400,2025-04-01,Sales,4.05,0,False,False
401,2025-04-01,Operations,1.12,4,False,False
402,2025-04-01,Finance,2.47,4,False,False
403,2025-04-01,Sales,2.89,2,False,False
404,2025-04-01,Operations,2.71,2,False,False
405,2025-04-01,HR,3.05,4,False,False
406,2025-04-01,HR,4.03,0,False,False
407,2025-04-01,HR,2.47,0,True,False
408,2025-04-01,Engineering,3.06,3,False,False
409,2025-04-01,Operations,2.61,4,False,False
410,2025-04-01,Engineering,2.59,3,False,False
411,2025-04-01,Engineering,4.14,2,False,False
412,2025-04-01,Sales,2.48,1,False,False
413,2025-04-01,Sales,3.22,7,False,False
414,2025-04-01,Engineering,2.87,4,False,False
415,2025-04-01,Engineering,4.46,3,False,False
416,2025-04-01,Finance,3.46,1,False,False
417,2025-04-01,Operations,2.99,1,False,False
418,2025-04-01,Engineering,4.01,0,False,False
419,2025-04-01,Sales,2.0,3,False,False
420,2025-04-01,HR,3.7,0,False,False
421,2025-04-01,Operations,3.4,1,False,False
422,2025-04-01,Finance,3.25,2,False,False
423,2025-04-01,Finance,2.84,4,False,False
424,2025-04-01,HR,2.56,4,False,False
425,2025-04-01,HR,3.16,0,False,False
426,2025-04-01,Engineering,4.01,3,False,False
427,2025-04-01,Operations,3.31,3,False,False
428,2025-04-01,Operations,2.88,6,False,False
429,2025-04-01,Engineering,3.42,4,False,False
430,2025-04-01,Finance,2.99,5,False,False
431,2025-04-01,Engineering,4.56,0,False,False
432,2025-04-01,Finance,2.6,2,False,False
433,2025-04-01,Operations,3.37,2,False,False
434,2025-04-01,Engineering,4.34,3,False,False
435,2025-04-01,HR,2.6,1,False,False
436,2025-04-01,Engineering,5.0,1,False,False
437,2025-04-01,HR,3.41,4,False,False
438,2025-04-01,Operations,3.18,4,False,False
439,2025-04-01,Engineering,3.19,3,False,False
440,2025-04-01,Sales,2.84,3,False,False
441,2025-04-01,Operations,3.05,2,False,False
442,2025-04-01,Sales,3.38,2,False,False
443,2025-04-01,Engineering,4.51,1,False,False
444,2025-04-01,HR,3.07,2,False,False
445,2025-04-01,HR,2.41,1,False,False
446,2025-04-01,Finance,3.19,3,False,False
447,2025-04-01,Sales,4.04,1,False,False
448,2025-04-01,Operations,3.09,2,False,False
449,2025-04-01,HR,3.76,1,False,False
450,2025-04-01,Sales,2.72,3,False,False
451,2025-04-01,Operations,2.29,2,False,False
452,2025-04-01,Operations,2.41,4,False,False
453,2025-04-01,HR,2.46,3,False,False
454,2025-04-01,Engineering,3.52,1,False,False
455,2025-04-01,HR,3.27,3,False,False
456,2025-04-01,HR,2.84,4,False,False
457,2025-04-01,Engineering,1.94,2,False,False
458,2025-04-01,Finance,2.73,4,False,False
459,2025-04-01,Operations,4.11,2,False,False
460,2025-04-01,Engineering,3.11,2,False,False
461,2025-04-01,Finance,3.05,3,False,False
462,2025-04-01,Engineering,2.63,2,False,False
463,2025-04-01,Finance,4.46,0,False,False
464,2025-04-01,HR,2.56,3,False,False
465,2025-04-01,Engineering,3.9,3,False,False
466,2025-04-01,Operations,4.43,2,False,False
467,2025-04-01,Engineering,3.98,2,False,False
468,2025-04-01,HR,2.73,1,False,False
469,2025-04-01,Engineering,3.35,1,False,False
470,2025-04-01,Operations,2.43,4,False,False
471,2025-04-01,Finance,3.29,1,False,False
472,2025-04-01,Operations,3.01,0,False,False
473,2025-04-01,HR,2.87,4,False,False
474,2025-04-01,HR,3.77,1,False,False
475,2025-04-01,Finance,2.81,3,False,False
476,2025-04-01,Finance,4.01,2,False,False
477,2025-04-01,Operations,2.95,3,False,False
478,2025-04-01,Engineering,4.33,1,False,False
479,2025-04-01,Finance,3.21,1,False,False
480,2025-04-01,Engineering,4.17,1,False,False
481,2025-04-01,Sales,3.06,5,False,False
482,2025-04-01,Operations,2.76,4,False,False
483,2025-04-01,Sales,3.36,3,False,False
484,2025-04-01,Finance,3.78,1,False,False
485,2025-04-01,HR,3.09,2,False,False
486,2025-04-01,Sales,2.63,2,False,False
487,2025-04-01,Sales,2.66,3,False,False
488,2025-04-01,HR,2.29,4,False,False
489,2025-04-01,Finance,1.99,3,False,False
490,2025-04-01,Finance,3.42,3,False,False
491,2025-04-01,Operations,3.5,3,False,False
492,2025-04-01,Operations,3.17,2,False,False
493,2025-04-01,Finance,1.85,5,False,False
494,2025-04-01,Finance,2.93,4,False,False
495,2025-04-01,Sales,2.99,3,False,False
496,2025-04-01,HR,4.18,2,False,False
497,2025-04-01,Engineering,2.79,0,False,False
498,2025-04-01,Sales,2.81,1,False,False
499,2025-04-01,Operations,4.4,1,False,False
500,2025-04-01,HR,3.29,2,False,False
1,2025-05-01,Engineering,2.18,5,False,False
2,2025-05-01,Finance,3.46,4,False,False
3,2025-05-01,Finance,4.16,2,False,False
4,2025-05-01,HR,3.58,2,False,False
5,2025-05-01,HR,3.19,1,False,False
6,2025-05-01,Operations,2.26,3,False,False
7,2025-05-01,Engineering,3.67,2,False,False
8,2025-05-01,Finance,2.57,5,False,False
9,2025-05-01,Sales,2.63,2,False,False
10,2025-05-01,Engineering,3.61,3,False,False
11,2025-05-01,HR,4.22,3,False,False
12,2025-05-01,Operations,4.17,2,False,False
13,2025-05-01,Finance,4.16,1,False,False
14,2025-05-01,Finance,3.57,2,False,False
15,2025-05-01,Finance,3.86,2,False,False
16,2025-05-01,Finance,3.06,2,False,False
17,2025-05-01,HR,3.4,1,False,False
18,2025-05-01,Engineering,2.92,1,False,False
19,2025-05-01,Operations,3.59,2,False,False
20,2025-05-01,HR,3.21,1,False,False
21,2025-05-01,HR,2.67,5,False,False
22,2025-05-01,Sales,2.51,0,False,False
23,2025-05-01,Engineering,3.27,3,False,False
24,2025-05-01,Operations,3.35,2,False,False
25,2025-05-01,Finance,3.04,3,False,False
26,2025-05-01,Finance,3.41,2,False,False
27,2025-05-01,HR,3.29,3,False,False
28,2025-05-01,Operations,3.38,5,False,False
29,2025-05-01,HR,3.78,0,False,False
30,2025-05-01,HR,2.68,7,False,False
31,2025-05-01,HR,3.77,1,False,False
32,2025-05-01,Sales,2.59,3,False,False
33,2025-05-01,Engineering,2.08,3,False,False
34,2025-05-01,HR,2.17,4,False,False
35,2025-05-01,Operations,2.67,2,False,False
36,2025-05-01,Engineering,3.04,3,False,False
37,2025-05-01,Operations,2.8,2,False,False
38,2025-05-01,Operations,2.59,2,False,False
39,2025-05-01,Sales,3.51,0,False,False
40,2025-05-01,Finance,2.89,2,False,False
41,2025-05-01,Engineering,3.7,2,False,False
42,2025-05-01,Finance,3.42,3,False,False
43,2025-05-01,Finance,3.19,3,False,False
44,2025-05-01,Sales,2.01,2,False,False
45,2025-05-01,Engineering,3.59,3,False,False
46,2025-05-01,Operations,1.65,6,False,False
47,2025-05-01,HR,2.92,5,False,False
48,2025-05-01,Operations,3.15,4,False,False
49,2025-05-01,Finance,3.78,0,False,False
50,2025-05-01,Finance,3.94,1,False,False
51,2025-05-01,Finance,3.75,2,False,False
52,2025-05-01,Engineering,3.04,4,False,False
53,2025-05-01,Sales,3.82,3,False,False
54,2025-05-01,HR,2.59,3,False,False
55,2025-05-01,HR,3.62,2,False,False
56,2025-05-01,Engineering,3.93,1,False,False
57,2025-05-01,HR,3.13,4,False,False
58,2025-05-01,Engineering,3.92,1,False,False
59,2025-05-01,Finance,3.55,4,False,False
60,2025-05-01,Finance,3.18,6,False,False
61,2025-05-01,Operations,3.58,5,False,False
62,2025-05-01,Finance,3.06,2,False,False
63,2025-05-01,Sales,3.24,1,False,False
64,2025-05-01,Operations,2.36,3,False,False
65,2025-05-01,HR,3.05,3,False,False
66,2025-05-01,Sales,2.59,3,False,False
67,2025-05-01,Operations,3.06,8,False,False
68,2025-05-01,Sales,2.55,0,False,False
69,2025-05-01,Engineering,3.82,4,False,False
70,2025-05-01,HR,2.3,4,False,False
71,2025-05-01,Finance,3.59,3,False,False
72,2025-05-01,Engineering,3.46,2,False,False
73,2025-05-01,HR,4.08,2,False,False
74,2025-05-01,Engineering,2.43,5,False,False
75,2025-05-01,Finance,3.34,3,False,False
76,2025-05-01,HR,3.05,5,False,False
77,2025-05-01,Sales,3.79,6,False,False
78,2025-05-01,Sales,3.09,2,False,False
79,2025-05-01,HR,3.59,0,False,False
80,2025-05-01,Finance,2.86,4,False,False
81,2025-05-01,Operations,3.52,0,False,False
82,2025-05-01,HR,3.36,4,False,False
83,2025-05-01,Engineering,3.45,2,False,False
84,2025-05-01,Operations,2.42,2,False,False
85,2025-05-01,Finance,2.97,4,False,False
86,2025-05-01,Finance,2.84,4,False,False
87,2025-05-01,Engineering,3.91,0,False,False
88,2025-05-01,Sales,3.42,5,False,False
89,2025-05-01,Finance,3.56,4,False,False
90,2025-05-01,Operations,3.26,5,False,False
91,2025-05-01,HR,2.9,3,False,False
92,2025-05-01,Operations,3.43,3,False,False
93,2025-05-01,Operations,2.01,5,False,False
94,2025-05-01,Sales,3.18,6,False,False
95,2025-05-01,Operations,2.78,3,False,False
96,2025-05-01,Sales,4.14,0,False,False
97,2025-05-01,Sales,4.56,4,False,False
98,2025-05-01,Finance,3.19,2,False,False
99,2025-05-01,Finance,4.01,2,False,False
100,2025-05-01,Engineering,3.25,5,False,False
101,2025-05-01,Operations,2.9,3,False,False
102,2025-05-01,Engineering,3.68,1,False,False
103,2025-05-01,Operations,3.09,1,False,False
104,2025-05-01,Engineering,3.1,2,False,False
105,2025-05-01,Finance,3.48,1,False,False
106,2025-05-01,Finance,2.47,2,False,False
107,2025-05-01,Finance,2.18,2,False,False
108,2025-05-01,Finance,3.47,3,False,False
109,2025-05-01,HR,3.47,5,False,False
110,2025-05-01,Finance,3.3,3,False,False
111,2025-05-01,Sales,3.7,4,False,False
112,2025-05-01,Finance,3.61,3,False,False
113,2025-05-01,HR,3.3,1,False,False
114,2025-05-01,HR,2.46,0,False,False
115,2025-05-01,HR,3.66,2,False,False
116,2025-05-01,HR,3.92,1,False,False
117,2025-05-01,Engineering,3.34,1,False,False
118,2025-05-01,Engineering,3.77,2,False,False
119,2025-05-01,Sales,3.18,4,False,False
120,2025-05-01,Engineering,3.59,1,False,False
121,2025-05-01,HR,3.33,7,False,False
122,2025-05-01,Finance,3.56,2,False,False
123,2025-05-01,Finance,3.06,3,False,False
124,2025-05-01,HR,2.23,1,False,False
125,2025-05-01,Operations,3.64,0,False,False
126,2025-05-01,HR,2.25,0,False,False
127,2025-05-01,Engineering,2.79,2,False,False
128,2025-05-01,Finance,3.66,2,False,False
129,2025-05-01,HR,3.47,1,False,False
130,2025-05-01,Finance,3.89,2,False,False
131,2025-05-01,HR,3.16,6,False,False
132,2025-05-01,HR,2.34,5,False,False
133,2025-05-01,Engineering,3.19,3,False,False
134,2025-05-01,HR,3.02,3,False,False
135,2025-05-01,Finance,2.94,3,False,False
136,2025-05-01,Sales,3.97,4,False,False
137,2025-05-01,Finance,2.86,2,False,False
138,2025-05-01,Engineering,3.2,10,False,False
139,2025-05-01,Sales,2.93,3,False,False
140,2025-05-01,HR,3.74,2,False,False
141,2025-05-01,Operations,3.24,5,False,False
142,2025-05-01,Sales,3.21,1,False,False
143,2025-05-01,Sales,3.22,2,False,False
144,2025-05-01,HR,2.89,0,False,False
145,2025-05-01,Operations,3.12,1,False,False
146,2025-05-01,Operations,3.61,1,False,False
147,2025-05-01,Engineering,3.45,1,False,False
148,2025-05-01,Sales,2.91,3,False,False
149,2025-05-01,Operations,2.41,1,False,False
150,2025-05-01,Engineering,3.45,0,False,False
151,2025-05-01,Operations,3.03,1,False,False
152,2025-05-01,Sales,3.04,3,False,False
153,2025-05-01,Operations,3.46,2,False,False
154,2025-05-01,Sales,3.27,2,False,False
155,2025-05-01,HR,3.63,2,False,False
156,2025-05-01,Finance,3.19,3,False,False
157,2025-05-01,Engineering,3.6,1,False,False
158,2025-05-01,HR,3.06,0,False,False
159,2025-05-01,HR,2.58,2,False,False
160,2025-05-01,Finance,3.77,2,False,False
161,2025-05-01,Operations,1.89,2,False,False
162,2025-05-01,Finance,2.49,3,False,False
163,2025-05-01,HR,2.25,6,False,False
164,2025-05-01,HR,2.61,6,False,False
165,2025-05-01,HR,3.41,0,False,False
166,2025-05-01,Operations,3.46,4,False,False
167,2025-05-01,Sales,2.67,3,False,False
168,2025-05-01,Engineering,4.11,2,False,False
169,2025-05-01,Sales,4.15,2,False,False
170,2025-05-01,Engineering,3.22,1,False,False
171,2025-05-01,Engineering,4.45,1,False,False
172,2025-05-01,Engineering,3.66,1,False,False
173,2025-05-01,Finance,2.94,6,False,False
174,2025-05-01,Finance,3.14,3,False,False
175,2025-05-01,Finance,3.35,2,False,False
176,2025-05-01,HR,3.29,5,False,False
177,2025-05-01,Finance,4.1,5,False,False
178,2025-05-01,Engineering,1.73,3,False,False
179,2025-05-01,Operations,2.6,3,False,False
180,2025-05-01,HR,2.82,5,False,False
181,2025-05-01,Operations,3.22,5,False,False
182,2025-05-01,Engineering,2.78,5,False,False
183,2025-05-01,HR,2.72,5,False,False
184,2025-05-01,Finance,3.11,3,False,False
185,2025-05-01,HR,2.15,3,False,False
186,2025-05-01,HR,4.62,0,False,False
187,2025-05-01,Engineering,4.25,0,False,False
188,2025-05-01,Sales,3.11,2,False,False
189,2025-05-01,Sales,2.82,1,False,False
190,2025-05-01,Sales,2.99,2,False,False
191,2025-05-01,Finance,2.72,2,False,False
192,2025-05-01,Finance,3.29,3,False,False
193,2025-05-01,Finance,3.0,3,False,False
194,2025-05-01,Sales,3.74,1,False,False
195,2025-05-01,Operations,1.95,2,False,False
196,2025-05-01,Engineering,2.85,2,False,False
197,2025-05-01,Sales,3.39,5,False,False
198,2025-05-01,Engineering,3.67,3,False,False
199,2025-05-01,Sales,2.91,5,False,False
200,2025-05-01,Operations,1.88,1,False,False
201,2025-05-01,Sales,3.55,1,False,False
202,2025-05-01,Operations,2.81,3,False,False
203,2025-05-01,HR,2.98,2,False,False
204,2025-05-01,Finance,2.89,2,False,False
205,2025-05-01,HR,1.9,5,False,False
206,2025-05-01,Sales,3.02,1,False,False
207,2025-05-01,Finance,3.0,1,False,False
208,2025-05-01,Operations,3.54,2,False,False
209,2025-05-01,Sales,2.98,3,False,False
210,2025-05-01,Finance,3.84,2,False,False
211,2025-05-01,Sales,3.73,0,False,False
212,2025-05-01,Finance,3.2,1,False,False
213,2025-05-01,Finance,3.83,5,False,False
214,2025-05-01,HR,4.38,0,False,False
215,2025-05-01,Finance,4.44,0,False,False
216,2025-05-01,Sales,2.64,4,False,False
217,2025-05-01,Engineering,2.71,2,False,False
218,2025-05-01,Engineering,4.11,1,False,False
219,2025-05-01,HR,2.35,6,False,False
220,2025-05-01,Operations,2.61,4,False,False
221,2025-05-01,Engineering,2.72,3,False,False
222,2025-05-01,HR,3.5,0,False,False
223,2025-05-01,Finance,3.5,3,False,False
224,2025-05-01,Sales,2.51,3,False,False
225,2025-05-01,Finance,3.14,4,False,False
226,2025-05-01,Sales,2.43,2,False,False
227,2025-05-01,Operations,2.8,1,False,False
228,2025-05-01,HR,3.94,2,False,False
229,2025-05-01,HR,3.27,3,False,False
230,2025-05-01,Engineering,3.96,3,False,False
231,2025-05-01,HR,3.03,4,False,False
232,2025-05-01,Operations,2.85,4,False,False
233,2025-05-01,Engineering,3.33,1,False,False
234,2025-05-01,Finance,1.97,5,False,False
235,2025-05-01,HR,2.13,5,False,False
236,2025-05-01,Finance,2.36,2,False,False
237,2025-05-01,Finance,2.42,5,False,False
238,2025-05-01,HR,2.38,1,False,False
239,2025-05-01,Sales,3.83,2,False,False
240,2025-05-01,Finance,3.59,0,False,False
241,2025-05-01,Engineering,4.43,0,False,False
242,2025-05-01,HR,3.48,3,False,False
243,2025-05-01,Engineering,3.75,1,False,False
244,2025-05-01,Finance,2.47,2,False,False
245,2025-05-01,Finance,3.94,0,False,False
246,2025-05-01,Engineering,3.68,3,False,False
247,2025-05-01,Finance,2.91,2,False,False
248,2025-05-01,HR,2.97,2,False,False
249,2025-05-01,Finance,3.45,3,False,False
250,2025-05-01,Engineering,2.7,2,False,False
251,2025-05-01,Engineering,3.32,3,False,False
252,2025-05-01,HR,1.98,7,False,False
253,2025-05-01,Engineering,2.92,2,False,False
254,2025-05-01,Sales,3.69,2,False,False
255,2025-05-01,Finance,2.9,3,False,False
256,2025-05-01,Engineering,3.36,5,False,False
257,2025-05-01,Finance,3.74,1,False,False
258,2025-05-01,Engineering,3.53,3,False,False
259,2025-05-01,Engineering,3.63,2,False,False
260,2025-05-01,HR,4.07,1,False,False
261,2025-05-01,Finance,2.22,0,False,False
262,2025-05-01,Engineering,3.97,1,False,False
263,2025-05-01,Sales,3.2,4,False,False
264,2025-05-01,Operations,4.04,1,False,False
265,2025-05-01,Operations,2.82,2,False,False
266,2025-05-01,HR,3.1,5,False,False
267,2025-05-01,HR,2.31,0,False,False
268,2025-05-01,Sales,2.99,0,False,False
269,2025-05-01,Finance,2.12,6,False,False
270,2025-05-01,HR,3.5,4,False,False
271,2025-05-01,Sales,4.14,3,False,False
272,2025-05-01,Engineering,3.41,1,False,False
273,2025-05-01,Engineering,3.12,1,False,False
274,2025-05-01,Operations,3.11,1,False,False
275,2025-05-01,HR,3.03,1,False,False
276,2025-05-01,HR,3.94,1,False,False
277,2025-05-01,HR,2.79,3,False,False
278,2025-05-01,Finance,3.81,2,False,False
279,2025-05-01,Engineering,2.85,7,False,False
280,2025-05-01,Engineering,4.34,2,False,False
281,2025-05-01,Sales,3.53,2,False,False
282,2025-05-01,HR,3.57,3,False,False
283,2025-05-01,Finance,2.41,4,False,False
284,2025-05-01,HR,2.68,2,False,False
285,2025-05-01,HR,2.76,2,False,False
286,2025-05-01,Operations,2.77,2,False,False
287,2025-05-01,Engineering,3.2,1,False,False
288,2025-05-01,HR,3.57,5,False,False
289,2025-05-01,HR,3.5,2,False,False
290,2025-05-01,HR,3.46,4,False,False
291,2025-05-01,Operations,3.63,2,False,False
292,2025-05-01,Sales,2.96,1,False,False
293,2025-05-01,Operations,3.59,1,False,False
294,2025-05-01,Sales,2.99,2,False,False
295,2025-05-01,HR,3.08,4,False,False
296,2025-05-01,HR,2.52,6,False,False
297,2025-05-01,Operations,4.35,3,False,False
298,2025-05-01,HR,3.16,1,False,False
299,2025-05-01,Sales,2.81,4,False,False
300,2025-05-01,Engineering,3.89,0,False,False
301,2025-05-01,Sales,1.63,4,False,False
302,2025-05-01,Operations,1.99,4,False,False
303,2025-05-01,Engineering,3.83,3,False,False
304,2025-05-01,Operations,3.56,5,False,False
305,2025-05-01,HR,3.47,0,False,False
306,2025-05-01,Engineering,2.92,7,False,False
307,2025-05-01,Sales,3.36,2,False,False
308,2025-05-01,HR,3.69,2,False,False
309,2025-05-01,Sales,3.56,1,False,False
310,2025-05-01,Engineering,4.02,1,False,False
311,2025-05-01,Finance,2.41,1,False,False
312,2025-05-01,Finance,3.43,4,False,False
313,2025-05-01,Engineering,2.42,5,False,False
314,2025-05-01,Sales,3.21,1,False,False
315,2025-05-01,Sales,3.79,0,False,False
316,2025-05-01,Finance,2.75,2,False,False
317,2025-05-01,Finance,2.4,1,False,False
318,2025-05-01,Finance,2.2,4,False,False
319,2025-05-01,Operations,2.69,2,False,False
320,2025-05-01,Finance,3.64,3,False,False
321,2025-05-01,Sales,1.58,4,False,False
322,2025-05-01,Engineering,3.77,0,False,False
323,2025-05-01,Finance,3.23,1,False,False
324,2025-05-01,Operations,3.36,2,False,False
325,2025-05-01,Operations,2.04,2,False,False
326,2025-05-01,Sales,2.17,3,False,False
327,2025-05-01,Sales,3.82,3,False,False
328,2025-05-01,Engineering,2.41,3,False,False
329,2025-05-01,Engineering,3.74,2,False,False
330,2025-05-01,HR,2.07,3,False,False
331,2025-05-01,HR,3.09,2,False,False
332,2025-05-01,Sales,2.46,6,False,False
333,2025-05-01,Sales,3.39,5,False,False
334,2025-05-01,Operations,3.17,1,False,False
335,2025-05-01,HR,4.42,1,False,False
336,2025-05-01,Operations,3.37,0,False,False
337,2025-05-01,Operations,3.52,2,False,False
338,2025-05-01,Sales,2.08,5,False,False
339,2025-05-01,Sales,3.26,3,False,False
340,2025-05-01,Operations,3.06,2,False,False
341,2025-05-01,Finance,2.88,6,False,False
342,2025-05-01,Sales,3.2,6,False,False
343,2025-05-01,Finance,2.61,2,False,False
344,2025-05-01,HR,2.56,2,False,False
345,2025-05-01,Operations,2.98,3,False,False
346,2025-05-01,Sales,2.85,3,False,False
347,2025-05-01,Operations,1.99,2,False,False
348,2025-05-01,Operations,2.64,3,False,False
349,2025-05-01,Engineering,3.95,4,False,False
350,2025-05-01,Engineering,2.78,5,False,False
351,2025-05-01,HR,3.07,1,False,False
352,2025-05-01,Engineering,4.01,3,False,False
353,2025-05-01,Sales,3.75,2,False,False
354,2025-05-01,HR,2.98,1,False,False
355,2025-05-01,Operations,3.74,2,False,False
356,2025-05-01,Operations,3.64,2,False,False
357,2025-05-01,Engineering,3.47,2,False,False
358,2025-05-01,Operations,4.18,0,False,False
359,2025-05-01,Engineering,3.33,6,False,False
360,2025-05-01,Finance,3.25,2,False,False
361,2025-05-01,Operations,3.92,4,False,False
362,2025-05-01,Operations,3.84,2,False,False
363,2025-05-01,Sales,2.46,7,False,False
364,2025-05-01,Operations,2.95,4,False,False
365,2025-05-01,Engineering,4.92,1,False,False
366,2025-05-01,HR,3.35,3,False,False
367,2025-05-01,HR,3.03,2,False,False
368,2025-05-01,Sales,3.95,0,False,False
369,2025-05-01,Engineering,3.32,2,False,False
370,2025-05-01,Finance,2.58,1,False,False
371,2025-05-01,Sales,3.26,2,False,False
372,2025-05-01,Finance,2.33,1,False,False
373,2025-05-01,HR,2.92,2,False,False
374,2025-05-01,Sales,3.7,1,False,False
375,2025-05-01,Operations,3.55,3,False,False
376,2025-05-01,Engineering,3.17,1,False,False
377,2025-05-01,Finance,3.11,1,False,False
378,2025-05-01,Finance,3.14,2,False,False
379,2025-05-01,Sales,3.07,4,False,False
380,2025-05-01,Sales,2.95,5,False,False
381,2025-05-01,Engineering,3.27,5,False,False
382,2025-05-01,Operations,2.7,3,False,False
383,2025-05-01,Operations,3.47,1,False,False
384,2025-05-01,Sales,2.67,4,False,False
385,2025-05-01,Engineering,4.03,5,False,False
386,2025-05-01,Engineering,2.88,1,False,False
387,2025-05-01,Engineering,3.53,4,False,False
388,2025-05-01,Operations,3.62,3,False,False
389,2025-05-01,Operations,3.0,3,False,False
390,2025-05-01,Engineering,2.41,1,False,False
391,2025-05-01,Finance,3.1,3,False,False
392,2025-05-01,Engineering,3.87,1,False,False
393,2025-05-01,Sales,2.3,5,False,False
394,2025-05-01,HR,3.57,3,False,False
395,2025-05-01,Finance,3.63,2,False,False
396,2025-05-01,Operations,3.48,2,False,False
397,2025-05-01,Engineering,3.3,4,False,False
398,2025-05-01,Engineering,3.02,1,False,False
399,2025-05-01,Sales,3.48,0,False,False
400,2025-05-01,Sales,4.04,1,False,False
401,2025-05-01,Operations,1.14,2,False,False
402,2025-05-01,Finance,2.39,3,False,False
403,2025-05-01,Sales,2.66,4,False,False
404,2025-05-01,Operations,2.41,4,False,False
405,2025-05-01,HR,3.0,2,False,False
406,2025-05-01,HR,4.1,0,False,False
407,2025-05-01,HR,2.57,3,False,False
408,2025-05-01,Engineering,3.14,6,False,False
409,2025-05-01,Operations,2.49,4,False,False
410,2025-05-01,Engineering,2.39,5,False,False
411,2025-05-01,Engineering,4.41,2,False,False
412,2025-05-01,Sales,2.63,3,False,False
413,2025-05-01,Sales,3.4,3,False,False
414,2025-05-01,Engineering,2.98,6,False,False
415,2025-05-01,Engineering,4.53,1,False,False
416,2025-05-01,Finance,3.32,3,False,False
417,2025-05-01,Operations,3.09,3,False,False
418,2025-05-01,Engineering,4.13,3,False,False
419,2025-05-01,Sales,1.95,7,False,False
420,2025-05-01,HR,3.85,1,False,False
421,2025-05-01,Operations,3.27,1,False,False
422,2025-05-01,Finance,3.04,5,False,False
423,2025-05-01,Finance,2.89,3,False,False
424,2025-05-01,HR,2.4,2,False,False
425,2025-05-01,HR,3.35,1,False,False
426,2025-05-01,Engineering,3.92,3,False,False
427,2025-05-01,Operations,3.33,2,False,False
428,2025-05-01,Operations,2.98,3,False,False
429,2025-05-01,Engineering,3.48,3,False,False
430,2025-05-01,Finance,2.91,3,False,False
431,2025-05-01,Engineering,4.57,1,False,False
432,2025-05-01,Finance,2.56,4,False,False
433,2025-05-01,Operations,3.38,3,False,False
434,2025-05-01,Engineering,4.28,2,False,False
435,2025-05-01,HR,2.54,4,False,False
436,2025-05-01,Engineering,5.0,2,False,False
437,2025-05-01,HR,3.3,2,False,False
438,2025-05-01,Operations,3.28,4,False,False
439,2025-05-01,Engineering,3.24,3,False,False
440,2025-05-01,Sales,3.26,2,False,False
441,2025-05-01,Operations,3.08,3,False,False
442,2025-05-01,Sales,3.22,6,False,False
443,2025-05-01,Engineering,4.44,1,False,False
444,2025-05-01,HR,2.94,2,False,False
445,2025-05-01,HR,2.38,4,False,False
446,2025-05-01,Finance,3.21,2,False,False
447,2025-05-01,Sales,4.27,0,False,False
448,2025-05-01,Operations,3.15,3,False,False
449,2025-05-01,HR,3.93,3,False,False
450,2025-05-01,Sales,2.88,2,False,False
451,2025-05-01,Operations,2.15,3,False,False
452,2025-05-01,Operations,2.6,3,False,False
453,2025-05-01,HR,2.34,0,False,False
454,2025-05-01,Engineering,3.38,3,False,False
455,2025-05-01,HR,3.31,3,False,False
456,2025-05-01,HR,2.97,4,False,False
457,2025-05-01,Engineering,1.84,0,False,False
458,2025-05-01,Finance,2.82,4,False,False
459,2025-05-01,Operations,4.03,2,False,False
460,2025-05-01,Engineering,2.72,4,False,False
461,2025-05-01,Finance,3.23,4,False,False
462,2025-05-01,Engineering,2.53,2,False,False
463,2025-05-01,Finance,4.37,0,False,False
464,2025-05-01,HR,2.83,3,False,False
465,2025-05-01,Engineering,3.74,4,False,False
466,2025-05-01,Operations,4.34,0,False,False
467,2025-05-01,Engineering,3.96,0,False,False
468,2025-05-01,HR,2.78,2,False,False
469,2025-05-01,Engineering,3.22,5,False,False
470,2025-05-01,Operations,2.49,2,False,False
471,2025-05-01,Finance,3.14,3,False,False
472,2025-05-01,Operations,2.94,1,False,False
473,2025-05-01,HR,2.78,5,False,False
474,2025-05-01,HR,3.82,5,False,False
475,2025-05-01,Finance,2.95,0,False,False
476,2025-05-01,Finance,4.03,2,False,False
477,2025-05-01,Operations,2.89,5,False,False
478,2025-05-01,Engineering,4.4,1,False,False
479,2025-05-01,Finance,3.3,1,False,False
480,2025-05-01,Engineering,3.93,0,False,False
481,2025-05-01,Sales,2.88,5,False,False
482,2025-05-01,Operations,2.93,4,False,False
483,2025-05-01,Sales,3.33,3,False,False
484,2025-05-01,Finance,3.74,4,False,False
485,2025-05-01,HR,3.19,2,False,False
486,2025-05-01,Sales,2.72,4,False,False
487,2025-05-01,Sales,2.5,7,False,False
488,2025-05-01,HR,2.1,6,False,False
489,2025-05-01,Finance,2.09,4,False,False
490,2025-05-01,Finance,3.65,2,False,False
491,2025-05-01,Operations,3.33,3,True,False
492,2025-05-01,Operations,3.17,6,False,False
493,2025-05-01,Finance,1.89,3,False,False
494,2025-05-01,Finance,2.92,2,False,False
495,2025-05-01,Sales,2.99,2,False,False
496,2025-05-01,HR,4.26,2,False,False
497,2025-05-01,Engineering,2.81,1,False,False
498,2025-05-01,Sales,2.66,3,False,False
499,2025-05-01,Operations,4.42,3,False,False
500,2025-05-01,HR,3.22,2,False,False
1,2025-06-01,Engineering,2.35,5,False,False
2,2025-06-01,Finance,3.26,3,False,False
3,2025-06-01,Finance,4.15,1,False,False
4,2025-06-01,HR,3.52,3,False,False
5,2025-06-01,HR,3.15,5,False,False
6,2025-06-01,Operations,2.36,3,False,False
7,2025-06-01,Engineering,3.59,3,False,False
8,2025-06-01,Finance,2.9,3,False,False
9,2025-06-01,Sales,2.57,2,False,False
10,2025-06-01,Engineering,3.52,2,False,False
11,2025-06-01,HR,4.28,3,False,False
12,2025-06-01,Operations,4.22,2,False,False
13,2025-06-01,Finance,4.32,2,False,False
14,2025-06-01,Finance,3.39,3,False,False
15,2025-06-01,Finance,4.03,2,False,False
16,2025-06-01,Finance,3.18,2,False,False
17,2025-06-01,HR,3.45,2,False,False
18,2025-06-01,Engineering,2.83,2,False,False
19,2025-06-01,Operations,3.26,1,False,False
20,2025-06-01,HR,3.15,0,False,False
21,2025-06-01,HR,2.74,4,False,False
22,2025-06-01,Sales,2.49,0,False,False
23,2025-06-01,Engineering,3.22,1,False,False
24,2025-06-01,Operations,3.12,3,False,False
25,2025-06-01,Finance,3.35,1,False,False
26,2025-06-01,Finance,3.67,1,False,False
27,2025-06-01,HR,3.3,1,False,False
28,2025-06-01,Operations,3.26,3,False,False
29,2025-06-01,HR,3.72,4,False,False
30,2025-06-01,HR,2.74,2,False,False
31,2025-06-01,HR,4.03,3,False,False
32,2025-06-01,Sales,2.58,3,False,False
33,2025-06-01,Engineering,2.15,8,False,False
34,2025-06-01,HR,2.39,3,False,False
35,2025-06-01,Operations,2.73,1,False,False
36,2025-06-01,Engineering,3.03,1,False,False
37,2025-06-01,Operations,3.16,4,False,False
38,2025-06-01,Operations,2.47,3,False,False
39,2025-06-01,Sales,3.49,2,False,False
40,2025-06-01,Finance,2.7,6,False,False
41,2025-06-01,Engineering,3.67,4,False,False
42,2025-06-01,Finance,3.07,6,False,False
43,2025-06-01,Finance,3.27,3,False,False
44,2025-06-01,Sales,1.89,6,False,False
45,2025-06-01,Engineering,3.52,5,False,False
46,2025-06-01,Operations,1.55,3,False,False
47,2025-06-01,HR,2.9,4,False,False
48,2025-06-01,Operations,3.16,7,False,False
49,2025-06-01,Finance,3.83,1,False,False
50,2025-06-01,Finance,4.12,1,False,False
51,2025-06-01,Finance,3.59,0,False,False
52,2025-06-01,Engineering,2.86,2,False,False
53,2025-06-01,Sales,3.71,3,False,False
54,2025-06-01,HR,2.45,4,False,False
55,2025-06-01,HR,3.38,4,False,False
56,2025-06-01,Engineering,3.73,1,False,False
57,2025-06-01,HR,3.04,3,False,False
58,2025-06-01,Engineering,4.06,1,False,False
59,2025-06-01,Finance,3.94,0,False,False
60,2025-06-01,Finance,2.97,3,False,False
61,2025-06-01,Operations,3.56,3,False,False
62,2025-06-01,Finance,3.28,4,False,False
63,2025-06-01,Sales,2.98,7,False,False
64,2025-06-01,Operations,2.27,6,False,False
65,2025-06-01,HR,2.9,2,False,False
66,2025-06-01,Sales,2.58,3,False,False
67,2025-06-01,Operations,3.0,6,False,False
68,2025-06-01,Sales,2.52,6,False,False
69,2025-06-01,Engineering,3.71,2,False,False
70,2025-06-01,HR,2.49,3,False,False
71,2025-06-01,Finance,3.51,0,False,False
72,2025-06-01,Engineering,3.22,4,False,False
73,2025-06-01,HR,4.03,3,False,False
74,2025-06-01,Engineering,2.12,8,False,False
75,2025-06-01,Finance,3.55,3,False,False
76,2025-06-01,HR,3.08,3,False,False
77,2025-06-01,Sales,3.74,5,False,False
78,2025-06-01,Sales,3.3,3,False,False
79,2025-06-01,HR,3.69,5,False,False
80,2025-06-01,Finance,2.86,4,False,False
81,2025-06-01,Operations,3.43,3,False,False
82,2025-06-01,HR,2.98,2,False,False
83,2025-06-01,Engineering,3.49,3,False,False
84,2025-06-01,Operations,2.47,4,False,False
85,2025-06-01,Finance,3.23,3,False,False
86,2025-06-01,Finance,3.2,2,False,False
87,2025-06-01,Engineering,3.88,4,False,False
88,2025-06-01,Sales,3.48,2,False,False
89,2025-06-01,Finance,3.72,3,False,False
90,2025-06-01,Operations,3.25,2,False,False
91,2025-06-01,HR,2.89,4,False,False
92,2025-06-01,Operations,3.14,2,False,False
93,2025-06-01,Operations,1.95,4,False,False
94,2025-06-01,Sales,3.08,1,False,False
95,2025-06-01,Operations,3.13,6,False,False
96,2025-06-01,Sales,4.23,1,False,False
97,2025-06-01,Sales,4.69,1,False,False
98,2025-06-01,Finance,3.04,1,False,False
99,2025-06-01,Finance,4.03,3,False,False
100,2025-06-01,Engineering,3.49,2,False,False
101,2025-06-01,Operations,3.1,1,False,False
102,2025-06-01,Engineering,3.88,1,False,False
103,2025-06-01,Operations,3.32,4,False,False
104,2025-06-01,Engineering,3.07,2,False,False
105,2025-06-01,Finance,3.23,5,False,False
106,2025-06-01,Finance,2.48,4,False,False
107,2025-06-01,Finance,2.1,4,False,False
108,2025-06-01,Finance,3.57,2,False,False
109,2025-06-01,HR,3.48,2,False,False
110,2025-06-01,Finance,3.32,4,False,False
111,2025-06-01,Sales,3.5,3,False,False
112,2025-06-01,Finance,3.69,0,False,False
113,2025-06-01,HR,3.5,3,False,False
114,2025-06-01,HR,2.57,1,False,False
115,2025-06-01,HR,4.0,0,False,False
116,2025-06-01,HR,3.94,1,False,False
117,2025-06-01,Engineering,3.35,3,False,False
118,2025-06-01,Engineering,3.5,3,False,False
119,2025-06-01,Sales,3.12,1,False,False
120,2025-06-01,Engineering,3.53,4,False,False
121,2025-06-01,HR,3.11,0,False,False
122,2025-06-01,Finance,3.42,1,False,False
123,2025-06-01,Finance,3.12,3,False,False
124,2025-06-01,HR,2.41,0,False,False
125,2025-06-01,Operations,3.37,4,False,False
126,2025-06-01,HR,2.11,1,False,False
127,2025-06-01,Engineering,2.8,3,False,False
128,2025-06-01,Finance,3.52,1,False,False
129,2025-06-01,HR,3.55,4,False,False
130,2025-06-01,Finance,3.82,1,False,False
131,2025-06-01,HR,3.2,2,False,False
132,2025-06-01,HR,2.35,1,False,False
133,2025-06-01,Engineering,3.05,5,False,False
134,2025-06-01,HR,2.82,1,False,False
135,2025-06-01,Finance,2.85,2,True,False
136,2025-06-01,Sales,3.9,2,False,False
137,2025-06-01,Finance,2.76,5,False,False
138,2025-06-01,Engineering,3.14,2,False,False
139,2025-06-01,Sales,3.02,3,False,False
140,2025-06-01,HR,3.63,4,False,False
141,2025-06-01,Operations,3.22,1,False,False
142,2025-06-01,Sales,3.32,4,False,False
143,2025-06-01,Sales,3.31,1,False,False
144,2025-06-01,HR,2.98,0,False,False
145,2025-06-01,Operations,3.29,3,False,False
146,2025-06-01,Operations,3.68,5,False,False
147,2025-06-01,Engineering,3.32,5,False,False
148,2025-06-01,Sales,2.9,4,False,False
149,2025-06-01,Operations,2.33,3,False,False
150,2025-06-01,Engineering,3.41,2,False,False
151,2025-06-01,Operations,2.98,2,False,False
152,2025-06-01,Sales,3.04,4,False,False
153,2025-06-01,Operations,3.32,6,False,False
154,2025-06-01,Sales,3.33,3,False,False
155,2025-06-01,HR,3.71,1,False,False
156,2025-06-01,Finance,3.12,4,False,False
157,2025-06-01,Engineering,3.67,1,False,False
158,2025-06-01,HR,3.23,1,False,False
159,2025-06-01,HR,2.78,7,False,False
160,2025-06-01,Finance,3.75,2,False,False
161,2025-06-01,Operations,1.44,6,False,False
162,2025-06-01,Finance,2.66,5,False,False
163,2025-06-01,HR,2.29,3,False,False
164,2025-06-01,HR,2.65,4,False,False
165,2025-06-01,HR,3.58,1,False,False
166,2025-06-01,Operations,3.4,2,False,False
167,2025-06-01,Sales,2.75,4,False,False
168,2025-06-01,Engineering,4.3,3,False,False
169,2025-06-01,Sales,4.05,0,False,False
170,2025-06-01,Engineering,3.08,2,False,False
171,2025-06-01,Engineering,4.41,1,False,False
172,2025-06-01,Engineering,3.77,4,False,False
173,2025-06-01,Finance,3.01,2,False,False
174,2025-06-01,Finance,3.0,6,False,False
175,2025-06-01,Finance,3.12,4,False,False
176,2025-06-01,HR,3.11,4,False,False
177,2025-06-01,Finance,3.99,1,False,False
178,2025-06-01,Engineering,1.91,6,False,False
179,2025-06-01,Operations,2.43,3,False,False
180,2025-06-01,HR,2.88,0,False,False
181,2025-06-01,Operations,3.24,3,False,False
182,2025-06-01,Engineering,2.75,3,False,False
183,2025-06-01,HR,2.6,5,False,False
184,2025-06-01,Finance,2.94,3,False,False
185,2025-06-01,HR,2.26,2,False,False
186,2025-06-01,HR,4.44,5,False,False
187,2025-06-01,Engineering,4.14,2,False,False
188,2025-06-01,Sales,2.95,4,False,False
189,2025-06-01,Sales,2.71,1,False,False
190,2025-06-01,Sales,2.74,3,False,False
191,2025-06-01,Finance,2.77,3,False,False
192,2025-06-01,Finance,3.45,7,False,False
193,2025-06-01,Finance,2.93,2,False,False
194,2025-06-01,Sales,3.61,1,False,False
195,2025-06-01,Operations,1.84,2,False,False
196,2025-06-01,Engineering,2.91,6,False,False
197,2025-06-01,Sales,3.54,5,False,False
198,2025-06-01,Engineering,3.93,3,False,False
199,2025-06-01,Sales,2.76,3,False,False
200,2025-06-01,Operations,1.99,5,False,False
201,2025-06-01,Sales,3.62,1,False,False
202,2025-06-01,Operations,2.95,2,False,False
203,2025-06-01,HR,2.92,5,False,False
204,2025-06-01,Finance,2.95,3,False,False
205,2025-06-01,HR,2.01,5,False,False
206,2025-06-01,Sales,3.09,0,False,False
207,2025-06-01,Finance,2.9,2,False,False
208,2025-06-01,Operations,3.6,6,False,False
209,2025-06-01,Sales,3.02,4,False,False
210,2025-06-01,Finance,3.87,2,False,False
211,2025-06-01,Sales,3.71,1,False,False
212,2025-06-01,Finance,3.27,1,False,False
213,2025-06-01,Finance,3.58,2,False,False
214,2025-06-01,HR,4.3,0,False,False
215,2025-06-01,Finance,4.53,1,False,False
216,2025-06-01,Sales,2.77,1,False,False
217,2025-06-01,Engineering,3.03,6,False,False
218,2025-06-01,Engineering,3.96,1,False,False
219,2025-06-01,HR,2.17,7,False,False
220,2025-06-01,Operations,2.64,2,False,False
221,2025-06-01,Engineering,2.64,3,False,False
222,2025-06-01,HR,3.72,2,False,False
223,2025-06-01,Finance,3.58,1,False,False
224,2025-06-01,Sales,2.5,3,False,False
225,2025-06-01,Finance,3.19,2,False,False
226,2025-06-01,Sales,2.33,3,False,False
227,2025-06-01,Operations,2.73,4,False,False
228,2025-06-01,HR,3.72,0,False,False
229,2025-06-01,HR,3.29,4,False,False
230,2025-06-01,Engineering,4.03,2,False,False
231,2025-06-01,HR,3.25,5,False,False
232,2025-06-01,Operations,3.02,6,False,False
233,2025-06-01,Engineering,3.39,4,False,False
234,2025-06-01,Finance,1.99,3,False,False
235,2025-06-01,HR,2.14,3,False,False
236,2025-06-01,Finance,2.52,2,False,False
237,2025-06-01,Finance,2.32,1,False,False
238,2025-06-01,HR,2.32,3,False,False
239,2025-06-01,Sales,3.99,2,False,False
240,2025-06-01,Finance,3.52,1,False,False
241,2025-06-01,Engineering,4.36,1,False,False
242,2025-06-01,HR,3.38,1,False,False
243,2025-06-01,Engineering,3.75,2,False,False
244,2025-06-01,Finance,2.59,1,False,False
245,2025-06-01,Finance,4.09,0,False,False
246,2025-06-01,Engineering,3.64,1,False,False
247,2025-06-01,Finance,3.04,4,False,False
248,2025-06-01,HR,3.06,6,False,False
249,2025-06-01,Finance,3.38,0,False,False
250,2025-06-01,Engineering,2.86,1,False,False
251,2025-06-01,Engineering,3.28,2,False,False
252,2025-06-01,HR,2.17,2,False,False
253,2025-06-01,Engineering,2.99,6,True,False
254,2025-06-01,Sales,3.87,0,False,False
255,2025-06-01,Finance,3.06,2,False,False
256,2025-06-01,Engineering,3.36,4,False,False
257,2025-06-01,Finance,3.82,4,False,False
258,2025-06-01,Engineering,3.53,4,False,False
259,2025-06-01,Engineering,3.64,3,False,False
260,2025-06-01,HR,4.09,0,False,False
261,2025-06-01,Finance,2.42,1,False,False
262,2025-06-01,Engineering,4.18,1,False,False
263,2025-06-01,Sales,3.3,7,False,False
264,2025-06-01,Operations,4.07,1,False,False
265,2025-06-01,Operations,3.08,1,False,False
266,2025-06-01,HR,3.34,3,False,False
267,2025-06-01,HR,2.37,3,False,False
268,2025-06-01,Sales,2.99,5,False,False
269,2025-06-01,Finance,2.11,5,False,False
270,2025-06-01,HR,3.46,0,False,False
271,2025-06-01,Sales,4.01,1,False,False
272,2025-06-01,Engineering,3.55,2,False,False
273,2025-06-01,Engineering,2.86,6,False,False
274,2025-06-01,Operations,3.04,2,False,False
275,2025-06-01,HR,2.98,3,False,False
276,2025-06-01,HR,3.81,3,False,False
277,2025-06-01,HR,2.84,5,False,False
278,2025-06-01,Finance,3.56,2,False,False
279,2025-06-01,Engineering,2.87,3,False,False
280,2025-06-01,Engineering,4.34,3,False,False
281,2025-06-01,Sales,3.66,2,False,False
282,2025-06-01,HR,3.68,1,False,False
283,2025-06-01,Finance,2.6,0,False,False
284,2025-06-01,HR,2.84,2,False,False
285,2025-06-01,HR,2.8,1,False,False
286,2025-06-01,Operations,2.7,3,False,False
287,2025-06-01,Engineering,3.06,2,False,False
288,2025-06-01,HR,3.45,7,False,False
289,2025-06-01,HR,3.62,2,False,False
290,2025-06-01,HR,3.24,3,False,False
291,2025-06-01,Operations,3.45,5,False,False
292,2025-06-01,Sales,2.98,5,False,False
293,2025-06-01,Operations,3.58,2,False,False
294,2025-06-01,Sales,3.14,2,False,False
295,2025-06-01,HR,3.08,1,False,False
296,2025-06-01,HR,2.55,2,False,False
297,2025-06-01,Operations,4.37,0,False,False
298,2025-06-01,HR,3.07,2,False,False
299,2025-06-01,Sales,2.78,1,False,False
300,2025-06-01,Engineering,3.79,2,False,False
301,2025-06-01,Sales,1.57,1,False,False
302,2025-06-01,Operations,2.02,3,False,False
303,2025-06-01,Engineering,3.75,3,False,False
304,2025-06-01,Operations,3.51,1,False,False
305,2025-06-01,HR,3.29,6,False,False
306,2025-06-01,Engineering,3.09,2,False,False
307,2025-06-01,Sales,3.14,1,False,False
308,2025-06-01,HR,3.55,2,False,False
309,2025-06-01,Sales,3.51,4,False,False
310,2025-06-01,Engineering,3.88,2,False,False
311,2025-06-01,Finance,2.61,7,False,False
312,2025-06-01,Finance,3.44,1,False,False
313,2025-06-01,Engineering,2.67,5,False,False
314,2025-06-01,Sales,3.05,1,False,False
315,2025-06-01,Sales,3.74,5,False,False
316,2025-06-01,Finance,2.74,2,False,False
317,2025-06-01,Finance,2.3,2,False,False
318,2025-06-01,Finance,2.22,6,False,False
319,2025-06-01,Operations,2.63,4,False,False
320,2025-06-01,Finance,3.71,1,False,False
321,2025-06-01,Sales,1.5,4,False,False
322,2025-06-01,Engineering,3.91,3,False,False
323,2025-06-01,Finance,3.26,2,False,False
324,2025-06-01,Operations,3.2,1,False,False
325,2025-06-01,Operations,2.07,4,False,False
326,2025-06-01,Sales,2.18,1,False,False
327,2025-06-01,Sales,3.86,0,False,False
328,2025-06-01,Engineering,2.33,1,False,False
329,2025-06-01,Engineering,3.55,3,False,False
330,2025-06-01,HR,2.04,3,False,False
331,2025-06-01,HR,3.28,2,False,False
332,2025-06-01,Sales,2.5,3,False,False
333,2025-06-01,Sales,3.27,4,False,False
334,2025-06-01,Operations,2.99,3,False,False
335,2025-06-01,HR,4.27,1,False,False
336,2025-06-01,Operations,3.3,3,False,False
337,2025-06-01,Operations,3.5,5,False,False
338,2025-06-01,Sales,1.97,3,False,False
339,2025-06-01,Sales,3.15,3,False,False
340,2025-06-01,Operations,3.19,6,False,False
341,2025-06-01,Finance,2.66,1,False,False
342,2025-06-01,Sales,3.28,1,False,False
343,2025-06-01,Finance,2.6,5,False,False
344,2025-06-01,HR,2.64,4,False,False
345,2025-06-01,Operations,3.05,3,False,False
346,2025-06-01,Sales,2.83,2,False,False
347,2025-06-01,Operations,1.95,3,False,False
348,2025-06-01,Operations,2.76,6,False,False
349,2025-06-01,Engineering,3.92,0,False,False
350,2025-06-01,Engineering,2.71,2,False,False
351,2025-06-01,HR,3.08,2,False,False
352,2025-06-01,Engineering,4.15,2,False,False
353,2025-06-01,Sales,3.75,3,False,False
354,2025-06-01,HR,2.96,1,False,False
355,2025-06-01,Operations,3.68,4,False,False
356,2025-06-01,Operations,3.66,2,False,False
357,2025-06-01,Engineering,3.63,3,False,False
358,2025-06-01,Operations,4.07,2,False,False
359,2025-06-01,Engineering,3.57,0,False,False
360,2025-06-01,Finance,3.36,3,False,False
361,2025-06-01,Operations,3.9,2,False,False
362,2025-06-01,Operations,3.99,1,False,False
363,2025-06-01,Sales,2.35,2,False,False
364,2025-06-01,Operations,2.93,3,False,False
365,2025-06-01,Engineering,4.99,0,False,False
366,2025-06-01,HR,3.54,1,False,False
367,2025-06-01,HR,2.96,1,False,False
368,2025-06-01,Sales,3.88,1,False,False
369,2025-06-01,Engineering,3.19,2,False,False
370,2025-06-01,Finance,2.5,2,False,False
371,2025-06-01,Sales,3.48,2,False,False
372,2025-06-01,Finance,2.24,3,False,False
373,2025-06-01,HR,3.01,1,False,False
374,2025-06-01,Sales,3.66,1,False,False
375,2025-06-01,Operations,3.55,4,False,False
376,2025-06-01,Engineering,3.05,3,False,False
377,2025-06-01,Finance,3.05,3,False,False
378,2025-06-01,Finance,3.3,3,False,False
379,2025-06-01,Sales,3.1,1,False,False
380,2025-06-01,Sales,3.2,2,False,False
381,2025-06-01,Engineering,3.29,0,False,False
382,2025-06-01,Operations,2.65,1,False,False
383,2025-06-01,Operations,3.66,2,False,False
384,2025-06-01,Sales,2.65,3,False,False
385,2025-06-01,Engineering,3.81,2,False,False
386,2025-06-01,Engineering,3.01,3,False,False
387,2025-06-01,Engineering,3.34,2,False,False
388,2025-06-01,Operations,3.57,1,False,False
389,2025-06-01,Operations,3.05,3,False,False
390,2025-06-01,Engineering,2.17,3,False,False
391,2025-06-01,Finance,3.09,3,False,False
392,2025-06-01,Engineering,3.99,1,False,False
393,2025-06-01,Sales,2.37,4,False,False
394,2025-06-01,HR,3.49,1,False,False
395,2025-06-01,Finance,3.5,3,False,False
396,2025-06-01,Operations,3.56,1,False,False
397,2025-06-01,Engineering,3.52,2,False,False
398,2025-06-01,Engineering,2.96,2,False,False
399,2025-06-01,Sales,3.48,3,False,False
400,2025-06-01,Sales,3.97,2,False,False
401,2025-06-01,Operations,1.1,5,False,False
402,2025-06-01,Finance,2.46,5,False,False
403,2025-06-01,Sales,2.78,2,False,False
404,2025-06-01,Operations,2.67,2,False,False
405,2025-06-01,HR,3.08,5,False,False
406,2025-06-01,HR,3.9,1,False,False
407,2025-06-01,HR,2.32,5,False,False
408,2025-06-01,Engineering,3.04,3,False,False
409,2025-06-01,Operations,2.37,4,False,False
410,2025-06-01,Engineering,2.37,4,False,False
411,2025-06-01,Engineering,4.29,4,False,False
412,2025-06-01,Sales,2.46,6,False,False
413,2025-06-01,Sales,3.38,5,False,False
414,2025-06-01,Engineering,3.02,2,False,False
415,2025-06-01,Engineering,4.42,0,False,False
416,2025-06-01,Finance,3.49,3,False,False
417,2025-06-01,Operations,3.09,0,False,False
418,2025-06-01,Engineering,3.93,3,False,False
419,2025-06-01,Sales,2.15,2,False,False
420,2025-06-01,HR,3.83,3,False,False
421,2025-06-01,Operations,3.28,4,False,False
422,2025-06-01,Finance,3.23,4,False,False
423,2025-06-01,Finance,2.94,3,False,False
424,2025-06-01,HR,2.32,3,False,False
425,2025-06-01,HR,3.11,2,False,False
426,2025-06-01,Engineering,4.01,0,False,False
427,2025-06-01,Operations,3.54,1,False,False
428,2025-06-01,Operations,2.74,3,False,False
429,2025-06-01,Engineering,3.36,5,False,False
430,2025-06-01,Finance,2.87,4,False,False
431,2025-06-01,Engineering,4.7,1,False,False
432,2025-06-01,Finance,2.56,1,False,False
433,2025-06-01,Operations,3.49,3,False,False
434,2025-06-01,Engineering,4.37,0,False,False
435,2025-06-01,HR,2.83,2,False,False
436,2025-06-01,Engineering,5.0,2,False,False
437,2025-06-01,HR,3.34,2,False,False
438,2025-06-01,Operations,3.39,5,False,False
439,2025-06-01,Engineering,3.28,1,False,False
440,2025-06-01,Sales,2.97,3,False,False
441,2025-06-01,Operations,2.81,3,False,False
442,2025-06-01,Sales,3.33,3,False,False
443,2025-06-01,Engineering,4.76,0,False,False
444,2025-06-01,HR,3.02,2,False,False
445,2025-06-01,HR,2.16,4,False,False
446,2025-06-01,Finance,3.36,3,False,False
447,2025-06-01,Sales,4.11,2,False,False
448,2025-06-01,Operations,2.9,2,False,False
449,2025-06-01,HR,3.72,1,False,False
450,2025-06-01,Sales,2.84,0,False,False
451,2025-06-01,Operations,2.14,4,False,False
452,2025-06-01,Operations,2.5,3,False,False
453,2025-06-01,HR,2.46,3,False,False
454,2025-06-01,Engineering,3.4,4,False,False
455,2025-06-01,HR,3.31,1,False,False
456,2025-06-01,HR,2.72,5,False,False
457,2025-06-01,Engineering,1.87,3,False,False
458,2025-06-01,Finance,2.9,3,False,False
459,2025-06-01,Operations,4.17,2,False,False
460,2025-06-01,Engineering,3.1,4,False,False
461,2025-06-01,Finance,3.28,4,False,False
462,2025-06-01,Engineering,2.54,2,False,False
463,2025-06-01,Finance,4.41,0,False,False
464,2025-06-01,HR,2.5,0,False,False
465,2025-06-01,Engineering,3.76,6,False,False
466,2025-06-01,Operations,4.4,2,False,False
467,2025-06-01,Engineering,4.05,1,False,False
468,2025-06-01,HR,2.76,3,False,False
469,2025-06-01,Engineering,3.19,6,False,False
470,2025-06-01,Operations,2.45,6,False,False
471,2025-06-01,Finance,3.25,1,False,False
472,2025-06-01,Operations,2.92,4,False,False
473,2025-06-01,HR,2.79,2,False,False
474,2025-06-01,HR,3.78,1,False,False
475,2025-06-01,Finance,2.61,4,False,False
476,2025-06-01,Finance,4.03,2,False,False
477,2025-06-01,Operations,2.95,4,False,False
478,2025-06-01,Engineering,4.45,1,False,False
479,2025-06-01,Finance,3.26,3,False,False
480,2025-06-01,Engineering,4.03,0,False,False
481,2025-06-01,Sales,2.9,4,False,False
482,2025-06-01,Operations,2.67,3,False,False
483,2025-06-01,Sales,3.48,2,False,False
484,2025-06-01,Finance,3.73,1,False,False
485,2025-06-01,HR,3.14,4,False,False
486,2025-06-01,Sales,2.63,1,False,False
487,2025-06-01,Sales,2.45,2,False,False
488,2025-06-01,HR,2.27,3,False,False
489,2025-06-01,Finance,2.15,6,False,False
490,2025-06-01,Finance,3.62,4,False,False
491,2025-06-01,Operations,3.49,5,False,False
492,2025-06-01,Operations,3.14,3,False,False
493,2025-06-01,Finance,1.76,2,False,False
494,2025-06-01,Finance,3.03,3,False,False
495,2025-06-01,Sales,3.07,2,False,False
496,2025-06-01,HR,4.16,1,False,False
497,2025-06-01,Engineering,2.75,4,False,False
498,2025-06-01,Sales,2.74,6,False,False
499,2025-06-01,Operations,4.41,4,False,False
500,2025-06-01,HR,3.41,3,False,False
1,2025-07-01,Engineering,2.26,2,False,False
2,2025-07-01,Finance,3.33,2,False,False
3,2025-07-01,Finance,3.87,2,False,False
4,2025-07-01,HR,3.55,2,False,False
5,2025-07-01,HR,3.13,5,False,False
6,2025-07-01,Operations,2.43,5,False,False
7,2025-07-01,Engineering,3.44,1,False,False
8,2025-07-01,Finance,2.83,3,False,False
9,2025-07-01,Sales,2.76,2,False,False
10,2025-07-01,Engineering,3.72,2,False,False
11,2025-07-01,HR,4.15,1,False,False
12,2025-07-01,Operations,4.25,3,False,False
13,2025-07-01,Finance,4.17,1,False,False
14,2025-07-01,Finance,3.49,2,False,False
15,2025-07-01,Finance,4.02,2,False,False
16,2025-07-01,Finance,3.0,4,False,False
17,2025-07-01,HR,3.44,5,False,False
18,2025-07-01,Engineering,2.8,1,False,False
19,2025-07-01,Operations,3.31,4,False,False
20,2025-07-01,HR,3.19,1,False,False
21,2025-07-01,HR,2.34,4,False,False
22,2025-07-01,Sales,2.77,1,False,False
23,2025-07-01,Engineering,3.39,2,False,False
24,2025-07-01,Operations,3.21,2,False,False
25,2025-07-01,Finance,3.39,5,False,False
26,2025-07-01,Finance,3.47,4,False,False
27,2025-07-01,HR,3.17,1,False,False
28,2025-07-01,Operations,3.22,3,False,False
29,2025-07-01,HR,3.59,8,False,False
30,2025-07-01,HR,2.75,4,False,False
31,2025-07-01,HR,3.79,2,False,False
32,2025-07-01,Sales,2.73,1,False,False
33,2025-07-01,Engineering,2.05,5,False,False
34,2025-07-01,HR,2.19,5,False,False
35,2025-07-01,Operations,2.66,2,False,False
36,2025-07-01,Engineering,2.86,2,False,False
37,2025-07-01,Operations,3.02,3,False,False
38,2025-07-01,Operations,2.6,5,False,False
39,2025-07-01,Sales,3.56,0,False,False
40,2025-07-01,Finance,2.79,2,False,False
41,2025-07-01,Engineering,3.54,2,False,False
42,2025-07-01,Finance,2.92,5,False,False
43,2025-07-01,Finance,3.18,5,False,False
44,2025-07-01,Sales,1.71,5,False,False
45,2025-07-01,Engineering,3.63,4,False,False
46,2025-07-01,Operations,1.64,4,False,False
47,2025-07-01,HR,2.99,2,False,False
48,2025-07-01,Operations,3.06,2,False,False
49,2025-07-01,Finance,3.85,2,False,False
50,2025-07-01,Finance,3.93,1,False,False
51,2025-07-01,Finance,3.56,3,False,False
52,2025-07-01,Engineering,2.85,2,False,False
53,2025-07-01,Sales,3.88,2,False,False
54,2025-07-01,HR,2.54,3,False,False
55,2025-07-01,HR,3.57,2,False,False
56,2025-07-01,Engineering,3.75,2,False,False
57,2025-07-01,HR,2.97,2,False,False
58,2025-07-01,Engineering,3.97,1,False,False
59,2025-07-01,Finance,3.84,1,False,False
60,2025-07-01,Finance,2.96,1,False,False
61,2025-07-01,Operations,3.5,3,False,False
62,2025-07-01,Finance,2.99,3,False,False
63,2025-07-01,Sales,3.17,5,False,False
64,2025-07-01,Operations,2.3,9,False,False
65,2025-07-01,HR,3.13,2,False,False
66,2025-07-01,Sales,2.55,2,False,False
67,2025-07-01,Operations,3.05,6,False,False
68,2025-07-01,Sales,2.41,6,False,False
69,2025-07-01,Engineering,3.75,1,False,False
70,2025-07-01,HR,2.34,5,False,False
71,2025-07-01,Finance,3.51,1,False,False
72,2025-07-01,Engineering,3.22,4,False,False
73,2025-07-01,HR,4.25,0,False,False
74,2025-07-01,Engineering,2.14,8,False,False
75,2025-07-01,Finance,3.51,0,False,False
76,2025-07-01,HR,3.08,1,False,False
77,2025-07-01,Sales,3.72,3,False,False
78,2025-07-01,Sales,3.23,5,False,False
79,2025-07-01,HR,3.62,3,False,False
80,2025-07-01,Finance,2.81,2,False,False
81,2025-07-01,Operations,3.35,1,False,False
82,2025-07-01,HR,2.95,1,False,False
83,2025-07-01,Engineering,3.46,2,False,False
84,2025-07-01,Operations,2.2,1,False,False
85,2025-07-01,Finance,3.21,2,False,False
86,2025-07-01,Finance,3.23,1,False,False
87,2025-07-01,Engineering,3.78,1,False,False
88,2025-07-01,Sales,3.44,3,False,False
89,2025-07-01,Finance,3.41,1,False,False
90,2025-07-01,Operations,3.23,2,False,False
91,2025-07-01,HR,2.96,7,False,False
92,2025-07-01,Operations,3.34,5,False,False
93,2025-07-01,Operations,1.9,3,False,False
94,2025-07-01,Sales,3.08,1,False,False
95,2025-07-01,Operations,2.88,2,False,False
96,2025-07-01,Sales,4.29,3,False,False
97,2025-07-01,Sales,4.78,0,False,False
98,2025-07-01,Finance,3.15,2,False,False
99,2025-07-01,Finance,4.14,6,False,False
100,2025-07-01,Engineering,3.5,2,False,False
101,2025-07-01,Operations,3.15,5,False,False
102,2025-07-01,Engineering,3.74,2,False,False
103,2025-07-01,Operations,3.36,9,False,False
104,2025-07-01,Engineering,3.09,3,False,False
105,2025-07-01,Finance,3.46,4,False,False
106,2025-07-01,Finance,2.43,1,False,False
107,2025-07-01,Finance,2.55,3,False,False
108,2025-07-01,Finance,3.62,2,False,False
109,2025-07-01,HR,3.49,3,False,False
110,2025-07-01,Finance,3.18,4,False,False
111,2025-07-01,Sales,3.44,3,False,False
112,2025-07-01,Finance,3.57,3,False,False
113,2025-07-01,HR,3.31,5,False,False
114,2025-07-01,HR,2.41,5,False,False
115,2025-07-01,HR,3.86,0,False,False
116,2025-07-01,HR,3.88,3,False,False
117,2025-07-01,Engineering,3.37,2,False,False
118,2025-07-01,Engineering,3.7,1,False,False
119,2025-07-01,Sales,3.35,3,False,False
120,2025-07-01,Engineering,3.62,5,False,False
121,2025-07-01,HR,3.39,2,False,False
122,2025-07-01,Finance,3.64,2,False,False
123,2025-07-01,Finance,3.07,1,False,False
124,2025-07-01,HR,2.36,12,False,False
125,2025-07-01,Operations,3.65,1,False,False
126,2025-07-01,HR,2.25,5,False,False
127,2025-07-01,Engineering,2.75,4,False,False
128,2025-07-01,Finance,3.56,5,False,False
129,2025-07-01,HR,3.51,6,False,False
130,2025-07-01,Finance,3.82,1,False,False
131,2025-07-01,HR,3.09,4,False,False
132,2025-07-01,HR,2.32,6,False,False
133,2025-07-01,Engineering,3.24,4,False,False
134,2025-07-01,HR,2.93,1,False,False
135,2025-07-01,Finance,2.8,1,False,False
136,2025-07-01,Sales,3.89,2,False,False
137,2025-07-01,Finance,2.88,1,False,False
138,2025-07-01,Engineering,3.29,3,False,False
139,2025-07-01,Sales,3.03,1,False,False
140,2025-07-01,HR,3.55,4,False,False
141,2025-07-01,Operations,3.3,1,False,False
142,2025-07-01,Sales,3.21,1,False,False
143,2025-07-01,Sales,3.3,5,False,False
144,2025-07-01,HR,3.0,2,False,False
145,2025-07-01,Operations,3.3,4,False,False
146,2025-07-01,Operations,3.64,1,False,False
147,2025-07-01,Engineering,3.26,2,False,False
148,2025-07-01,Sales,3.12,4,False,False
149,2025-07-01,Operations,2.35,6,False,False
150,2025-07-01,Engineering,3.55,2,False,False
151,2025-07-01,Operations,3.05,5,False,False
152,2025-07-01,Sales,2.9,2,False,False
153,2025-07-01,Operations,3.43,2,False,False
154,2025-07-01,Sales,3.34,1,False,False
155,2025-07-01,HR,3.68,5,False,False
156,2025-07-01,Finance,3.15,5,False,False
157,2025-07-01,Engineering,3.65,2,False,False
158,2025-07-01,HR,2.96,5,False,False
159,2025-07-01,HR,2.5,2,False,False
160,2025-07-01,Finance,3.92,4,False,False
161,2025-07-01,Operations,1.59,2,False,False
162,2025-07-01,Finance,2.5,4,False,False
163,2025-07-01,HR,2.2,6,False,False
164,2025-07-01,HR,2.67,3,False,False
165,2025-07-01,HR,3.38,3,False,False
166,2025-07-01,Operations,3.64,2,False,False
167,2025-07-01,Sales,2.75,7,False,False
168,2025-07-01,Engineering,4.23,3,False,False
169,2025-07-01,Sales,4.1,6,False,False
170,2025-07-01,Engineering,3.23,6,False,False
171,2025-07-01,Engineering,4.51,3,False,False
172,2025-07-01,Engineering,3.89,1,False,False
173,2025-07-01,Finance,2.83,2,False,False
174,2025-07-01,Finance,3.15,6,False,False
175,2025-07-01,Finance,3.46,5,False,False
176,2025-07-01,HR,3.44,3,True,False
177,2025-07-01,Finance,4.05,4,False,False
178,2025-07-01,Engineering,1.63,1,False,False
179,2025-07-01,Operations,2.34,3,False,False
180,2025-07-01,HR,2.71,7,False,False
181,2025-07-01,Operations,3.06,3,False,False
182,2025-07-01,Engineering,2.88,2,False,False
183,2025-07-01,HR,2.86,1,False,False
184,2025-07-01,Finance,3.23,6,False,False
185,2025-07-01,HR,2.29,4,False,False
186,2025-07-01,HR,4.45,1,False,False
187,2025-07-01,Engineering,4.26,2,False,False
188,2025-07-01,Sales,3.11,1,False,False
189,2025-07-01,Sales,2.74,2,False,False
190,2025-07-01,Sales,2.99,2,False,False
191,2025-07-01,Finance,2.91,6,False,False
192,2025-07-01,Finance,3.43,3,False,False
193,2025-07-01,Finance,3.23,3,False,False
194,2025-07-01,Sales,3.69,0,False,False
195,2025-07-01,Operations,1.85,5,False,False
196,2025-07-01,Engineering,2.96,6,False,False
197,2025-07-01,Sales,3.63,1,False,False
198,2025-07-01,Engineering,3.52,0,False,False
199,2025-07-01,Sales,2.86,3,False,False
200,2025-07-01,Operations,1.96,4,False,False
201,2025-07-01,Sales,3.73,1,False,False
202,2025-07-01,Operations,2.9,6,False,False
203,2025-07-01,HR,2.99,1,False,False
204,2025-07-01,Finance,2.66,3,False,False
205,2025-07-01,HR,2.04,3,False,False
206,2025-07-01,Sales,2.95,0,False,False
207,2025-07-01,Finance,2.9,2,False,False
208,2025-07-01,Operations,3.33,3,False,False
209,2025-07-01,Sales,3.01,2,False,False
210,2025-07-01,Finance,4.04,3,False,False
211,2025-07-01,Sales,3.71,1,False,False
212,2025-07-01,Finance,3.16,2,False,False
213,2025-07-01,Finance,3.83,0,False,False
214,2025-07-01,HR,4.15,1,False,False
215,2025-07-01,Finance,4.8,3,False,False
216,2025-07-01,Sales,2.63,4,False,False
217,2025-07-01,Engineering,2.69,4,False,False
218,2025-07-01,Engineering,4.0,2,False,False
219,2025-07-01,HR,2.39,2,False,False
220,2025-07-01,Operations,2.63,6,False,False
221,2025-07-01,Engineering,2.65,6,False,False
222,2025-07-01,HR,3.69,3,False,False
223,2025-07-01,Finance,3.65,0,False,False
224,2025-07-01,Sales,2.45,1,False,False
225,2025-07-01,Finance,3.04,0,False,False
226,2025-07-01,Sales,2.4,3,False,False
227,2025-07-01,Operations,2.98,3,False,False
228,2025-07-01,HR,3.85,2,False,False
229,2025-07-01,HR,3.15,4,False,False
230,2025-07-01,Engineering,4.05,2,False,False
231,2025-07-01,HR,3.07,2,False,False
232,2025-07-01,Operations,3.01,3,False,False
233,2025-07-01,Engineering,3.47,5,False,False
234,2025-07-01,Finance,2.17,4,False,False
235,2025-07-01,HR,1.98,6,False,False
236,2025-07-01,Finance,2.53,2,False,False
237,2025-07-01,Finance,2.47,4,False,False
238,2025-07-01,HR,2.2,2,False,False
239,2025-07-01,Sales,4.05,1,False,False
240,2025-07-01,Finance,3.79,1,False,False
241,2025-07-01,Engineering,4.26,2,False,False
242,2025-07-01,HR,3.46,3,False,False
243,2025-07-01,Engineering,4.01,2,False,False
244,2025-07-01,Finance,2.48,3,False,False
245,2025-07-01,Finance,3.86,1,False,False
246,2025-07-01,Engineering,3.53,3,False,False
247,2025-07-01,Finance,2.91,3,False,False
248,2025-07-01,HR,3.25,2,False,False
249,2025-07-01,Finance,3.28,1,False,False
250,2025-07-01,Engineering,3.01,3,False,False
251,2025-07-01,Engineering,3.09,1,False,False
252,2025-07-01,HR,2.31,1,False,False
253,2025-07-01,Engineering,2.96,3,False,False
254,2025-07-01,Sales,3.84,1,False,False
255,2025-07-01,Finance,2.75,2,False,False
256,2025-07-01,Engineering,3.27,2,False,False
257,2025-07-01,Finance,3.75,2,False,False
258,2025-07-01,Engineering,3.48,1,False,False
259,2025-07-01,Engineering,3.54,2,False,False
260,2025-07-01,HR,4.0,3,False,False
261,2025-07-01,Finance,2.29,2,False,False
262,2025-07-01,Engineering,4.28,1,False,False
263,2025-07-01,Sales,3.49,2,False,False
264,2025-07-01,Operations,3.97,0,False,False
265,2025-07-01,Operations,2.99,2,False,False
266,2025-07-01,HR,3.23,4,False,False
267,2025-07-01,HR,2.21,4,False,False
268,2025-07-01,Sales,3.2,2,False,False
269,2025-07-01,Finance,1.97,2,False,False
270,2025-07-01,HR,3.33,0,False,False
271,2025-07-01,Sales,3.91,1,False,False
272,2025-07-01,Engineering,3.46,3,False,False
273,2025-07-01,Engineering,2.91,2,False,False
274,2025-07-01,Operations,2.99,2,False,False
275,2025-07-01,HR,3.16,2,False,False
276,2025-07-01,HR,3.98,0,False,False
277,2025-07-01,HR,2.91,2,False,False
278,2025-07-01,Finance,3.8,2,False,False
279,2025-07-01,Engineering,2.82,5,False,False
280,2025-07-01,Engineering,4.32,2,False,False
281,2025-07-01,Sales,3.56,2,False,False
282,2025-07-01,HR,3.59,2,False,False
283,2025-07-01,Finance,2.39,5,False,False
284,2025-07-01,HR,2.6,3,False,False
285,2025-07-01,HR,3.03,1,False,False
286,2025-07-01,Operations,2.81,3,False,False
287,2025-07-01,Engineering,3.32,4,False,False
288,2025-07-01,HR,3.39,2,False,False
289,2025-07-01,HR,3.37,2,False,False
290,2025-07-01,HR,3.52,1,False,False
291,2025-07-01,Operations,3.27,4,False,False
292,2025-07-01,Sales,2.93,1,False,False
293,2025-07-01,Operations,3.6,6,False,False
294,2025-07-01,Sales,3.11,1,False,False
295,2025-07-01,HR,2.83,0,False,False
296,2025-07-01,HR,2.46,5,False,False
297,2025-07-01,Operations,4.44,1,False,False
298,2025-07-01,HR,3.13,4,False,False
299,2025-07-01,Sales,2.53,2,False,False
300,2025-07-01,Engineering,4.06,2,False,False
301,2025-07-01,Sales,1.39,3,False,False
302,2025-07-01,Operations,1.89,6,False,False
303,2025-07-01,Engineering,3.9,2,False,False
304,2025-07-01,Operations,3.45,1,False,False
305,2025-07-01,HR,3.44,3,False,False
306,2025-07-01,Engineering,3.13,4,False,False
307,2025-07-01,Sales,3.3,2,False,False
308,2025-07-01,HR,3.39,4,False,False
309,2025-07-01,Sales,3.35,3,False,False
310,2025-07-01,Engineering,3.91,2,False,False
311,2025-07-01,Finance,2.43,6,False,False
312,2025-07-01,Finance,3.39,2,False,False
313,2025-07-01,Engineering,2.62,4,False,False
314,2025-07-01,Sales,3.03,4,False,False
315,2025-07-01,Sales,3.82,3,False,False
316,2025-07-01,Finance,2.76,5,False,False
317,2025-07-01,Finance,2.39,4,False,False
318,2025-07-01,Finance,2.27,4,False,False
319,2025-07-01,Operations,2.72,5,False,False
320,2025-07-01,Finance,3.68,1,False,False
321,2025-07-01,Sales,1.71,6,False,False
322,2025-07-01,Engineering,3.71,0,False,False
323,2025-07-01,Finance,3.27,4,False,False
324,2025-07-01,Operations,3.0,3,False,False
325,2025-07-01,Operations,1.91,2,False,False
326,2025-07-01,Sales,2.29,2,True,False
327,2025-07-01,Sales,3.86,0,False,False
328,2025-07-01,Engineering,2.3,2,False,False
329,2025-07-01,Engineering,3.58,2,False,False
330,2025-07-01,HR,2.08,7,False,False
331,2025-07-01,HR,3.28,5,False,False
332,2025-07-01,Sales,2.65,4,False,False
333,2025-07-01,Sales,3.27,0,False,False
334,2025-07-01,Operations,3.0,2,False,False
335,2025-07-01,HR,4.25,0,False,False
336,2025-07-01,Operations,3.54,1,False,False
337,2025-07-01,Operations,3.66,1,False,False
338,2025-07-01,Sales,2.07,1,False,False
339,2025-07-01,Sales,3.24,1,False,False
340,2025-07-01,Operations,3.13,5,False,False
341,2025-07-01,Finance,2.94,4,False,False
342,2025-07-01,Sales,3.27,2,False,False
343,2025-07-01,Finance,2.82,1,False,False
344,2025-07-01,HR,2.46,2,False,False
345,2025-07-01,Operations,2.97,3,False,False
346,2025-07-01,Sales,2.73,3,False,False
347,2025-07-01,Operations,1.96,3,False,False
348,2025-07-01,Operations,2.71,1,False,False
349,2025-07-01,Engineering,3.84,0,False,False
350,2025-07-01,Engineering,2.69,5,False,False
351,2025-07-01,HR,3.16,4,False,False
352,2025-07-01,Engineering,4.12,3,False,False
353,2025-07-01,Sales,3.73,2,False,False
354,2025-07-01,HR,2.97,1,False,False
355,2025-07-01,Operations,3.78,0,False,False
356,2025-07-01,Operations,3.54,1,False,False
357,2025-07-01,Engineering,3.54,1,False,False
358,2025-07-01,Operations,4.14,0,False,False
359,2025-07-01,Engineering,3.48,4,False,False
360,2025-07-01,Finance,3.11,2,False,False
361,2025-07-01,Operations,3.91,1,False,False
362,2025-07-01,Operations,3.78,2,False,False
363,2025-07-01,Sales,2.54,2,False,False
364,2025-07-01,Operations,2.88,8,False,False
365,2025-07-01,Engineering,4.86,1,False,False
366,2025-07-01,HR,3.34,2,False,False
367,2025-07-01,HR,2.92,1,False,False
368,2025-07-01,Sales,3.87,1,False,False
369,2025-07-01,Engineering,3.45,3,False,False
370,2025-07-01,Finance,2.55,4,False,False
371,2025-07-01,Sales,3.34,4,False,False
372,2025-07-01,Finance,2.32,4,True,False
373,2025-07-01,HR,2.95,4,False,False
374,2025-07-01,Sales,3.67,2,False,False
375,2025-07-01,Operations,3.62,1,False,False
376,2025-07-01,Engineering,3.22,5,False,False
377,2025-07-01,Finance,2.96,2,False,False
378,2025-07-01,Finance,3.27,2,False,False
379,2025-07-01,Sales,3.12,2,False,False
380,2025-07-01,Sales,3.0,3,False,False
381,2025-07-01,Engineering,3.19,4,False,False
382,2025-07-01,Operations,2.64,5,False,False
383,2025-07-01,Operations,3.43,1,False,False
384,2025-07-01,Sales,2.5,7,False,False
385,2025-07-01,Engineering,3.82,0,False,False
386,2025-07-01,Engineering,2.93,2,False,False
387,2025-07-01,Engineering,3.48,1,False,False
388,2025-07-01,Operations,3.31,2,False,False
389,2025-07-01,Operations,3.09,0,False,False
390,2025-07-01,Engineering,2.29,0,False,False
391,2025-07-01,Finance,3.25,1,False,False
392,2025-07-01,Engineering,3.69,1,False,False
393,2025-07-01,Sales,2.46,1,False,False
394,2025-07-01,HR,3.46,4,False,False
395,2025-07-01,Finance,3.67,2,False,False
396,2025-07-01,Operations,3.7,2,False,False
397,2025-07-01,Engineering,3.43,3,False,False
398,2025-07-01,Engineering,2.89,1,False,False
399,2025-07-01,Sales,3.72,2,False,False
400,2025-07-01,Sales,3.9,1,False,False
401,2025-07-01,Operations,1.37,4,False,False
402,2025-07-01,Finance,2.6,6,False,False
403,2025-07-01,Sales,2.53,8,False,False
404,2025-07-01,Operations,2.52,2,False,False
405,2025-07-01,HR,3.18,3,False,False
406,2025-07-01,HR,4.02,3,False,False
407,2025-07-01,HR,2.35,1,False,False
408,2025-07-01,Engineering,2.86,5,False,False
409,2025-07-01,Operations,2.39,2,False,False
410,2025-07-01,Engineering,2.56,5,False,False
411,2025-07-01,Engineering,4.47,2,False,False
412,2025-07-01,Sales,2.54,4,False,False
413,2025-07-01,Sales,3.32,6,False,False
414,2025-07-01,Engineering,2.96,3,False,False
415,2025-07-01,Engineering,4.43,0,False,False
416,2025-07-01,Finance,3.51,6,False,False
417,2025-07-01,Operations,3.06,7,False,False
418,2025-07-01,Engineering,4.03,2,False,False
419,2025-07-01,Sales,2.12,5,False,False
420,2025-07-01,HR,3.72,3,False,False
421,2025-07-01,Operations,3.23,1,False,False
422,2025-07-01,Finance,3.03,2,False,False
423,2025-07-01,Finance,3.05,3,False,False
424,2025-07-01,HR,2.28,2,False,False
425,2025-07-01,HR,3.15,2,False,False
426,2025-07-01,Engineering,3.92,2,False,False
427,2025-07-01,Operations,3.47,4,False,False
428,2025-07-01,Operations,2.93,4,False,False
429,2025-07-01,Engineering,3.47,2,False,False
430,2025-07-01,Finance,2.92,6,False,False
431,2025-07-01,Engineering,4.58,1,False,False
432,2025-07-01,Finance,2.51,4,False,False
433,2025-07-01,Operations,3.43,2,False,False
434,2025-07-01,Engineering,4.25,2,False,False
435,2025-07-01,HR,2.47,2,False,False
436,2025-07-01,Engineering,5.0,0,False,False
437,2025-07-01,HR,3.31,2,False,False
438,2025-07-01,Operations,3.41,2,False,False
439,2025-07-01,Engineering,3.19,4,False,False
440,2025-07-01,Sales,3.14,3,False,False
441,2025-07-01,Operations,3.11,0,False,False
442,2025-07-01,Sales,3.27,1,False,False
443,2025-07-01,Engineering,4.47,1,False,False
444,2025-07-01,HR,3.16,1,False,False
445,2025-07-01,HR,2.23,4,False,False
446,2025-07-01,Finance,3.11,2,False,False
447,2025-07-01,Sales,4.23,2,False,False
448,2025-07-01,Operations,2.95,1,False,False
449,2025-07-01,HR,3.87,2,False,False
450,2025-07-01,Sales,3.06,3,False,False
451,2025-07-01,Operations,2.08,2,False,False
452,2025-07-01,Operations,2.49,4,False,False
453,2025-07-01,HR,2.5,3,False,False
454,2025-07-01,Engineering,3.5,2,False,False
455,2025-07-01,HR,3.21,3,False,False
456,2025-07-01,HR,2.99,1,False,False
457,2025-07-01,Engineering,1.67,2,False,False
458,2025-07-01,Finance,2.63,4,False,False
459,2025-07-01,Operations,4.11,1,False,False
460,2025-07-01,Engineering,3.03,3,False,False
461,2025-07-01,Finance,2.89,7,False,False
462,2025-07-01,Engineering,2.75,1,False,False
463,2025-07-01,Finance,4.37,3,False,False
464,2025-07-01,HR,2.64,1,False,False
465,2025-07-01,Engineering,3.85,1,False,False
466,2025-07-01,Operations,4.43,1,False,False
467,2025-07-01,Engineering,3.9,2,False,False
468,2025-07-01,HR,2.67,5,False,False
469,2025-07-01,Engineering,3.23,4,False,False
470,2025-07-01,Operations,2.35,4,False,False
471,2025-07-01,Finance,3.22,3,False,False
472,2025-07-01,Operations,3.16,4,False,False
473,2025-07-01,HR,2.88,6,False,False
474,2025-07-01,HR,3.72,3,False,False
475,2025-07-01,Finance,2.79,4,False,False
476,2025-07-01,Finance,4.24,3,False,False
477,2025-07-01,Operations,2.8,0,False,False
478,2025-07-01,Engineering,4.43,0,False,False
479,2025-07-01,Finance,3.24,1,False,False
480,2025-07-01,Engineering,3.85,2,False,False
481,2025-07-01,Sales,2.9,3,False,False
482,2025-07-01,Operations,3.03,1,False,False
483,2025-07-01,Sales,3.49,0,False,False
484,2025-07-01,Finance,3.63,3,False,False
485,2025-07-01,HR,3.05,0,False,False
486,2025-07-01,Sales,2.69,4,False,False
487,2025-07-01,Sales,2.56,4,False,False
488,2025-07-01,HR,2.22,1,False,False
489,2025-07-01,Finance,2.0,7,False,False
490,2025-07-01,Finance,3.63,3,False,False
491,2025-07-01,Operations,3.41,4,False,False
492,2025-07-01,Operations,3.11,3,False,False
493,2025-07-01,Finance,1.86,2,False,False
494,2025-07-01,Finance,3.04,4,False,False
495,2025-07-01,Sales,3.12,2,False,False
496,2025-07-01,HR,4.15,0,False,False
497,2025-07-01,Engineering,2.63,1,False,False
498,2025-07-01,Sales,2.69,5,False,False
499,2025-07-01,Operations,4.29,0,False,False
500,2025-07-01,HR,3.27,2,False,False
1,2025-08-01,Engineering,2.15,4,False,True
2,2025-08-01,Finance,3.54,2,False,False
3,2025-08-01,Finance,4.04,4,False,False
4,2025-08-01,HR,3.61,4,False,False
5,2025-08-01,HR,3.06,1,False,False
6,2025-08-01,Operations,2.22,4,False,False
7,2025-08-01,Engineering,3.6,4,False,True
8,2025-08-01,Finance,2.71,2,False,False
9,2025-08-01,Sales,2.61,1,False,False
10,2025-08-01,Engineering,3.41,1,True,True
11,2025-08-01,HR,4.29,2,False,False
12,2025-08-01,Operations,4.2,2,False,False
13,2025-08-01,Finance,4.38,3,False,False
14,2025-08-01,Finance,3.38,3,False,False
15,2025-08-01,Finance,3.91,3,False,False
16,2025-08-01,Finance,3.25,4,False,False
17,2025-08-01,HR,3.43,0,False,False
18,2025-08-01,Engineering,2.86,1,True,True
19,2025-08-01,Operations,3.4,7,False,False
20,2025-08-01,HR,3.2,3,False,False
21,2025-08-01,HR,2.57,4,False,False
22,2025-08-01,Sales,2.53,4,False,False
23,2025-08-01,Engineering,3.33,2,False,True
24,2025-08-01,Operations,3.21,3,False,False
25,2025-08-01,Finance,3.1,4,False,False
26,2025-08-01,Finance,3.54,1,False,False
27,2025-08-01,HR,3.32,2,False,False
28,2025-08-01,Operations,3.18,2,False,False
29,2025-08-01,HR,3.67,3,False,False
30,2025-08-01,HR,2.66,4,False,False
31,2025-08-01,HR,3.85,4,False,False
32,2025-08-01,Sales,2.57,3,False,False
33,2025-08-01,Engineering,1.95,4,True,True
34,2025-08-01,HR,2.5,4,False,False
35,2025-08-01,Operations,2.73,2,False,False
36,2025-08-01,Engineering,2.95,5,False,True
37,2025-08-01,Operations,2.9,3,False,False
38,2025-08-01,Operations,2.53,4,False,False
39,2025-08-01,Sales,3.5,0,False,False
40,2025-08-01,Finance,2.82,3,False,False
41,2025-08-01,Engineering,3.55,0,False,True
42,2025-08-01,Finance,3.05,0,False,False
43,2025-08-01,Finance,3.37,1,False,False
44,2025-08-01,Sales,1.84,2,True,False
45,2025-08-01,Engineering,3.41,6,False,True
46,2025-08-01,Operations,1.73,3,False,False
47,2025-08-01,HR,3.02,1,False,False
48,2025-08-01,Operations,3.32,3,False,False
49,2025-08-01,Finance,3.8,2,False,False
50,2025-08-01,Finance,3.96,2,False,False
51,2025-08-01,Finance,3.6,1,False,False
52,2025-08-01,Engineering,2.95,0,True,True
53,2025-08-01,Sales,3.76,2,False,False
54,2025-08-01,HR,2.63,5,False,False
55,2025-08-01,HR,3.55,0,False,False
56,2025-08-01,Engineering,3.89,3,False,True
57,2025-08-01,HR,2.92,2,False,False
58,2025-08-01,Engineering,4.1,3,False,True
59,2025-08-01,Finance,3.84,0,False,False
60,2025-08-01,Finance,2.86,5,False,False
61,2025-08-01,Operations,3.4,4,False,False
62,2025-08-01,Finance,3.07,2,False,False
63,2025-08-01,Sales,3.18,3,False,False
64,2025-08-01,Operations,2.49,1,False,False
65,2025-08-01,HR,3.01,2,False,False
66,2025-08-01,Sales,2.62,4,False,False
67,2025-08-01,Operations,3.1,0,False,False
68,2025-08-01,Sales,2.5,2,False,False
69,2025-08-01,Engineering,3.64,3,False,True
70,2025-08-01,HR,2.45,8,True,False
71,2025-08-01,Finance,3.71,2,False,False
72,2025-08-01,Engineering,3.27,3,True,True
73,2025-08-01,HR,4.1,1,False,False
74,2025-08-01,Engineering,2.17,5,False,True
75,2025-08-01,Finance,3.37,2,False,False
76,2025-08-01,HR,3.0,2,False,False
77,2025-08-01,Sales,3.71,2,False,False
78,2025-08-01,Sales,3.27,2,False,False
79,2025-08-01,HR,3.58,1,False,False
80,2025-08-01,Finance,2.64,1,False,False
81,2025-08-01,Operations,3.58,0,False,False
82,2025-08-01,HR,2.86,5,False,False
83,2025-08-01,Engineering,3.44,5,False,True
84,2025-08-01,Operations,2.26,6,False,False
85,2025-08-01,Finance,3.11,3,False,False
86,2025-08-01,Finance,3.15,4,False,False
87,2025-08-01,Engineering,3.74,0,False,True
88,2025-08-01,Sales,3.48,2,False,False
89,2025-08-01,Finance,3.3,3,False,False
90,2025-08-01,Operations,3.3,5,False,False
91,2025-08-01,HR,2.65,2,False,False
92,2025-08-01,Operations,3.52,3,False,False
93,2025-08-01,Operations,1.92,7,False,False
94,2025-08-01,Sales,3.3,5,False,False
95,2025-08-01,Operations,2.92,7,False,False
96,2025-08-01,Sales,4.26,1,False,False
97,2025-08-01,Sales,4.75,0,False,False
98,2025-08-01,Finance,3.16,4,False,False
99,2025-08-01,Finance,3.98,1,False,False
100,2025-08-01,Engineering,3.49,6,False,True
101,2025-08-01,Operations,2.95,4,False,False
102,2025-08-01,Engineering,3.89,0,True,True
103,2025-08-01,Operations,3.48,4,False,False
104,2025-08-01,Engineering,3.19,1,True,True
105,2025-08-01,Finance,3.48,2,False,False
106,2025-08-01,Finance,2.59,5,False,False
107,2025-08-01,Finance,2.33,1,False,False
108,2025-08-01,Finance,3.53,3,False,False
109,2025-08-01,HR,3.65,3,False,False
110,2025-08-01,Finance,3.16,2,False,False
111,2025-08-01,Sales,3.48,3,False,False
112,2025-08-01,Finance,3.63,1,False,False
113,2025-08-01,HR,3.25,3,False,False
114,2025-08-01,HR,2.59,6,False,False
115,2025-08-01,HR,3.81,0,False,False
116,2025-08-01,HR,3.88,2,False,False
117,2025-08-01,Engineering,3.31,2,True,True
118,2025-08-01,Engineering,3.51,2,False,True
119,2025-08-01,Sales,3.11,4,False,False
120,2025-08-01,Engineering,3.63,0,True,True
121,2025-08-01,HR,3.07,1,False,False
122,2025-08-01,Finance,3.75,4,False,False
123,2025-08-01,Finance,3.16,3,False,False
124,2025-08-01,HR,2.38,3,False,False
125,2025-08-01,Operations,3.56,2,False,False
126,2025-08-01,HR,2.21,9,False,False
127,2025-08-01,Engineering,2.74,4,False,True
128,2025-08-01,Finance,3.63,1,False,False
129,2025-08-01,HR,3.56,3,False,False
130,2025-08-01,Finance,3.81,1,False,False
131,2025-08-01,HR,3.24,5,False,False
132,2025-08-01,HR,2.24,2,False,False
133,2025-08-01,Engineering,3.22,4,False,True
134,2025-08-01,HR,2.91,3,False,False
135,2025-08-01,Finance,2.84,4,False,False
136,2025-08-01,Sales,3.89,1,False,False
137,2025-08-01,Finance,2.8,3,False,False
138,2025-08-01,Engineering,3.43,1,True,True
139,2025-08-01,Sales,3.12,5,False,False
140,2025-08-01,HR,3.68,1,False,False
141,2025-08-01,Operations,3.14,2,False,False
142,2025-08-01,Sales,3.31,2,False,False
143,2025-08-01,Sales,3.15,3,False,False
144,2025-08-01,HR,3.03,4,False,False
145,2025-08-01,Operations,3.11,4,False,False
146,2025-08-01,Operations,3.72,4,False,False
147,2025-08-01,Engineering,3.39,3,True,True
148,2025-08-01,Sales,2.87,4,False,False
149,2025-08-01,Operations,2.47,7,False,False
150,2025-08-01,Engineering,3.5,5,True,True
151,2025-08-01,Operations,2.9,2,False,False
152,2025-08-01,Sales,2.95,5,False,False
153,2025-08-01,Operations,3.29,1,False,False
154,2025-08-01,Sales,3.49,6,False,False
155,2025-08-01,HR,3.79,3,False,False
156,2025-08-01,Finance,3.13,0,False,False
157,2025-08-01,Engineering,3.45,4,False,True
158,2025-08-01,HR,3.16,4,False,False
159,2025-08-01,HR,2.58,3,False,False
160,2025-08-01,Finance,3.64,1,False,False
161,2025-08-01,Operations,1.69,3,False,False
162,2025-08-01,Finance,2.7,7,False,False
163,2025-08-01,HR,2.25,4,False,False
164,2025-08-01,HR,2.85,1,False,False
165,2025-08-01,HR,3.36,3,False,False
166,2025-08-01,Operations,3.6,1,False,False
167,2025-08-01,Sales,2.91,3,False,False
168,2025-08-01,Engineering,4.19,1,False,True
169,2025-08-01,Sales,4.0,2,False,False
170,2025-08-01,Engineering,3.06,0,True,True
171,2025-08-01,Engineering,4.34,1,True,True
172,2025-08-01,Engineering,3.73,0,False,True
173,2025-08-01,Finance,2.85,0,False,False
174,2025-08-01,Finance,3.17,3,False,False
175,2025-08-01,Finance,3.36,0,False,False
176,2025-08-01,HR,3.26,3,False,False
177,2025-08-01,Finance,3.87,3,False,False
178,2025-08-01,Engineering,1.72,0,False,True
179,2025-08-01,Operations,2.45,2,False,False
180,2025-08-01,HR,2.81,3,False,False
181,2025-08-01,Operations,2.93,1,False,False
182,2025-08-01,Engineering,2.92,7,False,True
183,2025-08-01,HR,2.84,0,False,False
184,2025-08-01,Finance,3.22,5,False,False
185,2025-08-01,HR,2.2,8,False,False
186,2025-08-01,HR,4.42,4,False,False
187,2025-08-01,Engineering,4.34,0,True,True
188,2025-08-01,Sales,2.92,3,False,False
189,2025-08-01,Sales,2.85,0,False,False
190,2025-08-01,Sales,2.89,1,False,False
191,2025-08-01,Finance,2.83,3,False,False
192,2025-08-01,Finance,3.47,4,False,False
193,2025-08-01,Finance,3.04,2,True,False
194,2025-08-01,Sales,3.75,0,False,False
195,2025-08-01,Operations,1.95,3,False,False
196,2025-08-01,Engineering,2.99,2,True,True
197,2025-08-01,Sales,3.48,0,False,False
198,2025-08-01,Engineering,3.7,4,True,True
199,2025-08-01,Sales,2.9,2,False,False
200,2025-08-01,Operations,1.93,4,False,False
201,2025-08-01,Sales,3.49,5,False,False
202,2025-08-01,Operations,2.79,2,False,False
203,2025-08-01,HR,2.94,0,False,False
204,2025-08-01,Finance,2.74,2,False,False
205,2025-08-01,HR,2.12,8,False,False
206,2025-08-01,Sales,3.23,2,False,False
207,2025-08-01,Finance,2.82,2,False,False
208,2025-08-01,Operations,3.61,1,False,False
209,2025-08-01,Sales,2.98,3,False,False
210,2025-08-01,Finance,3.96,4,False,False
211,2025-08-01,Sales,3.67,2,False,False
212,2025-08-01,Finance,3.11,2,False,False
213,2025-08-01,Finance,3.79,2,False,False
214,2025-08-01,HR,4.32,2,False,False
215,2025-08-01,Finance,4.65,0,False,False
216,2025-08-01,Sales,2.62,6,False,False
217,2025-08-01,Engineering,2.94,2,False,True
218,2025-08-01,Engineering,4.13,1,False,True
219,2025-08-01,HR,2.29,2,False,False
220,2025-08-01,Operations,2.56,0,False,False
221,2025-08-01,Engineering,2.6,1,True,True
222,2025-08-01,HR,3.59,2,False,False
223,2025-08-01,Finance,3.62,1,False,False
224,2025-08-01,Sales,2.55,4,False,False
225,2025-08-01,Finance,3.1,3,False,False
226,2025-08-01,Sales,2.33,2,False,False
227,2025-08-01,Operations,2.93,4,False,False
228,2025-08-01,HR,3.86,1,False,False
229,2025-08-01,HR,3.06,1,False,False
230,2025-08-01,Engineering,4.01,0,False,True
231,2025-08-01,HR,3.0,3,False,False
232,2025-08-01,Operations,2.78,7,False,False
233,2025-08-01,Engineering,3.54,3,True,True
234,2025-08-01,Finance,2.18,0,False,False
235,2025-08-01,HR,2.03,7,False,False
236,2025-08-01,Finance,2.51,2,False,False
237,2025-08-01,Finance,2.35,0,False,False
238,2025-08-01,HR,2.38,4,False,False
239,2025-08-01,Sales,4.04,0,False,False
240,2025-08-01,Finance,3.6,7,False,False
241,2025-08-01,Engineering,4.54,1,True,True
242,2025-08-01,HR,3.49,4,False,False
243,2025-08-01,Engineering,3.7,2,False,True
244,2025-08-01,Finance,2.6,5,False,False
245,2025-08-01,Finance,3.78,0,False,False
246,2025-08-01,Engineering,3.77,3,False,True
247,2025-08-01,Finance,3.11,5,False,False
248,2025-08-01,HR,3.16,1,False,False
249,2025-08-01,Finance,3.44,2,False,False
250,2025-08-01,Engineering,2.8,2,True,True
251,2025-08-01,Engineering,3.16,4,False,True
252,2025-08-01,HR,2.19,8,False,False
253,2025-08-01,Engineering,2.95,1,True,True
254,2025-08-01,Sales,3.76,1,False,False
255,2025-08-01,Finance,3.01,3,False,False
256,2025-08-01,Engineering,3.2,4,False,True
257,2025-08-01,Finance,3.67,0,False,False
258,2025-08-01,Engineering,3.49,1,True,True
259,2025-08-01,Engineering,3.55,4,False,True
260,2025-08-01,HR,4.0,1,False,False
261,2025-08-01,Finance,2.39,4,False,False
262,2025-08-01,Engineering,4.03,1,False,True
263,2025-08-01,Sales,3.22,3,False,False
264,2025-08-01,Operations,4.14,1,False,False
265,2025-08-01,Operations,2.89,3,False,False
266,2025-08-01,HR,3.07,2,False,False
267,2025-08-01,HR,2.22,5,False,False
268,2025-08-01,Sales,3.07,4,False,False
269,2025-08-01,Finance,1.9,3,False,False
270,2025-08-01,HR,3.43,0,False,False
271,2025-08-01,Sales,3.96,1,False,False
272,2025-08-01,Engineering,3.4,1,True,True
273,2025-08-01,Engineering,3.1,3,False,True
274,2025-08-01,Operations,3.02,3,False,False
275,2025-08-01,HR,3.15,3,False,False
276,2025-08-01,HR,3.8,1,False,False
277,2025-08-01,HR,3.08,0,False,False
278,2025-08-01,Finance,3.81,2,False,False
279,2025-08-01,Engineering,3.01,1,False,True
280,2025-08-01,Engineering,4.37,0,False,True
281,2025-08-01,Sales,3.66,1,False,False
282,2025-08-01,HR,3.61,2,False,False
283,2025-08-01,Finance,2.4,4,False,False
284,2025-08-01,HR,2.63,5,False,False
285,2025-08-01,HR,2.98,4,False,False
286,2025-08-01,Operations,2.65,4,False,False
287,2025-08-01,Engineering,3.21,3,True,True
288,2025-08-01,HR,3.3,3,False,False
289,2025-08-01,HR,3.43,2,False,False
290,2025-08-01,HR,3.32,0,False,False
291,2025-08-01,Operations,3.5,0,False,False
292,2025-08-01,Sales,2.98,0,False,False
293,2025-08-01,Operations,3.61,2,False,False
294,2025-08-01,Sales,3.09,1,False,False
295,2025-08-01,HR,2.94,4,False,False
296,2025-08-01,HR,2.49,5,False,False
297,2025-08-01,Operations,4.54,1,False,False
298,2025-08-01,HR,3.27,3,False,False
299,2025-08-01,Sales,2.84,2,False,False
300,2025-08-01,Engineering,3.99,1,False,True
301,2025-08-01,Sales,1.67,6,False,False
302,2025-08-01,Operations,1.97,4,False,False
303,2025-08-01,Engineering,3.8,3,True,True
304,2025-08-01,Operations,3.62,1,False,False
305,2025-08-01,HR,3.43,2,False,False
306,2025-08-01,Engineering,2.9,2,False,True
307,2025-08-01,Sales,3.27,1,False,False
308,2025-08-01,HR,3.72,1,False,False
309,2025-08-01,Sales,3.24,3,False,False
310,2025-08-01,Engineering,3.88,5,False,True
311,2025-08-01,Finance,2.39,8,False,False
312,2025-08-01,Finance,3.42,2,False,False
313,2025-08-01,Engineering,2.51,5,False,True
314,2025-08-01,Sales,2.96,7,False,False
315,2025-08-01,Sales,4.0,4,False,False
316,2025-08-01,Finance,3.0,4,False,False
317,2025-08-01,Finance,2.38,6,False,False
318,2025-08-01,Finance,2.21,3,False,False
319,2025-08-01,Operations,2.89,1,False,False
320,2025-08-01,Finance,3.7,1,False,False
321,2025-08-01,Sales,1.51,4,False,False
322,2025-08-01,Engineering,3.9,4,False,True
323,2025-08-01,Finance,2.92,5,False,False
324,2025-08-01,Operations,2.91,2,False,False
325,2025-08-01,Operations,2.1,5,False,False
326,2025-08-01,Sales,2.37,5,False,False
327,2025-08-01,Sales,3.98,2,False,False
328,2025-08-01,Engineering,2.25,4,False,True
329,2025-08-01,Engineering,3.63,3,True,True
330,2025-08-01,HR,2.23,3,False,False
331,2025-08-01,HR,3.09,2,False,False
332,2025-08-01,Sales,2.65,3,False,False
333,2025-08-01,Sales,3.2,2,False,False
334,2025-08-01,Operations,2.98,5,False,False
335,2025-08-01,HR,4.39,0,False,False
336,2025-08-01,Operations,3.21,1,False,False
337,2025-08-01,Operations,3.6,3,False,False
338,2025-08-01,Sales,2.01,1,False,False
339,2025-08-01,Sales,3.27,3,False,False
340,2025-08-01,Operations,3.11,5,False,False
341,2025-08-01,Finance,2.74,2,False,False
342,2025-08-01,Sales,3.07,2,False,False
343,2025-08-01,Finance,2.78,3,False,False
344,2025-08-01,HR,2.52,2,False,False
345,2025-08-01,Operations,3.08,3,False,False
346,2025-08-01,Sales,2.87,5,False,False
347,2025-08-01,Operations,2.0,2,False,False
348,2025-08-01,Operations,2.61,2,False,False
349,2025-08-01,Engineering,4.02,2,True,True
350,2025-08-01,Engineering,2.61,3,False,True
351,2025-08-01,HR,3.07,3,False,False
352,2025-08-01,Engineering,3.97,1,False,True
353,2025-08-01,Sales,3.65,0,False,False
354,2025-08-01,HR,2.92,1,False,False
355,2025-08-01,Operations,3.74,0,False,False
356,2025-08-01,Operations,3.63,0,False,False
357,2025-08-01,Engineering,3.39,2,False,True
358,2025-08-01,Operations,4.16,5,False,False
359,2025-08-01,Engineering,3.4,1,False,True
360,2025-08-01,Finance,3.32,0,False,False
361,2025-08-01,Operations,3.9,2,False,False
362,2025-08-01,Operations,3.92,3,False,False
363,2025-08-01,Sales,2.47,3,False,False
364,2025-08-01,Operations,3.02,4,False,False
365,2025-08-01,Engineering,4.97,0,True,True
366,2025-08-01,HR,3.57,2,False,False
367,2025-08-01,HR,2.96,5,False,False
368,2025-08-01,Sales,3.79,1,False,False
369,2025-08-01,Engineering,3.3,3,False,True
370,2025-08-01,Finance,2.54,1,False,False
371,2025-08-01,Sales,3.48,1,False,False
372,2025-08-01,Finance,2.14,3,False,False
373,2025-08-01,HR,2.98,3,False,False
374,2025-08-01,Sales,3.78,1,False,False
375,2025-08-01,Operations,3.44,1,False,False
376,2025-08-01,Engineering,3.15,2,False,True
377,2025-08-01,Finance,3.22,0,False,False
378,2025-08-01,Finance,3.07,3,False,False
379,2025-08-01,Sales,3.16,4,False,False
380,2025-08-01,Sales,3.04,0,False,False
381,2025-08-01,Engineering,3.43,5,False,True
382,2025-08-01,Operations,2.52,2,False,False
383,2025-08-01,Operations,3.45,2,False,False
384,2025-08-01,Sales,2.61,5,False,False
385,2025-08-01,Engineering,3.94,1,True,True
386,2025-08-01,Engineering,2.96,2,False,True
387,2025-08-01,Engineering,3.51,4,True,True
388,2025-08-01,Operations,3.34,4,False,False
389,2025-08-01,Operations,3.01,1,True,False
390,2025-08-01,Engineering,2.41,7,True,True
391,2025-08-01,Finance,3.16,2,False,False
392,2025-08-01,Engineering,3.87,4,True,True
393,2025-08-01,Sales,2.4,1,False,False
394,2025-08-01,HR,3.39,2,False,False
395,2025-08-01,Finance,3.47,5,False,False
396,2025-08-01,Operations,3.5,2,False,False
397,2025-08-01,Engineering,3.34,3,False,True
398,2025-08-01,Engineering,3.05,2,False,True
399,2025-08-01,Sales,3.62,3,False,False
400,2025-08-01,Sales,3.91,5,False,False
401,2025-08-01,Operations,1.36,8,False,False
402,2025-08-01,Finance,2.49,4,False,False
403,2025-08-01,Sales,2.78,3,False,False
404,2025-08-01,Operations,2.79,5,False,False
405,2025-08-01,HR,3.24,3,False,False
406,2025-08-01,HR,3.9,2,False,False
407,2025-08-01,HR,2.51,2,False,False
408,2025-08-01,Engineering,3.1,3,False,True
409,2025-08-01,Operations,2.39,6,False,False
410,2025-08-01,Engineering,2.58,4,False,True
411,2025-08-01,Engineering,4.37,1,False,True
412,2025-08-01,Sales,2.42,5,False,False
413,2025-08-01,Sales,3.22,3,False,False
414,2025-08-01,Engineering,2.91,7,True,True
415,2025-08-01,Engineering,4.59,0,False,True
416,2025-08-01,Finance,3.27,6,False,False
417,2025-08-01,Operations,2.95,1,False,False
418,2025-08-01,Engineering,4.15,4,True,True
419,2025-08-01,Sales,2.15,1,False,False
420,2025-08-01,HR,3.82,3,False,False
421,2025-08-01,Operations,3.55,4,False,False
422,2025-08-01,Finance,3.11,3,False,False
423,2025-08-01,Finance,2.99,3,False,False
424,2025-08-01,HR,2.32,5,False,False
425,2025-08-01,HR,3.39,7,False,False
426,2025-08-01,Engineering,4.0,4,True,True
427,2025-08-01,Operations,3.52,5,False,False
428,2025-08-01,Operations,2.92,0,False,False
429,2025-08-01,Engineering,3.64,3,False,True
430,2025-08-01,Finance,3.08,4,False,False
431,2025-08-01,Engineering,4.51,1,False,True
432,2025-08-01,Finance,2.63,4,False,False
433,2025-08-01,Operations,3.64,2,False,False
434,2025-08-01,Engineering,4.15,4,True,True
435,2025-08-01,HR,2.51,6,False,False
436,2025-08-01,Engineering,5.0,1,True,True
437,2025-08-01,HR,3.06,3,False,False
438,2025-08-01,Operations,3.46,3,False,False
439,2025-08-01,Engineering,3.16,4,False,True
440,2025-08-01,Sales,3.06,5,False,False
441,2025-08-01,Operations,3.1,1,False,False
442,2025-08-01,Sales,3.1,1,False,False
443,2025-08-01,Engineering,4.51,1,False,True
444,2025-08-01,HR,3.08,7,False,False
445,2025-08-01,HR,2.33,7,False,False
446,2025-08-01,Finance,3.09,3,False,False
447,2025-08-01,Sales,4.29,3,False,False
448,2025-08-01,Operations,3.11,0,False,False
449,2025-08-01,HR,3.83,4,False,False
450,2025-08-01,Sales,2.66,4,False,False
451,2025-08-01,Operations,2.28,2,False,False
452,2025-08-01,Operations,2.57,4,False,False
453,2025-08-01,HR,2.25,4,False,False
454,2025-08-01,Engineering,3.44,5,False,True
455,2025-08-01,HR,3.28,4,False,False
456,2025-08-01,HR,2.73,1,False,False
457,2025-08-01,Engineering,1.82,6,True,True
458,2025-08-01,Finance,2.76,4,False,False
459,2025-08-01,Operations,4.07,4,False,False
460,2025-08-01,Engineering,3.09,1,False,True
461,2025-08-01,Finance,3.16,3,False,False
462,2025-08-01,Engineering,2.49,5,False,True
463,2025-08-01,Finance,4.26,1,False,False
464,2025-08-01,HR,2.64,3,False,False
465,2025-08-01,Engineering,3.85,3,False,True
466,2025-08-01,Operations,4.38,2,False,False
467,2025-08-01,Engineering,4.08,0,False,True
468,2025-08-01,HR,2.62,2,False,False
469,2025-08-01,Engineering,3.17,7,False,True
470,2025-08-01,Operations,2.47,3,False,False
471,2025-08-01,Finance,3.33,3,False,False
472,2025-08-01,Operations,2.98,0,False,False
473,2025-08-01,HR,2.48,5,False,False
474,2025-08-01,HR,3.8,1,False,False
475,2025-08-01,Finance,2.75,3,False,False
476,2025-08-01,Finance,4.07,1,False,False
477,2025-08-01,Operations,2.83,1,False,False
478,2025-08-01,Engineering,4.27,3,False,True
479,2025-08-01,Finance,3.27,2,False,False
480,2025-08-01,Engineering,3.85,1,False,True
481,2025-08-01,Sales,2.84,4,False,False
482,2025-08-01,Operations,2.91,3,False,False
483,2025-08-01,Sales,3.32,4,False,False
484,2025-08-01,Finance,3.85,0,False,False
485,2025-08-01,HR,3.15,4,False,False
486,2025-08-01,Sales,2.81,2,False,False
487,2025-08-01,Sales,2.52,5,False,False
488,2025-08-01,HR,2.22,4,False,False
489,2025-08-01,Finance,1.98,4,False,False
490,2025-08-01,Finance,3.57,2,False,False
491,2025-08-01,Operations,3.46,0,False,False
492,2025-08-01,Operations,3.03,3,False,False
493,2025-08-01,Finance,1.9,4,False,False
494,2025-08-01,Finance,3.1,5,False,False
495,2025-08-01,Sales,3.03,2,False,False
496,2025-08-01,HR,4.36,3,False,False
497,2025-08-01,Engineering,2.66,6,False,True
498,2025-08-01,Sales,2.83,3,False,False
499,2025-08-01,Operations,4.42,0,False,False
500,2025-08-01,HR,3.32,2,False,False
1,2025-09-01,Engineering,2.34,4,False,False
2,2025-09-01,Finance,3.55,1,False,False
3,2025-09-01,Finance,3.94,5,False,False
4,2025-09-01,HR,3.44,2,False,False
5,2025-09-01,HR,3.2,2,False,False
6,2025-09-01,Operations,2.33,2,False,False
7,2025-09-01,Engineering,3.64,1,False,False
8,2025-09-01,Finance,2.7,4,False,False
9,2025-09-01,Sales,2.81,3,False,False
10,2025-09-01,Engineering,3.63,3,False,False
11,2025-09-01,HR,4.21,2,False,False
12,2025-09-01,Operations,4.17,1,False,False
13,2025-09-01,Finance,4.34,1,False,False
14,2025-09-01,Finance,3.31,2,False,False
15,2025-09-01,Finance,3.99,4,False,False
16,2025-09-01,Finance,3.16,4,False,False
17,2025-09-01,HR,3.46,2,False,False
18,2025-09-01,Engineering,2.77,4,False,False
19,2025-09-01,Operations,3.43,1,False,False
20,2025-09-01,HR,3.18,1,False,False
21,2025-09-01,HR,2.39,8,False,False
22,2025-09-01,Sales,2.7,1,False,False
23,2025-09-01,Engineering,3.16,2,False,False
24,2025-09-01,Operations,3.31,2,False,False
25,2025-09-01,Finance,3.3,1,False,False
26,2025-09-01,Finance,3.46,3,False,False
27,2025-09-01,HR,3.09,2,False,False
28,2025-09-01,Operations,3.17,4,False,False
29,2025-09-01,HR,3.51,0,False,False
30,2025-09-01,HR,2.67,3,False,False
31,2025-09-01,HR,3.95,1,False,False
32,2025-09-01,Sales,2.66,3,False,False
33,2025-09-01,Engineering,2.22,5,False,False
34,2025-09-01,HR,2.43,6,False,False
35,2025-09-01,Operations,2.65,3,False,False
36,2025-09-01,Engineering,2.95,4,False,False
37,2025-09-01,Operations,2.92,4,False,False
38,2025-09-01,Operations,2.68,5,False,False
39,2025-09-01,Sales,3.48,4,False,False
40,2025-09-01,Finance,2.85,2,False,False
41,2025-09-01,Engineering,3.85,1,False,False
42,2025-09-01,Finance,2.96,5,False,False
43,2025-09-01,Finance,3.22,5,False,False
44,2025-09-01,Sales,1.83,5,False,False
45,2025-09-01,Engineering,3.45,1,False,False
46,2025-09-01,Operations,1.49,5,False,False
47,2025-09-01,HR,2.96,3,False,False
48,2025-09-01,Operations,3.23,2,False,False
49,2025-09-01,Finance,3.8,4,False,False
50,2025-09-01,Finance,3.69,4,False,False
51,2025-09-01,Finance,3.56,4,False,False
52,2025-09-01,Engineering,2.91,5,False,False
53,2025-09-01,Sales,3.71,2,False,False
54,2025-09-01,HR,2.62,2,False,False
55,2025-09-01,HR,3.57,2,False,False
56,2025-09-01,Engineering,4.02,1,False,False
57,2025-09-01,HR,2.99,2,False,False
58,2025-09-01,Engineering,3.97,7,False,False
59,2025-09-01,Finance,3.88,1,False,False
60,2025-09-01,Finance,3.08,2,False,False
61,2025-09-01,Operations,3.52,5,False,False
62,2025-09-01,Finance,3.11,3,False,False
63,2025-09-01,Sales,3.19,1,False,False
64,2025-09-01,Operations,2.46,1,False,False
65,2025-09-01,HR,3.1,2,False,False
66,2025-09-01,Sales,2.68,2,False,False
67,2025-09-01,Operations,3.16,4,False,False
68,2025-09-01,Sales,2.56,6,False,False
69,2025-09-01,Engineering,4.0,5,False,False
70,2025-09-01,HR,2.55,4,False,False
71,2025-09-01,Finance,3.6,3,False,False
72,2025-09-01,Engineering,3.37,2,False,False
73,2025-09-01,HR,4.15,3,False,False
74,2025-09-01,Engineering,2.22,10,False,False
75,2025-09-01,Finance,3.39,2,False,False
76,2025-09-01,HR,3.01,4,False,False
77,2025-09-01,Sales,3.88,2,False,False
78,2025-09-01,Sales,3.09,5,False,False
79,2025-09-01,HR,3.66,4,False,False
80,2025-09-01,Finance,2.85,3,False,False
81,2025-09-01,Operations,3.47,2,False,False
82,2025-09-01,HR,3.06,2,False,False
83,2025-09-01,Engineering,3.54,6,False,False
84,2025-09-01,Operations,2.34,2,False,False
85,2025-09-01,Finance,3.04,1,False,False
86,2025-09-01,Finance,3.08,2,False,False
87,2025-09-01,Engineering,3.7,0,False,False
88,2025-09-01,Sales,3.39,2,False,False
89,2025-09-01,Finance,3.4,5,False,False
90,2025-09-01,Operations,3.14,0,False,False
91,2025-09-01,HR,2.79,4,False,False
92,2025-09-01,Operations,3.4,0,False,False
93,2025-09-01,Operations,1.89,0,False,False
94,2025-09-01,Sales,3.16,3,False,False
95,2025-09-01,Operations,2.97,2,False,False
96,2025-09-01,Sales,4.34,0,False,False
97,2025-09-01,Sales,4.82,3,False,False
98,2025-09-01,Finance,3.18,1,False,False
99,2025-09-01,Finance,3.93,2,False,False
100,2025-09-01,Engineering,3.61,3,False,False
101,2025-09-01,Operations,2.93,6,False,False
102,2025-09-01,Engineering,3.92,0,False,False
103,2025-09-01,Operations,3.22,1,False,False
104,2025-09-01,Engineering,3.0,5,False,False
105,2025-09-01,Finance,3.55,3,False,False
106,2025-09-01,Finance,2.57,5,False,False
107,2025-09-01,Finance,2.02,13,False,False
108,2025-09-01,Finance,3.62,4,False,False
109,2025-09-01,HR,3.47,0,False,False
110,2025-09-01,Finance,3.31,5,False,False
111,2025-09-01,Sales,3.45,0,False,False
112,2025-09-01,Finance,3.64,1,False,False
113,2025-09-01,HR,3.45,0,False,False
114,2025-09-01,HR,2.56,4,False,False
115,2025-09-01,HR,3.87,1,False,False
116,2025-09-01,HR,3.88,3,False,False
117,2025-09-01,Engineering,3.43,5,False,False
118,2025-09-01,Engineering,3.56,2,False,False
119,2025-09-01,Sales,3.22,1,False,False
120,2025-09-01,Engineering,3.5,2,False,False
121,2025-09-01,HR,3.22,6,False,False
122,2025-09-01,Finance,3.46,2,False,False
123,2025-09-01,Finance,2.95,2,False,False
124,2025-09-01,HR,2.38,4,False,False
125,2025-09-01,Operations,3.57,2,False,False
126,2025-09-01,HR,2.05,2,False,False
127,2025-09-01,Engineering,2.83,3,False,False
128,2025-09-01,Finance,3.52,0,False,False
129,2025-09-01,HR,3.49,1,False,False
130,2025-09-01,Finance,3.64,1,False,False
131,2025-09-01,HR,3.2,3,False,False
132,2025-09-01,HR,2.12,1,False,False
133,2025-09-01,Engineering,3.23,2,False,False
134,2025-09-01,HR,2.95,4,False,False
135,2025-09-01,Finance,2.96,8,False,False
136,2025-09-01,Sales,4.0,5,False,False
137,2025-09-01,Finance,2.63,6,False,False
138,2025-09-01,Engineering,3.27,0,False,False
139,2025-09-01,Sales,3.09,4,False,False
140,2025-09-01,HR,3.62,2,False,False
141,2025-09-01,Operations,3.4,2,False,False
142,2025-09-01,Sales,3.23,4,False,False
143,2025-09-01,Sales,3.3,2,False,False
144,2025-09-01,HR,2.95,4,False,False
145,2025-09-01,Operations,3.1,5,False,False
146,2025-09-01,Operations,3.77,6,False,False
147,2025-09-01,Engineering,3.39,4,False,False
148,2025-09-01,Sales,3.1,4,False,False
149,2025-09-01,Operations,2.33,6,False,False
150,2025-09-01,Engineering,3.23,3,False,False
151,2025-09-01,Operations,3.13,3,False,False
152,2025-09-01,Sales,3.06,2,False,False
153,2025-09-01,Operations,3.28,5,False,False
154,2025-09-01,Sales,3.56,1,False,False
155,2025-09-01,HR,3.73,4,False,False
156,2025-09-01,Finance,3.32,2,False,False
157,2025-09-01,Engineering,3.5,1,False,False
158,2025-09-01,HR,3.15,5,False,False
159,2025-09-01,HR,2.69,3,False,False
160,2025-09-01,Finance,3.86,1,False,False
161,2025-09-01,Operations,1.58,4,False,False
162,2025-09-01,Finance,2.56,2,False,False
163,2025-09-01,HR,2.29,4,False,False
164,2025-09-01,HR,2.57,2,False,False
165,2025-09-01,HR,3.37,3,False,False
166,2025-09-01,Operations,3.66,2,False,False
167,2025-09-01,Sales,2.85,2,False,False
168,2025-09-01,Engineering,4.39,1,False,False
169,2025-09-01,Sales,4.06,1,False,False
170,2025-09-01,Engineering,3.27,7,False,False
171,2025-09-01,Engineering,4.27,4,False,False
172,2025-09-01,Engineering,3.85,6,False,False
173,2025-09-01,Finance,2.96,5,False,False
174,2025-09-01,Finance,3.29,4,False,False
175,2025-09-01,Finance,3.41,2,False,False
176,2025-09-01,HR,3.29,3,False,False
177,2025-09-01,Finance,3.97,6,False,False
178,2025-09-01,Engineering,1.71,4,False,False
179,2025-09-01,Operations,2.33,1,False,False
180,2025-09-01,HR,2.7,1,False,False
181,2025-09-01,Operations,3.04,3,False,False
182,2025-09-01,Engineering,2.94,3,False,False
183,2025-09-01,HR,2.58,1,False,False
184,2025-09-01,Finance,3.18,4,False,False
185,2025-09-01,HR,2.17,3,False,False
186,2025-09-01,HR,4.38,1,False,False
187,2025-09-01,Engineering,4.3,0,False,False
188,2025-09-01,Sales,3.06,4,False,False
189,2025-09-01,Sales,2.88,1,False,False
190,2025-09-01,Sales,2.74,3,False,False
191,2025-09-01,Finance,2.92,4,False,False
192,2025-09-01,Finance,3.39,2,False,False
193,2025-09-01,Finance,3.09,1,False,False
194,2025-09-01,Sales,3.58,1,False,False
195,2025-09-01,Operations,1.8,5,False,False
196,2025-09-01,Engineering,2.9,3,False,False
197,2025-09-01,Sales,3.46,2,False,False
198,2025-09-01,Engineering,3.75,1,False,False
199,2025-09-01,Sales,2.9,4,False,False
200,2025-09-01,Operations,2.04,0,False,False
201,2025-09-01,Sales,3.54,6,False,False
202,2025-09-01,Operations,2.82,4,False,False
203,2025-09-01,HR,2.96,5,False,False
204,2025-09-01,Finance,2.88,6,False,False
205,2025-09-01,HR,1.99,3,False,False
206,2025-09-01,Sales,3.12,8,False,False
207,2025-09-01,Finance,3.0,1,False,False
208,2025-09-01,Operations,3.31,4,False,False
209,2025-09-01,Sales,3.07,0,False,False
210,2025-09-01,Finance,3.89,2,False,False
211,2025-09-01,Sales,3.92,1,False,False
212,2025-09-01,Finance,3.11,1,False,False
213,2025-09-01,Finance,3.69,3,False,False
214,2025-09-01,HR,4.3,0,False,False
215,2025-09-01,Finance,4.6,3,False,False
216,2025-09-01,Sales,2.59,4,False,False
217,2025-09-01,Engineering,2.93,4,False,False
218,2025-09-01,Engineering,4.07,2,False,False
219,2025-09-01,HR,2.08,3,False,False
220,2025-09-01,Operations,2.5,3,False,False
221,2025-09-01,Engineering,2.68,7,False,False
222,2025-09-01,HR,3.6,5,False,False
223,2025-09-01,Finance,3.45,2,False,False
224,2025-09-01,Sales,2.53,2,False,False
225,2025-09-01,Finance,3.05,3,False,False
226,2025-09-01,Sales,2.41,7,False,False
227,2025-09-01,Operations,2.88,2,False,False
228,2025-09-01,HR,3.71,1,False,False
229,2025-09-01,HR,3.23,3,False,False
230,2025-09-01,Engineering,3.85,2,False,False
231,2025-09-01,HR,2.93,1,False,False
232,2025-09-01,Operations,2.73,6,False,False
233,2025-09-01,Engineering,3.46,1,False,False
234,2025-09-01,Finance,2.18,7,False,False
235,2025-09-01,HR,2.17,5,False,False
236,2025-09-01,Finance,2.24,1,False,False
237,2025-09-01,Finance,2.41,3,False,False
238,2025-09-01,HR,2.21,2,False,False
239,2025-09-01,Sales,3.85,1,False,False
240,2025-09-01,Finance,3.63,4,False,False
241,2025-09-01,Engineering,4.49,2,False,False
242,2025-09-01,HR,3.31,2,False,False
243,2025-09-01,Engineering,3.74,2,False,False
244,2025-09-01,Finance,2.52,6,False,False
245,2025-09-01,Finance,3.75,1,False,False
246,2025-09-01,Engineering,3.47,4,False,False
247,2025-09-01,Finance,3.19,2,False,False
248,2025-09-01,HR,3.02,5,False,False
249,2025-09-01,Finance,3.12,1,False,False
250,2025-09-01,Engineering,2.79,2,False,False
251,2025-09-01,Engineering,3.25,0,False,False
252,2025-09-01,HR,2.0,7,False,False
253,2025-09-01,Engineering,2.94,1,False,False
254,2025-09-01,Sales,3.88,3,False,False
255,2025-09-01,Finance,2.77,2,False,False
256,2025-09-01,Engineering,3.3,2,False,False
257,2025-09-01,Finance,3.69,3,False,False
258,2025-09-01,Engineering,3.56,2,False,False
259,2025-09-01,Engineering,3.83,4,False,False
260,2025-09-01,HR,3.91,1,False,False
261,2025-09-01,Finance,2.53,4,False,False
262,2025-09-01,Engineering,4.04,0,False,False
263,2025-09-01,Sales,3.36,3,False,False
264,2025-09-01,Operations,3.89,3,False,False
265,2025-09-01,Operations,3.01,3,False,False
266,2025-09-01,HR,3.22,2,False,False
267,2025-09-01,HR,2.31,1,False,False
268,2025-09-01,Sales,2.97,5,False,False
269,2025-09-01,Finance,2.0,3,False,False
270,2025-09-01,HR,3.5,2,False,False
271,2025-09-01,Sales,4.08,0,False,False
272,2025-09-01,Engineering,3.3,5,False,False
273,2025-09-01,Engineering,3.06,1,False,False
274,2025-09-01,Operations,2.91,1,False,False
275,2025-09-01,HR,3.2,3,False,False
276,2025-09-01,HR,3.87,1,True,False
277,2025-09-01,HR,2.9,2,False,False
278,2025-09-01,Finance,3.72,2,False,False
279,2025-09-01,Engineering,2.95,1,False,False
280,2025-09-01,Engineering,4.2,2,False,False
281,2025-09-01,Sales,3.49,3,False,False
282,2025-09-01,HR,3.55,1,False,False
283,2025-09-01,Finance,2.75,2,False,False
284,2025-09-01,HR,2.7,4,False,False
285,2025-09-01,HR,2.96,4,False,False
286,2025-09-01,Operations,2.79,4,False,False
287,2025-09-01,Engineering,3.01,4,False,False
288,2025-09-01,HR,3.62,4,False,False
289,2025-09-01,HR,3.46,5,False,False
290,2025-09-01,HR,3.39,0,False,False
291,2025-09-01,Operations,3.43,1,False,False
292,2025-09-01,Sales,2.88,2,False,False
293,2025-09-01,Operations,3.8,2,False,False
294,2025-09-01,Sales,3.35,5,False,False
295,2025-09-01,HR,3.19,2,False,False
296,2025-09-01,HR,2.48,1,False,False
297,2025-09-01,Operations,4.44,2,False,False
298,2025-09-01,HR,3.37,1,False,False
299,2025-09-01,Sales,2.75,6,False,False
300,2025-09-01,Engineering,3.78,1,False,False
301,2025-09-01,Sales,1.57,8,False,False
302,2025-09-01,Operations,1.96,3,False,False
303,2025-09-01,Engineering,3.8,2,False,False
304,2025-09-01,Operations,3.56,2,False,False
305,2025-09-01,HR,3.45,3,False,False
306,2025-09-01,Engineering,2.94,1,False,False
307,2025-09-01,Sales,3.37,2,False,False
308,2025-09-01,HR,3.63,2,False,False
309,2025-09-01,Sales,3.59,3,False,False
310,2025-09-01,Engineering,3.9,0,False,False
311,2025-09-01,Finance,2.72,7,False,False
312,2025-09-01,Finance,3.6,4,False,False
313,2025-09-01,Engineering,2.53,1,False,False
314,2025-09-01,Sales,3.0,4,False,False
315,2025-09-01,Sales,3.79,4,False,False
316,2025-09-01,Finance,2.75,3,False,False
317,2025-09-01,Finance,2.54,6,False,False
318,2025-09-01,Finance,2.32,3,False,False
319,2025-09-01,Operations,2.69,1,False,False
320,2025-09-01,Finance,3.5,3,False,False
321,2025-09-01,Sales,1.58,5,False,False
322,2025-09-01,Engineering,3.93,1,False,False
323,2025-09-01,Finance,3.32,3,False,False
324,2025-09-01,Operations,3.24,4,False,False
325,2025-09-01,Operations,1.89,5,False,False
326,2025-09-01,Sales,2.15,2,False,False
327,2025-09-01,Sales,3.82,0,False,False
328,2025-09-01,Engineering,2.2,3,False,False
329,2025-09-01,Engineering,3.48,4,False,False
330,2025-09-01,HR,2.07,5,False,False
331,2025-09-01,HR,3.27,0,False,False
332,2025-09-01,Sales,2.72,2,False,False
333,2025-09-01,Sales,3.22,3,False,False
334,2025-09-01,Operations,2.89,5,False,False
335,2025-09-01,HR,4.07,1,False,False
336,2025-09-01,Operations,3.18,0,False,False
337,2025-09-01,Operations,3.48,1,False,False
338,2025-09-01,Sales,2.11,3,False,False
339,2025-09-01,Sales,3.15,4,False,False
340,2025-09-01,Operations,3.15,5,False,False
341,2025-09-01,Finance,2.58,7,False,False
342,2025-09-01,Sales,3.2,2,False,False
343,2025-09-01,Finance,2.54,1,False,False
344,2025-09-01,HR,2.55,3,False,False
345,2025-09-01,Operations,2.86,3,False,False
346,2025-09-01,Sales,2.69,2,False,False
347,2025-09-01,Operations,2.01,3,False,False
348,2025-09-01,Operations,2.61,1,False,False
349,2025-09-01,Engineering,3.65,2,False,False
350,2025-09-01,Engineering,2.72,9,False,False
351,2025-09-01,HR,3.06,4,False,False
352,2025-09-01,Engineering,3.98,6,False,False
353,2025-09-01,Sales,3.76,3,False,False
354,2025-09-01,HR,2.99,4,False,False
355,2025-09-01,Operations,3.89,1,False,False
356,2025-09-01,Operations,3.67,2,False,False
357,2025-09-01,Engineering,3.55,1,False,False
358,2025-09-01,Operations,4.13,4,False,False
359,2025-09-01,Engineering,3.42,1,False,False
360,2025-09-01,Finance,3.29,5,False,False
361,2025-09-01,Operations,3.96,0,False,False
362,2025-09-01,Operations,3.7,1,False,False
363,2025-09-01,Sales,2.49,1,False,False
364,2025-09-01,Operations,2.73,5,False,False
365,2025-09-01,Engineering,5.0,1,False,False
366,2025-09-01,HR,3.52,3,False,False
367,2025-09-01,HR,3.08,1,False,False
368,2025-09-01,Sales,3.98,4,False,False
369,2025-09-01,Engineering,3.54,7,False,False
370,2025-09-01,Finance,2.63,2,False,False
371,2025-09-01,Sales,3.27,2,False,False
372,2025-09-01,Finance,2.25,3,False,False
373,2025-09-01,HR,2.7,3,False,False
374,2025-09-01,Sales,3.82,3,False,False
375,2025-09-01,Operations,3.56,1,False,False
376,2025-09-01,Engineering,3.14,3,False,False
377,2025-09-01,Finance,3.0,2,False,False
378,2025-09-01,Finance,3.09,5,False,False
379,2025-09-01,Sales,3.24,5,False,False
380,2025-09-01,Sales,3.14,7,False,False
381,2025-09-01,Engineering,3.27,3,False,False
382,2025-09-01,Operations,2.55,1,False,False
383,2025-09-01,Operations,3.44,3,False,False
384,2025-09-01,Sales,2.52,2,True,False
385,2025-09-01,Engineering,3.92,3,False,False
386,2025-09-01,Engineering,2.99,2,False,False
387,2025-09-01,Engineering,3.47,1,False,False
388,2025-09-01,Operations,3.51,4,False,False
389,2025-09-01,Operations,3.19,2,False,False
390,2025-09-01,Engineering,2.26,7,False,False
391,2025-09-01,Finance,3.21,3,False,False
392,2025-09-01,Engineering,3.78,3,False,False
393,2025-09-01,Sales,2.31,7,False,False
394,2025-09-01,HR,3.44,0,False,False
395,2025-09-01,Finance,3.67,2,False,False
396,2025-09-01,Operations,3.42,2,False,False
397,2025-09-01,Engineering,3.46,2,False,False
398,2025-09-01,Engineering,2.93,1,False,False
399,2025-09-01,Sales,3.54,3,False,False
400,2025-09-01,Sales,3.8,1,False,False
401,2025-09-01,Operations,1.0,6,False,False
402,2025-09-01,Finance,2.66,5,False,False
403,2025-09-01,Sales,2.69,2,True,False
404,2025-09-01,Operations,2.51,2,False,False
405,2025-09-01,HR,3.12,5,False,False
406,2025-09-01,HR,3.91,1,False,False
407,2025-09-01,HR,2.44,4,False,False
408,2025-09-01,Engineering,3.05,3,False,False
409,2025-09-01,Operations,2.34,8,False,False
410,2025-09-01,Engineering,2.75,5,False,False
411,2025-09-01,Engineering,4.29,1,False,False
412,2025-09-01,Sales,2.68,1,False,False
413,2025-09-01,Sales,3.11,2,False,False
414,2025-09-01,Engineering,2.82,2,False,False
415,2025-09-01,Engineering,4.39,0,False,False
416,2025-09-01,Finance,3.66,1,False,False
417,2025-09-01,Operations,3.08,3,False,False
418,2025-09-01,Engineering,4.04,1,False,False
419,2025-09-01,Sales,2.2,7,False,False
420,2025-09-01,HR,3.85,0,False,False
421,2025-09-01,Operations,3.34,3,False,False
422,2025-09-01,Finance,3.15,1,False,False
423,2025-09-01,Finance,2.98,4,False,False
424,2025-09-01,HR,2.28,5,False,False
425,2025-09-01,HR,3.16,5,False,False
426,2025-09-01,Engineering,3.96,2,False,False
427,2025-09-01,Operations,3.32,4,False,False
428,2025-09-01,Operations,2.77,1,False,False
429,2025-09-01,Engineering,3.53,1,False,False
430,2025-09-01,Finance,3.11,7,False,False
431,2025-09-01,Engineering,4.45,3,False,False
432,2025-09-01,Finance,2.56,6,False,False
433,2025-09-01,Operations,3.45,2,False,False
434,2025-09-01,Engineering,4.21,0,False,False
435,2025-09-01,HR,2.62,0,False,False
436,2025-09-01,Engineering,5.0,2,False,False
437,2025-09-01,HR,3.2,3,False,False
438,2025-09-01,Operations,3.34,5,False,False
439,2025-09-01,Engineering,3.17,4,False,False
440,2025-09-01,Sales,3.24,0,False,False
441,2025-09-01,Operations,3.04,4,False,False
442,2025-09-01,Sales,3.22,0,False,False
443,2025-09-01,Engineering,4.54,1,False,False
444,2025-09-01,HR,3.07,1,False,False
445,2025-09-01,HR,2.38,4,False,False
446,2025-09-01,Finance,3.3,2,False,False
447,2025-09-01,Sales,4.1,1,False,False
448,2025-09-01,Operations,3.04,2,False,False
449,2025-09-01,HR,3.99,0,False,False
450,2025-09-01,Sales,2.97,3,False,False
451,2025-09-01,Operations,2.12,2,False,False
452,2025-09-01,Operations,2.71,9,False,False
453,2025-09-01,HR,2.33,5,False,False
454,2025-09-01,Engineering,3.33,6,False,False
455,2025-09-01,HR,3.27,2,False,False
456,2025-09-01,HR,2.74,1,False,False
457,2025-09-01,Engineering,1.73,4,False,False
458,2025-09-01,Finance,2.85,3,False,False
459,2025-09-01,Operations,4.39,3,False,False
460,2025-09-01,Engineering,2.96,2,False,False
461,2025-09-01,Finance,3.03,3,False,False
462,2025-09-01,Engineering,2.58,6,False,False
463,2025-09-01,Finance,4.19,5,False,False
464,2025-09-01,HR,2.58,8,False,False
465,2025-09-01,Engineering,4.0,3,False,False
466,2025-09-01,Operations,4.2,1,False,False
467,2025-09-01,Engineering,4.15,1,False,False
468,2025-09-01,HR,2.78,7,False,False
469,2025-09-01,Engineering,3.18,3,False,False
470,2025-09-01,Operations,2.53,3,False,False
471,2025-09-01,Finance,3.17,0,False,False
472,2025-09-01,Operations,3.16,6,False,False
473,2025-09-01,HR,2.71,1,False,False
474,2025-09-01,HR,3.72,2,False,False
475,2025-09-01,Finance,2.83,2,False,False
476,2025-09-01,Finance,4.11,2,False,False
477,2025-09-01,Operations,2.9,3,False,False
478,2025-09-01,Engineering,4.3,2,False,False
479,2025-09-01,Finance,3.33,7,False,False
480,2025-09-01,Engineering,3.98,2,False,False
481,2025-09-01,Sales,2.73,2,False,False
482,2025-09-01,Operations,2.85,3,False,False
483,2025-09-01,Sales,3.49,2,False,False
484,2025-09-01,Finance,3.87,3,False,False
485,2025-09-01,HR,2.96,4,False,False
486,2025-09-01,Sales,2.6,2,False,False
487,2025-09-01,Sales,2.66,3,False,False
488,2025-09-01,HR,2.23,1,False,False
489,2025-09-01,Finance,2.02,4,False,False
490,2025-09-01,Finance,3.53,1,False,False
491,2025-09-01,Operations,3.44,2,False,False
492,2025-09-01,Operations,3.27,2,False,False
493,2025-09-01,Finance,1.79,5,False,False
494,2025-09-01,Finance,2.85,3,False,False
495,2025-09-01,Sales,2.92,4,False,False
496,2025-09-01,HR,4.55,0,False,False
497,2025-09-01,Engineering,2.67,3,False,False
498,2025-09-01,Sales,2.71,4,False,False
499,2025-09-01,Operations,4.42,2,False,False
500,2025-09-01,HR,3.37,6,False,False
1,2025-10-01,Engineering,2.15,3,False,False
2,2025-10-01,Finance,3.51,3,False,False
3,2025-10-01,Finance,4.09,2,False,False
4,2025-10-01,HR,3.64,1,False,False
5,2025-10-01,HR,3.09,6,False,False
6,2025-10-01,Operations,2.26,2,False,False
7,2025-10-01,Engineering,3.74,3,False,False
8,2025-10-01,Finance,2.73,4,False,False
9,2025-10-01,Sales,2.74,4,False,False
10,2025-10-01,Engineering,3.6,3,False,False
11,2025-10-01,HR,4.18,2,False,False
12,2025-10-01,Operations,4.37,0,False,False
13,2025-10-01,Finance,4.37,2,False,False
14,2025-10-01,Finance,3.41,2,False,False
15,2025-10-01,Finance,3.93,1,False,False
16,2025-10-01,Finance,2.85,4,False,False
17,2025-10-01,HR,3.52,2,False,False
18,2025-10-01,Engineering,2.95,1,False,False
19,2025-10-01,Operations,3.37,3,False,False
20,2025-10-01,HR,3.32,3,False,False
21,2025-10-01,HR,2.47,2,False,False
22,2025-10-01,Sales,2.42,2,False,False
23,2025-10-01,Engineering,3.35,0,False,False
24,2025-10-01,Operations,3.29,4,False,False
25,2025-10-01,Finance,3.24,3,False,False
26,2025-10-01,Finance,3.55,3,False,False
27,2025-10-01,HR,3.26,5,False,False
28,2025-10-01,Operations,3.11,1,False,False
29,2025-10-01,HR,3.77,3,False,False
30,2025-10-01,HR,2.78,4,False,False
31,2025-10-01,HR,3.82,0,False,False
32,2025-10-01,Sales,2.71,4,False,False
33,2025-10-01,Engineering,2.1,4,False,False
34,2025-10-01,HR,2.27,2,False,False
35,2025-10-01,Operations,2.69,2,False,False
36,2025-10-01,Engineering,3.05,2,False,False
37,2025-10-01,Operations,2.82,5,False,False
38,2025-10-01,Operations,2.55,5,False,False
39,2025-10-01,Sales,3.69,4,False,False
40,2025-10-01,Finance,2.83,3,False,False
41,2025-10-01,Engineering,3.69,2,False,False
42,2025-10-01,Finance,3.08,4,False,False
43,2025-10-01,Finance,3.26,4,False,False
44,2025-10-01,Sales,1.78,6,False,False
45,2025-10-01,Engineering,3.68,3,False,False
46,2025-10-01,Operations,1.49,7,False,False
47,2025-10-01,HR,2.97,2,False,False
48,2025-10-01,Operations,3.31,1,False,False
49,2025-10-01,Finance,3.75,0,False,False
50,2025-10-01,Finance,3.97,3,False,False
51,2025-10-01,Finance,3.46,1,False,False
52,2025-10-01,Engineering,2.88,5,False,False
53,2025-10-01,Sales,3.84,2,False,False
54,2025-10-01,HR,2.44,3,False,False
55,2025-10-01,HR,3.61,1,False,False
56,2025-10-01,Engineering,3.79,1,False,False
57,2025-10-01,HR,3.2,4,False,False
58,2025-10-01,Engineering,4.11,3,False,False
59,2025-10-01,Finance,3.81,2,False,False
60,2025-10-01,Finance,3.01,1,False,False
61,2025-10-01,Operations,3.4,1,False,False
62,2025-10-01,Finance,3.02,1,False,False
63,2025-10-01,Sales,3.37,2,False,False
64,2025-10-01,Operations,2.23,4,False,False
65,2025-10-01,HR,2.93,4,False,False
66,2025-10-01,Sales,2.79,2,False,False
67,2025-10-01,Operations,3.03,3,False,False
68,2025-10-01,Sales,2.55,3,False,False
69,2025-10-01,Engineering,3.7,2,False,False
70,2025-10-01,HR,2.38,6,False,False
71,2025-10-01,Finance,3.5,5,False,False
72,2025-10-01,Engineering,3.37,1,False,False
73,2025-10-01,HR,4.05,2,False,False
74,2025-10-01,Engineering,2.14,2,False,False
75,2025-10-01,Finance,3.55,5,False,False
76,2025-10-01,HR,3.02,2,False,False
77,2025-10-01,Sales,3.79,3,False,False
78,2025-10-01,Sales,3.18,2,True,False
79,2025-10-01,HR,3.69,5,False,False
80,2025-10-01,Finance,2.75,1,False,False
81,2025-10-01,Operations,3.46,2,False,False
82,2025-10-01,HR,3.15,1,False,False
83,2025-10-01,Engineering,3.57,1,False,False
84,2025-10-01,Operations,2.5,6,False,False
85,2025-10-01,Finance,2.73,5,False,False
86,2025-10-01,Finance,3.11,2,False,False
87,2025-10-01,Engineering,3.86,4,False,False
88,2025-10-01,Sales,3.58,3,False,False
89,2025-10-01,Finance,3.56,1,False,False
90,2025-10-01,Operations,3.34,1,False,False
91,2025-10-01,HR,2.79,4,False,False
92,2025-10-01,Operations,3.3,4,False,False
93,2025-10-01,Operations,1.93,2,False,False
94,2025-10-01,Sales,3.08,2,False,False
95,2025-10-01,Operations,2.91,4,False,False
96,2025-10-01,Sales,4.28,2,False,False
97,2025-10-01,Sales,4.71,2,False,False
98,2025-10-01,Finance,3.12,3,False,False
99,2025-10-01,Finance,3.93,2,False,False
100,2025-10-01,Engineering,3.55,3,False,False
101,2025-10-01,Operations,3.04,4,False,False
102,2025-10-01,Engineering,3.89,2,False,False
103,2025-10-01,Operations,3.33,1,False,False
104,2025-10-01,Engineering,3.1,2,False,False
105,2025-10-01,Finance,3.32,3,False,False
106,2025-10-01,Finance,2.43,2,False,False
107,2025-10-01,Finance,2.23,4,False,False
108,2025-10-01,Finance,3.68,0,False,False
109,2025-10-01,HR,3.42,6,False,False
110,2025-10-01,Finance,3.29,3,False,False
111,2025-10-01,Sales,3.46,1,False,False
112,2025-10-01,Finance,3.67,5,False,False
113,2025-10-01,HR,3.59,4,False,False
114,2025-10-01,HR,2.53,3,False,False
115,2025-10-01,HR,3.72,2,False,False
116,2025-10-01,HR,3.87,3,False,False
117,2025-10-01,Engineering,3.34,2,False,False
118,2025-10-01,Engineering,3.71,6,False,False
119,2025-10-01,Sales,3.35,4,False,False
120,2025-10-01,Engineering,3.48,6,False,False
121,2025-10-01,HR,3.41,2,False,False
122,2025-10-01,Finance,3.73,3,False,False
123,2025-10-01,Finance,3.06,1,False,False
124,2025-10-01,HR,2.25,0,False,False
125,2025-10-01,Operations,3.47,4,False,False
126,2025-10-01,HR,2.1,4,False,False
127,2025-10-01,Engineering,2.65,5,False,False
128,2025-10-01,Finance,3.75,1,False,False
129,2025-10-01,HR,3.34,4,False,False
130,2025-10-01,Finance,3.9,3,False,False
131,2025-10-01,HR,3.25,0,False,False
132,2025-10-01,HR,2.3,0,False,False
133,2025-10-01,Engineering,3.07,4,False,False
134,2025-10-01,HR,2.94,3,False,False
135,2025-10-01,Finance,2.71,3,False,False
136,2025-10-01,Sales,4.06,4,False,False
137,2025-10-01,Finance,2.73,3,False,False
138,2025-10-01,Engineering,3.35,0,False,False
139,2025-10-01,Sales,2.96,2,True,False
140,2025-10-01,HR,3.61,1,False,False
141,2025-10-01,Operations,3.44,2,False,False
142,2025-10-01,Sales,3.09,4,False,False
143,2025-10-01,Sales,3.36,2,False,False
144,2025-10-01,HR,2.96,2,False,False
145,2025-10-01,Operations,3.08,1,False,False
146,2025-10-01,Operations,3.75,0,False,False
147,2025-10-01,Engineering,3.31,1,False,False
148,2025-10-01,Sales,3.05,3,False,False
149,2025-10-01,Operations,2.47,5,False,False
150,2025-10-01,Engineering,3.45,0,False,False
151,2025-10-01,Operations,3.18,2,False,False
152,2025-10-01,Sales,2.97,0,False,False
153,2025-10-01,Operations,3.39,0,False,False
154,2025-10-01,Sales,3.31,5,False,False
155,2025-10-01,HR,3.69,0,False,False
156,2025-10-01,Finance,3.19,3,False,False
157,2025-10-01,Engineering,3.73,6,False,False
158,2025-10-01,HR,3.29,3,False,False
159,2025-10-01,HR,2.59,4,False,False
160,2025-10-01,Finance,3.71,6,False,False
161,2025-10-01,Operations,1.81,4,False,False
162,2025-10-01,Finance,2.61,4,False,False
163,2025-10-01,HR,2.24,6,False,False
164,2025-10-01,HR,2.72,8,False,False
165,2025-10-01,HR,3.42,1,False,False
166,2025-10-01,Operations,3.7,1,False,False
167,2025-10-01,Sales,2.71,1,False,False
168,2025-10-01,Engineering,4.19,1,False,False
169,2025-10-01,Sales,4.14,2,False,False
170,2025-10-01,Engineering,3.15,1,False,False
171,2025-10-01,Engineering,4.38,1,False,False
172,2025-10-01,Engineering,3.68,5,False,False
173,2025-10-01,Finance,3.02,1,False,False
174,2025-10-01,Finance,2.97,2,False,False
175,2025-10-01,Finance,3.35,5,False,False
176,2025-10-01,HR,3.0,2,False,False
177,2025-10-01,Finance,3.88,1,False,False
178,2025-10-01,Engineering,1.77,5,False,False
179,2025-10-01,Operations,2.38,3,False,False
180,2025-10-01,HR,2.98,3,False,False
181,2025-10-01,Operations,3.19,4,False,False
182,2025-10-01,Engineering,2.84,3,False,False
183,2025-10-01,HR,2.7,6,False,False
184,2025-10-01,Finance,3.34,2,False,False
185,2025-10-01,HR,2.07,2,False,False
186,2025-10-01,HR,4.45,3,False,False
187,2025-10-01,Engineering,4.26,2,False,False
188,2025-10-01,Sales,2.91,1,False,False
189,2025-10-01,Sales,2.77,2,False,False
190,2025-10-01,Sales,2.96,3,False,False
191,2025-10-01,Finance,2.95,7,False,False
192,2025-10-01,Finance,3.5,1,False,False
193,2025-10-01,Finance,3.04,5,False,False
194,2025-10-01,Sales,3.56,2,False,False
195,2025-10-01,Operations,1.88,4,False,False
196,2025-10-01,Engineering,2.81,2,False,False
197,2025-10-01,Sales,3.64,1,False,False
198,2025-10-01,Engineering,3.51,2,False,False
199,2025-10-01,Sales,2.94,4,False,False
200,2025-10-01,Operations,2.0,2,False,False
201,2025-10-01,Sales,3.51,0,False,False
202,2025-10-01,Operations,2.82,4,False,False
203,2025-10-01,HR,3.12,3,False,False
204,2025-10-01,Finance,2.58,6,False,False
205,2025-10-01,HR,2.02,6,False,False
206,2025-10-01,Sales,3.14,6,False,False
207,2025-10-01,Finance,2.84,2,False,False
208,2025-10-01,Operations,3.75,1,False,False
209,2025-10-01,Sales,3.08,0,False,False
210,2025-10-01,Finance,4.08,3,False,False
211,2025-10-01,Sales,3.93,2,False,False
212,2025-10-01,Finance,3.18,1,False,False
213,2025-10-01,Finance,3.59,4,False,False
214,2025-10-01,HR,4.11,2,False,False
215,2025-10-01,Finance,4.45,1,False,False
216,2025-10-01,Sales,2.73,3,False,False
217,2025-10-01,Engineering,2.99,2,False,False
218,2025-10-01,Engineering,3.96,0,False,False
219,2025-10-01,HR,2.22,6,False,False
220,2025-10-01,Operations,2.5,5,False,False
221,2025-10-01,Engineering,2.78,4,False,False
222,2025-10-01,HR,3.59,1,False,False
223,2025-10-01,Finance,3.46,2,False,False
224,2025-10-01,Sales,2.5,3,False,False
225,2025-10-01,Finance,2.97,3,False,False
226,2025-10-01,Sales,2.38,2,False,False
227,2025-10-01,Operations,2.84,3,False,False
228,2025-10-01,HR,3.67,2,False,False
229,2025-10-01,HR,3.25,2,False,False
230,2025-10-01,Engineering,3.87,1,False,False
231,2025-10-01,HR,2.9,4,False,False
232,2025-10-01,Operations,2.96,4,False,False
233,2025-10-01,Engineering,3.43,4,False,False
234,2025-10-01,Finance,2.32,2,False,False
235,2025-10-01,HR,2.15,2,False,False
236,2025-10-01,Finance,2.49,3,False,False
237,2025-10-01,Finance,2.48,5,False,False
238,2025-10-01,HR,2.12,7,False,False
239,2025-10-01,Sales,3.91,0,False,False
240,2025-10-01,Finance,3.57,1,False,False
241,2025-10-01,Engineering,4.34,2,False,False
242,2025-10-01,HR,3.49,2,False,False
243,2025-10-01,Engineering,3.79,2,False,False
244,2025-10-01,Finance,2.51,2,False,False
245,2025-10-01,Finance,3.97,3,False,False
246,2025-10-01,Engineering,3.7,0,False,False
247,2025-10-01,Finance,3.01,5,False,False
248,2025-10-01,HR,2.93,3,False,False
249,2025-10-01,Finance,3.26,3,False,False
250,2025-10-01,Engineering,2.64,0,False,False
251,2025-10-01,Engineering,3.2,4,False,False
252,2025-10-01,HR,1.97,1,False,False
253,2025-10-01,Engineering,2.97,1,False,False
254,2025-10-01,Sales,3.73,2,False,False
255,2025-10-01,Finance,2.69,7,False,False
256,2025-10-01,Engineering,3.41,2,False,False
257,2025-10-01,Finance,3.85,3,False,False
258,2025-10-01,Engineering,3.57,2,False,False
259,2025-10-01,Engineering,3.64,1,False,False
260,2025-10-01,HR,4.07,1,False,False
261,2025-10-01,Finance,2.57,5,False,False
262,2025-10-01,Engineering,4.3,2,False,False
263,2025-10-01,Sales,3.51,1,False,False
264,2025-10-01,Operations,3.96,3,False,False
265,2025-10-01,Operations,2.9,4,False,False
266,2025-10-01,HR,3.14,3,False,False
267,2025-10-01,HR,2.22,7,False,False
268,2025-10-01,Sales,3.01,0,False,False
269,2025-10-01,Finance,2.0,4,False,False
270,2025-10-01,HR,3.39,5,False,False
271,2025-10-01,Sales,3.95,0,False,False
272,2025-10-01,Engineering,3.47,0,False,False
273,2025-10-01,Engineering,3.14,5,False,False
274,2025-10-01,Operations,3.04,4,False,False
275,2025-10-01,HR,3.02,2,False,False
276,2025-10-01,HR,3.96,4,False,False
277,2025-10-01,HR,2.84,2,False,False
278,2025-10-01,Finance,3.58,2,False,False
279,2025-10-01,Engineering,2.75,1,False,False
280,2025-10-01,Engineering,4.44,1,False,False
281,2025-10-01,Sales,3.58,1,False,False
282,2025-10-01,HR,3.69,8,False,False
283,2025-10-01,Finance,2.66,1,False,False
284,2025-10-01,HR,2.66,5,False,False
285,2025-10-01,HR,2.9,5,False,False
286,2025-10-01,Operations,2.8,4,False,False
287,2025-10-01,Engineering,3.19,0,False,False
288,2025-10-01,HR,3.69,2,False,False
289,2025-10-01,HR,3.36,2,False,False
290,2025-10-01,HR,3.33,1,False,False
291,2025-10-01,Operations,3.55,3,False,False
292,2025-10-01,Sales,2.77,3,False,False
293,2025-10-01,Operations,3.63,3,False,False
294,2025-10-01,Sales,3.03,9,False,False
295,2025-10-01,HR,2.99,5,False,False
296,2025-10-01,HR,2.31,9,False,False
297,2025-10-01,Operations,4.46,0,False,False
298,2025-10-01,HR,3.15,2,False,False
299,2025-10-01,Sales,2.71,1,False,False
300,2025-10-01,Engineering,3.73,1,False,False
301,2025-10-01,Sales,1.45,2,False,False
302,2025-10-01,Operations,1.9,8,False,False
303,2025-10-01,Engineering,3.83,5,False,False
304,2025-10-01,Operations,3.33,5,False,False
305,2025-10-01,HR,3.51,4,False,False
306,2025-10-01,Engineering,2.98,3,False,False
307,2025-10-01,Sales,3.15,4,False,False
308,2025-10-01,HR,3.6,3,False,False
309,2025-10-01,Sales,3.55,2,False,False
310,2025-10-01,Engineering,4.2,1,False,False
311,2025-10-01,Finance,2.48,1,False,False
312,2025-10-01,Finance,3.54,7,False,False
313,2025-10-01,Engineering,2.5,3,False,False
314,2025-10-01,Sales,3.07,3,False,False
315,2025-10-01,Sales,3.94,1,False,False
316,2025-10-01,Finance,2.85,5,False,False
317,2025-10-01,Finance,2.58,3,False,False
318,2025-10-01,Finance,2.31,1,False,False
319,2025-10-01,Operations,2.82,6,False,False
320,2025-10-01,Finance,3.81,1,False,False
321,2025-10-01,Sales,1.65,5,False,False
322,2025-10-01,Engineering,3.74,6,False,False
323,2025-10-01,Finance,3.22,2,False,False
324,2025-10-01,Operations,3.17,1,False,False
325,2025-10-01,Operations,2.18,4,False,False
326,2025-10-01,Sales,2.38,3,False,False
327,2025-10-01,Sales,3.89,5,False,False
328,2025-10-01,Engineering,2.25,0,False,False
329,2025-10-01,Engineering,3.78,1,False,False
330,2025-10-01,HR,1.98,3,False,False
331,2025-10-01,HR,3.33,2,False,False
332,2025-10-01,Sales,2.6,5,False,False
333,2025-10-01,Sales,3.34,5,False,False
334,2025-10-01,Operations,3.18,3,False,False
335,2025-10-01,HR,4.23,2,False,False
336,2025-10-01,Operations,3.1,2,False,False
337,2025-10-01,Operations,3.47,3,False,False
338,2025-10-01,Sales,2.11,3,False,False
339,2025-10-01,Sales,3.32,3,False,False
340,2025-10-01,Operations,3.02,2,False,False
341,2025-10-01,Finance,3.02,6,False,False
342,2025-10-01,Sales,3.23,6,False,False
343,2025-10-01,Finance,2.64,3,False,False
344,2025-10-01,HR,2.59,4,False,False
345,2025-10-01,Operations,3.08,3,False,False
346,2025-10-01,Sales,2.86,1,False,False
347,2025-10-01,Operations,1.78,4,False,False
348,2025-10-01,Operations,2.63,4,False,False
349,2025-10-01,Engineering,3.77,2,False,False
350,2025-10-01,Engineering,2.46,3,False,False
351,2025-10-01,HR,3.15,2,False,False
352,2025-10-01,Engineering,3.9,0,False,False
353,2025-10-01,Sales,3.78,0,False,False
354,2025-10-01,HR,2.92,3,False,False
355,2025-10-01,Operations,3.72,3,False,False
356,2025-10-01,Operations,3.47,1,False,False
357,2025-10-01,Engineering,3.35,1,False,False
358,2025-10-01,Operations,3.98,1,False,False
359,2025-10-01,Engineering,3.37,0,False,False
360,2025-10-01,Finance,3.42,3,False,False
361,2025-10-01,Operations,3.73,2,False,False
362,2025-10-01,Operations,3.75,1,False,False
363,2025-10-01,Sales,2.4,4,False,False
364,2025-10-01,Operations,2.79,5,False,False
365,2025-10-01,Engineering,4.84,1,False,False
366,2025-10-01,HR,3.54,4,False,False
367,2025-10-01,HR,3.02,1,False,False
368,2025-10-01,Sales,3.78,1,False,False
369,2025-10-01,Engineering,3.26,6,False,False
370,2025-10-01,Finance,2.58,5,False,False
371,2025-10-01,Sales,3.29,1,False,False
372,2025-10-01,Finance,2.43,2,False,False
373,2025-10-01,HR,2.83,4,False,False
374,2025-10-01,Sales,3.59,5,False,False
375,2025-10-01,Operations,3.54,2,False,False
376,2025-10-01,Engineering,3.35,3,False,False
377,2025-10-01,Finance,2.95,3,False,False
378,2025-10-01,Finance,3.06,4,False,False
379,2025-10-01,Sales,3.16,1,False,False
380,2025-10-01,Sales,3.05,2,False,False
381,2025-10-01,Engineering,3.31,1,False,False
382,2025-10-01,Operations,2.49,4,False,False
383,2025-10-01,Operations,3.53,6,False,False
384,2025-10-01,Sales,2.59,3,False,False
385,2025-10-01,Engineering,3.93,0,False,False
386,2025-10-01,Engineering,3.13,6,False,False
387,2025-10-01,Engineering,3.61,3,False,False
388,2025-10-01,Operations,3.46,0,False,False
389,2025-10-01,Operations,3.04,1,False,False
390,2025-10-01,Engineering,2.37,7,False,False
391,2025-10-01,Finance,3.14,1,False,False
392,2025-10-01,Engineering,3.81,3,False,False
393,2025-10-01,Sales,2.41,2,False,False
394,2025-10-01,HR,3.36,3,False,False
395,2025-10-01,Finance,3.52,5,False,False
396,2025-10-01,Operations,3.38,1,False,False
397,2025-10-01,Engineering,3.44,0,False,False
398,2025-10-01,Engineering,3.04,2,False,False
399,2025-10-01,Sales,3.53,1,False,False
400,2025-10-01,Sales,3.95,3,False,False
401,2025-10-01,Operations,1.24,8,False,False
402,2025-10-01,Finance,2.59,1,False,False
403,2025-10-01,Sales,2.61,3,True,False
404,2025-10-01,Operations,2.72,2,False,False
405,2025-10-01,HR,3.18,2,False,False
406,2025-10-01,HR,4.0,3,False,False
407,2025-10-01,HR,2.4,3,False,False
408,2025-10-01,Engineering,2.99,2,False,False
409,2025-10-01,Operations,2.33,9,False,False
410,2025-10-01,Engineering,2.6,1,False,False
411,2025-10-01,Engineering,4.23,0,False,False
412,2025-10-01,Sales,2.63,3,False,False
413,2025-10-01,Sales,3.21,0,False,False
414,2025-10-01,Engineering,2.83,5,False,False
415,2025-10-01,Engineering,4.37,2,False,False
416,2025-10-01,Finance,3.56,3,False,False
417,2025-10-01,Operations,3.04,3,False,False
418,2025-10-01,Engineering,3.91,3,False,False
419,2025-10-01,Sales,2.23,3,False,False
420,2025-10-01,HR,3.8,4,False,False
421,2025-10-01,Operations,3.43,2,False,False
422,2025-10-01,Finance,3.11,0,False,False
423,2025-10-01,Finance,3.0,2,False,False
424,2025-10-01,HR,2.44,7,False,False
425,2025-10-01,HR,3.26,6,False,False
426,2025-10-01,Engineering,3.97,1,False,False
427,2025-10-01,Operations,3.51,3,False,False
428,2025-10-01,Operations,2.87,3,False,False
429,2025-10-01,Engineering,3.42,2,False,False
430,2025-10-01,Finance,3.03,3,False,False
431,2025-10-01,Engineering,4.65,2,False,False
432,2025-10-01,Finance,2.75,3,False,False
433,2025-10-01,Operations,3.38,2,False,False
434,2025-10-01,Engineering,4.33,2,False,False
435,2025-10-01,HR,2.79,2,False,False
436,2025-10-01,Engineering,4.93,0,False,False
437,2025-10-01,HR,3.38,6,False,False
438,2025-10-01,Operations,3.2,1,False,False
439,2025-10-01,Engineering,3.24,1,False,False
440,2025-10-01,Sales,3.07,3,False,False
441,2025-10-01,Operations,3.33,6,False,False
442,2025-10-01,Sales,3.34,1,False,False
443,2025-10-01,Engineering,4.41,1,False,False
444,2025-10-01,HR,2.92,5,False,False
445,2025-10-01,HR,2.3,6,False,False
446,2025-10-01,Finance,3.18,0,False,False
447,2025-10-01,Sales,4.27,3,False,False
448,2025-10-01,Operations,3.01,1,False,False
449,2025-10-01,HR,3.81,1,False,False
450,2025-10-01,Sales,2.88,3,False,False
451,2025-10-01,Operations,2.31,3,False,False
452,2025-10-01,Operations,2.53,2,False,False
453,2025-10-01,HR,2.49,2,False,False
454,2025-10-01,Engineering,3.71,2,False,False
455,2025-10-01,HR,3.3,1,False,False
456,2025-10-01,HR,2.75,3,False,False
457,2025-10-01,Engineering,1.71,5,False,False
458,2025-10-01,Finance,2.84,4,False,False
459,2025-10-01,Operations,4.2,1,False,False
460,2025-10-01,Engineering,2.88,2,False,False
461,2025-10-01,Finance,3.12,14,False,False
462,2025-10-01,Engineering,2.7,5,False,False
463,2025-10-01,Finance,4.3,3,False,False
464,2025-10-01,HR,2.78,3,False,False
465,2025-10-01,Engineering,3.95,5,False,False
466,2025-10-01,Operations,4.51,1,False,False
467,2025-10-01,Engineering,3.88,0,False,False
468,2025-10-01,HR,2.83,7,False,False
469,2025-10-01,Engineering,3.39,1,False,False
470,2025-10-01,Operations,2.31,5,False,False
471,2025-10-01,Finance,3.27,1,False,False
472,2025-10-01,Operations,2.95,2,False,False
473,2025-10-01,HR,3.04,3,False,False
474,2025-10-01,HR,3.77,5,False,False
475,2025-10-01,Finance,2.79,6,False,False
476,2025-10-01,Finance,3.94,3,False,False
477,2025-10-01,Operations,2.74,6,False,False
478,2025-10-01,Engineering,4.26,2,False,False
479,2025-10-01,Finance,3.21,3,False,False
480,2025-10-01,Engineering,4.22,0,False,False
481,2025-10-01,Sales,2.82,2,False,False
482,2025-10-01,Operations,2.95,1,False,False
483,2025-10-01,Sales,3.55,3,False,False
484,2025-10-01,Finance,3.82,4,False,False
485,2025-10-01,HR,3.2,5,False,False
486,2025-10-01,Sales,2.63,7,False,False
487,2025-10-01,Sales,2.51,3,False,False
488,2025-10-01,HR,2.28,5,False,False
489,2025-10-01,Finance,2.17,4,False,False
490,2025-10-01,Finance,3.55,0,False,False
491,2025-10-01,Operations,3.41,3,False,False
492,2025-10-01,Operations,2.92,7,False,False
493,2025-10-01,Finance,1.81,3,False,False
494,2025-10-01,Finance,3.16,1,False,False
495,2025-10-01,Sales,3.07,1,False,False
496,2025-10-01,HR,4.2,4,False,False
497,2025-10-01,Engineering,2.61,6,False,False
498,2025-10-01,Sales,2.72,5,False,False
499,2025-10-01,Operations,4.41,1,False,False
500,2025-10-01,HR,3.18,6,False,False
1,2025-11-01,Engineering,2.34,5,False,False
2,2025-11-01,Finance,3.37,3,False,False
3,2025-11-01,Finance,3.99,0,False,False
4,2025-11-01,HR,3.68,4,False,False
5,2025-11-01,HR,3.08,2,False,False
6,2025-11-01,Operations,2.4,6,False,False
7,2025-11-01,Engineering,3.6,1,False,False
8,2025-11-01,Finance,2.77,3,False,False
9,2025-11-01,Sales,2.57,9,False,False
10,2025-11-01,Engineering,3.7,1,False,False
11,2025-11-01,HR,4.19,3,False,False
12,2025-11-01,Operations,4.04,3,False,False
13,2025-11-01,Finance,4.24,1,False,False
14,2025-11-01,Finance,3.54,1,False,False
15,2025-11-01,Finance,4.05,1,False,False
16,2025-11-01,Finance,3.06,5,False,False
17,2025-11-01,HR,3.44,4,False,False
18,2025-11-01,Engineering,2.91,4,False,False
19,2025-11-01,Operations,3.56,2,False,False
20,2025-11-01,HR,3.05,4,False,False
21,2025-11-01,HR,2.67,5,False,False
22,2025-11-01,Sales,2.72,3,False,False
23,2025-11-01,Engineering,3.29,1,False,False
24,2025-11-01,Operations,3.1,7,False,False
25,2025-11-01,Finance,2.86,4,False,False
26,2025-11-01,Finance,3.46,1,False,False
27,2025-11-01,HR,3.38,1,False,False
28,2025-11-01,Operations,2.97,2,False,False
29,2025-11-01,HR,3.57,1,False,False
30,2025-11-01,HR,2.76,3,False,False
31,2025-11-01,HR,4.04,2,False,False
32,2025-11-01,Sales,2.61,7,False,False
33,2025-11-01,Engineering,2.13,4,False,False
34,2025-11-01,HR,2.32,4,False,False
35,2025-11-01,Operations,2.71,4,False,False
36,2025-11-01,Engineering,3.15,3,False,False
37,2025-11-01,Operations,2.61,3,False,False
38,2025-11-01,Operations,2.55,0,False,False
39,2025-11-01,Sales,3.64,3,False,False
40,2025-11-01,Finance,2.91,2,False,False
41,2025-11-01,Engineering,3.76,3,False,False
42,2025-11-01,Finance,3.04,5,False,False
43,2025-11-01,Finance,3.15,3,False,False
44,2025-11-01,Sales,1.84,9,False,False
45,2025-11-01,Engineering,3.55,3,False,False
46,2025-11-01,Operations,1.63,6,False,False
47,2025-11-01,HR,2.96,1,False,False
48,2025-11-01,Operations,3.35,4,False,False
49,2025-11-01,Finance,3.94,1,False,False
50,2025-11-01,Finance,3.94,1,False,False
51,2025-11-01,Finance,3.64,1,False,False
52,2025-11-01,Engineering,3.02,5,False,False
53,2025-11-01,Sales,3.74,3,False,False
54,2025-11-01,HR,2.65,8,False,False
55,2025-11-01,HR,3.61,2,False,False
56,2025-11-01,Engineering,3.74,6,False,False
57,2025-11-01,HR,3.09,6,False,False
58,2025-11-01,Engineering,3.82,1,False,False
59,2025-11-01,Finance,3.77,3,False,False
60,2025-11-01,Finance,3.13,3,False,False
61,2025-11-01,Operations,3.58,1,False,False
62,2025-11-01,Finance,3.1,3,False,False
63,2025-11-01,Sales,3.18,4,False,False
64,2025-11-01,Operations,2.23,4,False,False
65,2025-11-01,HR,3.03,2,False,False
66,2025-11-01,Sales,2.69,4,False,False
67,2025-11-01,Operations,2.93,9,False,False
68,2025-11-01,Sales,2.52,5,False,False
69,2025-11-01,Engineering,3.78,2,False,False
70,2025-11-01,HR,2.25,7,False,False
71,2025-11-01,Finance,3.58,1,False,False
72,2025-11-01,Engineering,3.3,9,False,False
73,2025-11-01,HR,4.19,1,False,False
74,2025-11-01,Engineering,1.93,5,False,False
75,2025-11-01,Finance,3.28,3,False,False
76,2025-11-01,HR,2.91,1,False,False
77,2025-11-01,Sales,3.49,2,False,False
78,2025-11-01,Sales,3.06,1,False,False
79,2025-11-01,HR,3.65,3,False,False
80,2025-11-01,Finance,2.69,5,False,False
81,2025-11-01,Operations,3.39,3,False,False
82,2025-11-01,HR,3.14,0,False,False
83,2025-11-01,Engineering,3.36,1,False,False
84,2025-11-01,Operations,2.36,3,False,False
85,2025-11-01,Finance,3.08,4,False,False
86,2025-11-01,Finance,3.26,1,False,False
87,2025-11-01,Engineering,3.82,4,False,False
88,2025-11-01,Sales,3.68,7,False,False
89,2025-11-01,Finance,3.27,6,False,False
90,2025-11-01,Operations,3.12,5,False,False
91,2025-11-01,HR,2.83,5,False,False
92,2025-11-01,Operations,3.33,2,False,False
93,2025-11-01,Operations,1.95,5,False,False
94,2025-11-01,Sales,3.19,2,False,False
95,2025-11-01,Operations,2.97,5,False,False
96,2025-11-01,Sales,4.22,0,False,False
97,2025-11-01,Sales,4.67,2,False,False
98,2025-11-01,Finance,3.07,3,False,False
99,2025-11-01,Finance,3.96,2,False,False
100,2025-11-01,Engineering,3.47,4,False,False
101,2025-11-01,Operations,3.05,5,False,False
102,2025-11-01,Engineering,3.63,2,False,False
103,2025-11-01,Operations,3.26,2,False,False
104,2025-11-01,Engineering,3.1,2,False,False
105,2025-11-01,Finance,3.49,1,False,False
106,2025-11-01,Finance,2.32,4,False,False
107,2025-11-01,Finance,2.32,5,False,False
108,2025-11-01,Finance,3.56,3,False,False
109,2025-11-01,HR,3.47,0,False,False
110,2025-11-01,Finance,3.11,4,False,False
111,2025-11-01,Sales,3.53,1,False,False
112,2025-11-01,Finance,3.68,2,False,False
113,2025-11-01,HR,3.34,3,False,False
114,2025-11-01,HR,2.62,4,False,False
115,2025-11-01,HR,3.97,2,False,False
116,2025-11-01,HR,4.05,3,False,False
117,2025-11-01,Engineering,3.5,4,False,False
118,2025-11-01,Engineering,3.56,0,False,False
119,2025-11-01,Sales,3.18,5,False,False
120,2025-11-01,Engineering,3.47,2,False,False
121,2025-11-01,HR,3.22,6,False,False
122,2025-11-01,Finance,3.68,3,False,False
123,2025-11-01,Finance,3.14,6,False,False
124,2025-11-01,HR,2.32,8,False,False
125,2025-11-01,Operations,3.59,2,False,False
126,2025-11-01,HR,2.04,9,False,False
127,2025-11-01,Engineering,3.01,2,False,False
128,2025-11-01,Finance,3.65,1,False,False
129,2025-11-01,HR,3.38,3,False,False
130,2025-11-01,Finance,3.8,0,False,False
131,2025-11-01,HR,3.06,3,False,False
132,2025-11-01,HR,2.31,3,False,False
133,2025-11-01,Engineering,3.3,1,False,False
134,2025-11-01,HR,2.86,5,False,False
135,2025-11-01,Finance,2.78,1,False,False
136,2025-11-01,Sales,3.99,0,False,False
137,2025-11-01,Finance,2.61,5,False,False
138,2025-11-01,Engineering,3.22,1,False,False
139,2025-11-01,Sales,3.05,1,False,False
140,2025-11-01,HR,3.59,0,False,False
141,2025-11-01,Operations,3.26,3,False,False
142,2025-11-01,Sales,3.14,4,False,False
143,2025-11-01,Sales,3.39,1,False,False
144,2025-11-01,HR,2.96,1,False,False
145,2025-11-01,Operations,3.38,5,False,False
146,2025-11-01,Operations,3.67,2,False,False
147,2025-11-01,Engineering,3.5,0,False,False
148,2025-11-01,Sales,2.71,2,False,False
149,2025-11-01,Operations,2.36,3,False,False
150,2025-11-01,Engineering,3.31,2,False,False
151,2025-11-01,Operations,3.06,1,False,False
152,2025-11-01,Sales,2.85,3,False,False
153,2025-11-01,Operations,3.3,1,False,False
154,2025-11-01,Sales,3.53,1,False,False
155,2025-11-01,HR,3.86,5,False,False
156,2025-11-01,Finance,3.38,5,False,False
157,2025-11-01,Engineering,3.61,1,False,False
158,2025-11-01,HR,3.22,2,False,False
159,2025-11-01,HR,2.61,5,False,False
160,2025-11-01,Finance,3.71,3,False,False
161,2025-11-01,Operations,1.75,6,False,False
162,2025-11-01,Finance,2.66,3,False,False
163,2025-11-01,HR,2.31,3,False,False
164,2025-11-01,HR,2.77,6,False,False
165,2025-11-01,HR,3.44,2,False,False
166,2025-11-01,Operations,3.59,1,False,False
167,2025-11-01,Sales,2.86,7,False,False
168,2025-11-01,Engineering,4.04,4,False,False
169,2025-11-01,Sales,3.96,1,False,False
170,2025-11-01,Engineering,3.09,3,False,False
171,2025-11-01,Engineering,4.33,3,False,False
172,2025-11-01,Engineering,3.59,1,False,False
173,2025-11-01,Finance,3.09,5,False,False
174,2025-11-01,Finance,2.99,3,False,False
175,2025-11-01,Finance,3.37,7,False,False
176,2025-11-01,HR,3.22,5,False,False
177,2025-11-01,Finance,4.11,1,False,False
178,2025-11-01,Engineering,1.73,2,False,False
179,2025-11-01,Operations,2.3,2,False,False
180,2025-11-01,HR,2.66,2,False,False
181,2025-11-01,Operations,3.08,4,False,False
182,2025-11-01,Engineering,2.72,6,False,False
183,2025-11-01,HR,2.5,4,False,False
184,2025-11-01,Finance,3.1,1,False,False
185,2025-11-01,HR,2.16,1,False,False
186,2025-11-01,HR,4.72,1,False,False
187,2025-11-01,Engineering,4.28,3,False,False
188,2025-11-01,Sales,2.84,1,False,False
189,2025-11-01,Sales,2.49,2,False,False
190,2025-11-01,Sales,2.89,3,False,False
191,2025-11-01,Finance,2.73,6,False,False
192,2025-11-01,Finance,3.34,3,False,False
193,2025-11-01,Finance,3.21,2,False,False
194,2025-11-01,Sales,3.73,4,False,False
195,2025-11-01,Operations,2.1,2,False,False
196,2025-11-01,Engineering,2.81,5,False,False
197,2025-11-01,Sales,3.51,2,False,False
198,2025-11-01,Engineering,3.68,2,False,False
199,2025-11-01,Sales,2.9,1,False,False
200,2025-11-01,Operations,1.92,6,False,False
201,2025-11-01,Sales,3.63,1,False,False
202,2025-11-01,Operations,2.78,5,False,False
203,2025-11-01,HR,2.85,3,False,False
204,2025-11-01,Finance,2.76,6,False,False
205,2025-11-01,HR,1.9,3,False,False
206,2025-11-01,Sales,3.09,0,False,False
207,2025-11-01,Finance,3.0,3,False,False
208,2025-11-01,Operations,3.54,2,False,False
209,2025-11-01,Sales,3.11,2,False,False
210,2025-11-01,Finance,3.86,1,False,False
211,2025-11-01,Sales,3.79,3,False,False
212,2025-11-01,Finance,2.98,5,False,False
213,2025-11-01,Finance,3.64,4,False,False
214,2025-11-01,HR,4.2,3,False,False
215,2025-11-01,Finance,4.61,1,False,False
216,2025-11-01,Sales,2.68,3,False,False
217,2025-11-01,Engineering,2.86,3,False,False
218,2025-11-01,Engineering,4.0,3,False,False
219,2025-11-01,HR,2.33,4,False,False
220,2025-11-01,Operations,2.53,6,False,False
221,2025-11-01,Engineering,2.72,2,False,False
222,2025-11-01,HR,3.76,2,False,False
223,2025-11-01,Finance,3.53,3,False,False
224,2025-11-01,Sales,2.31,2,True,False
225,2025-11-01,Finance,3.01,5,False,False
226,2025-11-01,Sales,2.46,2,False,False
227,2025-11-01,Operations,2.84,2,False,False
228,2025-11-01,HR,3.61,2,False,False
229,2025-11-01,HR,3.1,3,False,False
230,2025-11-01,Engineering,3.9,2,False,False
231,2025-11-01,HR,3.04,4,False,False
232,2025-11-01,Operations,2.9,4,False,False
233,2025-11-01,Engineering,3.41,1,False,False
234,2025-11-01,Finance,2.25,2,False,False
235,2025-11-01,HR,2.01,8,False,False
236,2025-11-01,Finance,2.53,5,False,False
237,2025-11-01,Finance,2.3,5,False,False
238,2025-11-01,HR,2.27,3,False,False
239,2025-11-01,Sales,4.15,0,False,False
240,2025-11-01,Finance,3.64,1,False,False
241,2025-11-01,Engineering,4.55,2,False,False
242,2025-11-01,HR,3.44,2,False,False
243,2025-11-01,Engineering,3.85,3,False,False
244,2025-11-01,Finance,2.47,3,False,False
245,2025-11-01,Finance,3.95,5,False,False
246,2025-11-01,Engineering,3.78,2,False,False
247,2025-11-01,Finance,2.94,1,False,False
248,2025-11-01,HR,3.23,3,False,False
249,2025-11-01,Finance,3.38,4,False,False
250,2025-11-01,Engineering,2.69,1,False,False
251,2025-11-01,Engineering,3.24,0,False,False
252,2025-11-01,HR,2.1,2,False,False
253,2025-11-01,Engineering,3.11,3,False,False
254,2025-11-01,Sales,3.89,0,False,False
255,2025-11-01,Finance,2.95,4,False,False
256,2025-11-01,Engineering,3.31,2,False,False
257,2025-11-01,Finance,3.61,3,False,False
258,2025-11-01,Engineering,3.22,2,False,False
259,2025-11-01,Engineering,3.52,2,False,False
260,2025-11-01,HR,3.98,3,False,False
261,2025-11-01,Finance,2.38,5,False,False
262,2025-11-01,Engineering,4.27,1,False,False
263,2025-11-01,Sales,3.16,4,False,False
264,2025-11-01,Operations,4.13,4,False,False
265,2025-11-01,Operations,2.9,2,False,False
266,2025-11-01,HR,3.19,6,False,False
267,2025-11-01,HR,2.21,4,False,False
268,2025-11-01,Sales,3.06,5,False,False
269,2025-11-01,Finance,2.02,4,False,False
270,2025-11-01,HR,3.51,3,False,False
271,2025-11-01,Sales,4.24,2,False,False
272,2025-11-01,Engineering,3.38,5,False,False
273,2025-11-01,Engineering,2.96,5,False,False
274,2025-11-01,Operations,3.14,4,False,False
275,2025-11-01,HR,3.19,8,False,False
276,2025-11-01,HR,3.59,5,False,False
277,2025-11-01,HR,3.04,5,False,False
278,2025-11-01,Finance,3.88,2,False,False
279,2025-11-01,Engineering,2.75,3,False,False
280,2025-11-01,Engineering,4.2,3,False,False
281,2025-11-01,Sales,3.59,0,False,False
282,2025-11-01,HR,3.61,4,False,False
283,2025-11-01,Finance,2.47,3,False,False
284,2025-11-01,HR,2.64,4,False,False
285,2025-11-01,HR,2.82,2,False,False
286,2025-11-01,Operations,2.82,1,False,False
287,2025-11-01,Engineering,3.22,0,False,False
288,2025-11-01,HR,3.56,7,False,False
289,2025-11-01,HR,3.45,3,False,False
290,2025-11-01,HR,3.52,1,False,False
291,2025-11-01,Operations,3.29,2,False,False
292,2025-11-01,Sales,3.13,6,False,False
293,2025-11-01,Operations,3.56,0,False,False
294,2025-11-01,Sales,3.18,2,False,False
295,2025-11-01,HR,2.9,5,False,False
296,2025-11-01,HR,2.46,1,False,False
297,2025-11-01,Operations,4.52,1,False,False
298,2025-11-01,HR,3.14,1,False,False
299,2025-11-01,Sales,2.89,0,False,False
300,2025-11-01,Engineering,3.8,1,False,False
301,2025-11-01,Sales,1.64,3,False,False
302,2025-11-01,Operations,2.03,8,False,False
303,2025-11-01,Engineering,3.9,1,False,False
304,2025-11-01,Operations,3.43,3,False,False
305,2025-11-01,HR,3.36,3,False,False
306,2025-11-01,Engineering,3.09,1,False,False
307,2025-11-01,Sales,3.09,2,False,False
308,2025-11-01,HR,3.6,1,False,False
309,2025-11-01,Sales,3.27,1,False,False
310,2025-11-01,Engineering,3.89,0,False,False
311,2025-11-01,Finance,2.53,6,False,False
312,2025-11-01,Finance,3.36,3,False,False
313,2025-11-01,Engineering,2.5,1,False,False
314,2025-11-01,Sales,2.94,4,False,False
315,2025-11-01,Sales,3.88,3,False,False
316,2025-11-01,Finance,2.98,3,False,False
317,2025-11-01,Finance,2.36,2,False,False
318,2025-11-01,Finance,2.29,3,False,False
319,2025-11-01,Operations,2.67,3,False,False
320,2025-11-01,Finance,3.58,1,False,False
321,2025-11-01,Sales,1.46,7,False,False
322,2025-11-01,Engineering,3.86,3,False,False
323,2025-11-01,Finance,2.95,2,False,False
324,2025-11-01,Operations,3.1,3,False,False
325,2025-11-01,Operations,2.0,2,False,False
326,2025-11-01,Sales,2.21,0,False,False
327,2025-11-01,Sales,3.9,2,False,False
328,2025-11-01,Engineering,2.34,2,False,False
329,2025-11-01,Engineering,3.82,2,False,False
330,2025-11-01,HR,1.88,10,False,False
331,2025-11-01,HR,3.21,1,False,False
332,2025-11-01,Sales,2.48,5,False,False
333,2025-11-01,Sales,3.46,4,False,False
334,2025-11-01,Operations,2.97,2,False,False
335,2025-11-01,HR,4.19,2,False,False
336,2025-11-01,Operations,3.21,3,False,False
337,2025-11-01,Operations,3.63,5,False,False
338,2025-11-01,Sales,2.09,5,False,False
339,2025-11-01,Sales,3.26,4,False,False
340,2025-11-01,Operations,2.98,2,False,False
341,2025-11-01,Finance,2.66,3,False,False
342,2025-11-01,Sales,3.02,2,False,False
343,2025-11-01,Finance,2.68,5,False,False
344,2025-11-01,HR,2.69,3,False,False
345,2025-11-01,Operations,3.18,1,False,False
346,2025-11-01,Sales,2.82,2,False,False
347,2025-11-01,Operations,1.99,6,False,False
348,2025-11-01,Operations,2.66,3,False,False
349,2025-11-01,Engineering,3.86,0,False,False
350,2025-11-01,Engineering,2.63,3,False,False
351,2025-11-01,HR,2.98,6,False,False
352,2025-11-01,Engineering,4.2,3,False,False
353,2025-11-01,Sales,3.53,2,False,False
354,2025-11-01,HR,2.86,2,False,False
355,2025-11-01,Operations,3.74,4,False,False
356,2025-11-01,Operations,3.77,5,False,False
357,2025-11-01,Engineering,3.55,2,False,False
358,2025-11-01,Operations,4.25,1,False,False
359,2025-11-01,Engineering,3.45,1,False,False
360,2025-11-01,Finance,3.12,2,False,False
361,2025-11-01,Operations,3.62,2,False,False
362,2025-11-01,Operations,3.89,4,False,False
363,2025-11-01,Sales,2.34,3,False,False
364,2025-11-01,Operations,2.86,6,False,False
365,2025-11-01,Engineering,4.88,2,False,False
366,2025-11-01,HR,3.63,2,False,False
367,2025-11-01,HR,3.02,4,False,False
368,2025-11-01,Sales,3.83,0,False,False
369,2025-11-01,Engineering,3.22,3,False,False
370,2025-11-01,Finance,2.6,3,False,False
371,2025-11-01,Sales,3.37,4,False,False
372,2025-11-01,Finance,2.34,5,False,False
373,2025-11-01,HR,2.99,4,False,False
374,2025-11-01,Sales,3.66,4,False,False
375,2025-11-01,Operations,3.51,2,False,False
376,2025-11-01,Engineering,3.07,2,False,False
377,2025-11-01,Finance,3.11,1,False,False
378,2025-11-01,Finance,3.05,1,False,False
379,2025-11-01,Sales,3.15,3,False,False
380,2025-11-01,Sales,3.06,6,False,False
381,2025-11-01,Engineering,3.35,2,False,False
382,2025-11-01,Operations,2.68,1,False,False
383,2025-11-01,Operations,3.48,2,False,False
384,2025-11-01,Sales,2.48,5,False,False
385,2025-11-01,Engineering,3.98,1,False,False
386,2025-11-01,Engineering,3.05,1,False,False
387,2025-11-01,Engineering,3.55,3,False,False
388,2025-11-01,Operations,3.33,0,False,False
389,2025-11-01,Operations,3.28,5,False,False
390,2025-11-01,Engineering,2.38,3,False,False
391,2025-11-01,Finance,3.06,4,False,False
392,2025-11-01,Engineering,3.79,1,False,False
393,2025-11-01,Sales,2.33,4,False,False
394,2025-11-01,HR,3.25,4,False,False
395,2025-11-01,Finance,3.51,0,False,False
396,2025-11-01,Operations,3.45,4,False,False
397,2025-11-01,Engineering,3.26,1,False,False
398,2025-11-01,Engineering,2.9,3,False,False
399,2025-11-01,Sales,3.44,2,False,False
400,2025-11-01,Sales,3.87,5,False,False
401,2025-11-01,Operations,1.3,6,False,False
402,2025-11-01,Finance,2.66,1,False,False
403,2025-11-01,Sales,2.66,4,False,False
404,2025-11-01,Operations,2.42,6,False,False
405,2025-11-01,HR,2.95,4,False,False
406,2025-11-01,HR,3.79,7,False,False
407,2025-11-01,HR,2.5,4,False,False
408,2025-11-01,Engineering,2.98,2,False,False
409,2025-11-01,Operations,2.53,4,False,False
410,2025-11-01,Engineering,2.54,4,False,False
411,2025-11-01,Engineering,4.43,0,False,False
412,2025-11-01,Sales,2.61,4,False,False
413,2025-11-01,Sales,3.16,2,False,False
414,2025-11-01,Engineering,2.95,5,False,False
415,2025-11-01,Engineering,4.4,0,False,False
416,2025-11-01,Finance,3.44,2,False,False
417,2025-11-01,Operations,3.09,6,False,False
418,2025-11-01,Engineering,4.14,1,False,False
419,2025-11-01,Sales,2.23,2,False,False
420,2025-11-01,HR,3.81,1,False,False
421,2025-11-01,Operations,3.31,1,False,False
422,2025-11-01,Finance,3.15,3,False,False
423,2025-11-01,Finance,3.04,5,False,False
424,2025-11-01,HR,2.49,3,False,False
425,2025-11-01,HR,3.2,5,False,False
426,2025-11-01,Engineering,3.93,1,False,False
427,2025-11-01,Operations,3.56,3,False,False
428,2025-11-01,Operations,2.91,4,False,False
429,2025-11-01,Engineering,3.45,5,False,False
430,2025-11-01,Finance,2.95,4,True,False
431,2025-11-01,Engineering,4.75,0,False,False
432,2025-11-01,Finance,2.52,1,False,False
433,2025-11-01,Operations,3.54,0,False,False
434,2025-11-01,Engineering,4.18,2,False,False
435,2025-11-01,HR,2.72,1,False,False
436,2025-11-01,Engineering,5.0,1,False,False
437,2025-11-01,HR,3.3,4,False,False
438,2025-11-01,Operations,3.16,6,False,False
439,2025-11-01,Engineering,3.26,2,False,False
440,2025-11-01,Sales,3.06,2,False,False
441,2025-11-01,Operations,3.27,5,False,False
442,2025-11-01,Sales,3.32,4,False,False
443,2025-11-01,Engineering,4.64,3,False,False
444,2025-11-01,HR,3.12,1,False,False
445,2025-11-01,HR,2.38,6,False,False
446,2025-11-01,Finance,3.38,2,False,False
447,2025-11-01,Sales,4.12,1,False,False
448,2025-11-01,Operations,3.08,3,False,False
449,2025-11-01,HR,3.99,5,False,False
450,2025-11-01,Sales,2.86,3,False,False
451,2025-11-01,Operations,2.13,4,False,False
452,2025-11-01,Operations,2.75,4,False,False
453,2025-11-01,HR,2.47,4,False,False
454,2025-11-01,Engineering,3.4,2,False,False
455,2025-11-01,HR,3.1,3,False,False
456,2025-11-01,HR,3.06,3,False,False
457,2025-11-01,Engineering,1.76,1,False,False
458,2025-11-01,Finance,2.67,4,False,False
459,2025-11-01,Operations,4.11,0,False,False
460,2025-11-01,Engineering,2.93,2,False,False
461,2025-11-01,Finance,3.04,5,False,False
462,2025-11-01,Engineering,2.63,0,False,False
463,2025-11-01,Finance,4.32,1,False,False
464,2025-11-01,HR,2.64,2,False,False
465,2025-11-01,Engineering,3.8,3,False,False
466,2025-11-01,Operations,4.39,2,False,False
467,2025-11-01,Engineering,4.07,3,False,False
468,2025-11-01,HR,2.71,3,False,False
469,2025-11-01,Engineering,3.13,3,False,False
470,2025-11-01,Operations,2.51,2,False,False
471,2025-11-01,Finance,3.21,2,False,False
472,2025-11-01,Operations,3.02,2,False,False
473,2025-11-01,HR,2.84,4,False,False
474,2025-11-01,HR,3.62,3,False,False
475,2025-11-01,Finance,2.93,6,False,False
476,2025-11-01,Finance,3.99,2,False,False
477,2025-11-01,Operations,2.8,5,False,False
478,2025-11-01,Engineering,4.34,2,False,False
479,2025-11-01,Finance,3.39,2,False,False
480,2025-11-01,Engineering,4.1,2,False,False
481,2025-11-01,Sales,2.96,1,False,False
482,2025-11-01,Operations,2.73,7,False,False
483,2025-11-01,Sales,3.31,3,False,False
484,2025-11-01,Finance,3.71,2,False,False
485,2025-11-01,HR,3.05,1,False,False
486,2025-11-01,Sales,2.7,4,False,False
487,2025-11-01,Sales,2.66,3,False,False
488,2025-11-01,HR,2.19,1,False,False
489,2025-11-01,Finance,2.01,6,False,False
490,2025-11-01,Finance,3.42,4,False,False
491,2025-11-01,Operations,3.71,3,False,False
492,2025-11-01,Operations,2.86,4,False,False
493,2025-11-01,Finance,1.89,4,False,False
494,2025-11-01,Finance,2.92,4,False,False
495,2025-11-01,Sales,3.22,2,False,False
496,2025-11-01,HR,4.11,1,False,False
497,2025-11-01,Engineering,2.62,3,False,False
498,2025-11-01,Sales,2.73,1,False,False
499,2025-11-01,Operations,4.53,1,False,False
500,2025-11-01,HR,3.41,2,False,False
1,2025-12-01,Engineering,2.31,2,False,False
2,2025-12-01,Finance,3.53,4,False,False
3,2025-12-01,Finance,4.1,3,False,False
4,2025-12-01,HR,3.47,2,False,False
5,2025-12-01,HR,3.1,5,False,False
6,2025-12-01,Operations,2.19,1,False,False
7,2025-12-01,Engineering,3.63,2,False,False
8,2025-12-01,Finance,2.89,3,False,False
9,2025-12-01,Sales,2.73,1,False,False
10,2025-12-01,Engineering,3.54,2,False,False
11,2025-12-01,HR,4.29,3,False,False
12,2025-12-01,Operations,4.18,3,False,False
13,2025-12-01,Finance,4.18,0,False,False
14,2025-12-01,Finance,3.5,4,False,False
15,2025-12-01,Finance,3.94,2,False,False
16,2025-12-01,Finance,3.04,1,False,False
17,2025-12-01,HR,3.4,3,False,False
18,2025-12-01,Engineering,2.99,4,False,False
19,2025-12-01,Operations,3.39,2,False,False
20,2025-12-01,HR,3.08,1,False,False
21,2025-12-01,HR,2.49,2,False,False
22,2025-12-01,Sales,2.61,5,False,False
23,2025-12-01,Engineering,3.15,1,False,False
24,2025-12-01,Operations,3.28,2,False,False
25,2025-12-01,Finance,3.3,1,False,False
26,2025-12-01,Finance,3.47,6,False,False
27,2025-12-01,HR,3.21,3,False,False
28,2025-12-01,Operations,3.25,1,False,False
29,2025-12-01,HR,3.68,0,False,False
30,2025-12-01,HR,2.46,7,False,False
31,2025-12-01,HR,3.95,2,False,False
32,2025-12-01,Sales,2.61,2,False,False
33,2025-12-01,Engineering,2.01,3,False,False
34,2025-12-01,HR,2.2,1,False,False
35,2025-12-01,Operations,2.68,2,False,False
36,2025-12-01,Engineering,3.06,4,False,False
37,2025-12-01,Operations,2.98,1,False,False
38,2025-12-01,Operations,2.57,1,False,False
39,2025-12-01,Sales,3.74,3,False,False
40,2025-12-01,Finance,2.93,0,False,False
41,2025-12-01,Engineering,3.68,0,False,False
42,2025-12-01,Finance,2.99,1,False,False
43,2025-12-01,Finance,3.14,1,False,False
44,2025-12-01,Sales,1.86,4,False,False
45,2025-12-01,Engineering,3.45,1,False,False
46,2025-12-01,Operations,1.53,2,False,False
47,2025-12-01,HR,2.98,3,False,False
48,2025-12-01,Operations,3.32,2,False,False
49,2025-12-01,Finance,3.91,1,False,False
50,2025-12-01,Finance,3.83,1,False,False
51,2025-12-01,Finance,3.38,4,False,False
52,2025-12-01,Engineering,2.86,3,False,False
53,2025-12-01,Sales,3.78,2,False,False
54,2025-12-01,HR,2.39,1,False,False
55,2025-12-01,HR,3.61,7,False,False
56,2025-12-01,Engineering,3.69,1,False,False
57,2025-12-01,HR,3.08,2,False,False
58,2025-12-01,Engineering,4.11,2,False,False
59,2025-12-01,Finance,3.8,5,False,False
60,2025-12-01,Finance,3.08,3,False,False
61,2025-12-01,Operations,3.38,2,False,False
62,2025-12-01,Finance,3.15,2,False,False
63,2025-12-01,Sales,3.22,0,False,False
64,2025-12-01,Operations,2.52,3,False,False
65,2025-12-01,HR,3.02,6,False,False
66,2025-12-01,Sales,2.59,3,False,False
67,2025-12-01,Operations,3.01,4,False,False
68,2025-12-01,Sales,2.47,6,False,False
69,2025-12-01,Engineering,3.75,4,False,False
70,2025-12-01,HR,2.64,4,False,False
71,2025-12-01,Finance,3.58,1,False,False
72,2025-12-01,Engineering,3.27,6,False,False
73,2025-12-01,HR,4.11,2,False,False
74,2025-12-01,Engineering,2.24,4,False,False
75,2025-12-01,Finance,3.37,3,False,False
76,2025-12-01,HR,3.11,2,False,False
77,2025-12-01,Sales,3.62,4,False,False
78,2025-12-01,Sales,3.23,6,False,False
79,2025-12-01,HR,3.58,1,False,False
80,2025-12-01,Finance,2.56,5,False,False
81,2025-12-01,Operations,3.43,3,False,False
82,2025-12-01,HR,3.27,5,False,False
83,2025-12-01,Engineering,3.52,1,False,False
84,2025-12-01,Operations,2.42,2,False,False
85,2025-12-01,Finance,3.21,5,False,False
86,2025-12-01,Finance,3.02,8,False,False
87,2025-12-01,Engineering,3.84,1,False,False
88,2025-12-01,Sales,3.33,4,False,False
89,2025-12-01,Finance,3.58,3,False,False
90,2025-12-01,Operations,3.32,0,False,False
91,2025-12-01,HR,2.83,1,False,False
92,2025-12-01,Operations,3.44,1,False,False
93,2025-12-01,Operations,2.08,6,False,False
94,2025-12-01,Sales,3.15,0,False,False
95,2025-12-01,Operations,2.95,2,False,False
96,2025-12-01,Sales,4.18,0,False,False
97,2025-12-01,Sales,4.72,4,False,False
98,2025-12-01,Finance,3.09,2,False,False
99,2025-12-01,Finance,4.05,1,False,False
100,2025-12-01,Engineering,3.58,2,False,False
101,2025-12-01,Operations,3.1,2,False,False
102,2025-12-01,Engineering,3.93,1,False,False
103,2025-12-01,Operations,3.35,3,False,False
104,2025-12-01,Engineering,3.12,3,False,False
105,2025-12-01,Finance,3.36,2,False,False
106,2025-12-01,Finance,2.57,1,False,False
107,2025-12-01,Finance,2.27,4,False,False
108,2025-12-01,Finance,3.62,4,False,False
109,2025-12-01,HR,3.39,6,False,False
110,2025-12-01,Finance,3.29,4,False,False
111,2025-12-01,Sales,3.48,2,False,False
112,2025-12-01,Finance,3.6,1,False,False
113,2025-12-01,HR,3.24,2,False,False
114,2025-12-01,HR,2.45,4,False,False
115,2025-12-01,HR,3.75,3,False,False
116,2025-12-01,HR,3.91,4,False,False
117,2025-12-01,Engineering,3.25,1,False,False
118,2025-12-01,Engineering,3.58,3,False,False
119,2025-12-01,Sales,3.38,6,False,False
120,2025-12-01,Engineering,3.57,4,False,False
121,2025-12-01,HR,3.11,5,False,False
122,2025-12-01,Finance,3.65,1,False,False
123,2025-12-01,Finance,3.07,5,False,False
124,2025-12-01,HR,2.35,2,False,False
125,2025-12-01,Operations,3.41,2,False,False
126,2025-12-01,HR,2.12,5,False,False
127,2025-12-01,Engineering,2.78,4,False,False
128,2025-12-01,Finance,3.61,0,False,False
129,2025-12-01,HR,3.4,3,False,False
130,2025-12-01,Finance,3.58,2,False,False
131,2025-12-01,HR,3.04,3,False,False
132,2025-12-01,HR,2.19,6,False,False
133,2025-12-01,Engineering,3.08,2,False,False
134,2025-12-01,HR,2.77,4,False,False
135,2025-12-01,Finance,2.84,5,False,False
136,2025-12-01,Sales,3.83,2,False,False
137,2025-12-01,Finance,2.69,7,False,False
138,2025-12-01,Engineering,3.32,4,False,False
139,2025-12-01,Sales,3.06,5,False,False
140,2025-12-01,HR,3.81,2,False,False
141,2025-12-01,Operations,3.42,1,False,False
142,2025-12-01,Sales,3.28,1,False,False
143,2025-12-01,Sales,3.36,4,False,False
144,2025-12-01,HR,2.98,2,False,False
145,2025-12-01,Operations,3.38,3,False,False
146,2025-12-01,Operations,3.82,3,False,False
147,2025-12-01,Engineering,3.36,2,False,False
148,2025-12-01,Sales,2.96,1,False,False
149,2025-12-01,Operations,2.32,3,False,False
150,2025-12-01,Engineering,3.37,1,False,False
151,2025-12-01,Operations,3.01,3,False,False
152,2025-12-01,Sales,2.9,5,False,False
153,2025-12-01,Operations,3.36,3,False,False
154,2025-12-01,Sales,3.36,3,False,False
155,2025-12-01,HR,3.68,3,False,False
156,2025-12-01,Finance,3.27,5,False,False
157,2025-12-01,Engineering,3.44,2,False,False
158,2025-12-01,HR,3.11,5,False,False
159,2025-12-01,HR,2.67,1,False,False
160,2025-12-01,Finance,3.77,3,False,False
161,2025-12-01,Operations,1.76,3,False,False
162,2025-12-01,Finance,2.64,3,False,False
163,2025-12-01,HR,2.46,5,False,False
164,2025-12-01,HR,2.65,1,False,False
165,2025-12-01,HR,3.45,3,False,False
166,2025-12-01,Operations,3.63,3,False,False
167,2025-12-01,Sales,2.91,3,False,False
168,2025-12-01,Engineering,4.37,0,False,False
169,2025-12-01,Sales,4.17,0,False,False
170,2025-12-01,Engineering,3.22,0,False,False
171,2025-12-01,Engineering,4.31,0,False,False
172,2025-12-01,Engineering,3.85,1,False,False
173,2025-12-01,Finance,2.87,3,False,False
174,2025-12-01,Finance,3.18,1,False,False
175,2025-12-01,Finance,3.17,4,False,False
176,2025-12-01,HR,3.39,4,False,False
177,2025-12-01,Finance,4.09,3,False,False
178,2025-12-01,Engineering,1.75,4,False,False
179,2025-12-01,Operations,2.58,2,False,False
180,2025-12-01,HR,2.74,1,False,False
181,2025-12-01,Operations,3.24,3,False,False
182,2025-12-01,Engineering,2.81,2,False,False
183,2025-12-01,HR,2.74,8,False,False
184,2025-12-01,Finance,3.22,4,False,False
185,2025-12-01,HR,2.4,5,False,False
186,2025-12-01,HR,4.71,1,False,False
187,2025-12-01,Engineering,4.44,3,False,False
188,2025-12-01,Sales,2.99,6,False,False
189,2025-12-01,Sales,2.72,6,False,False
190,2025-12-01,Sales,2.89,1,False,False
191,2025-12-01,Finance,2.73,1,False,False
192,2025-12-01,Finance,3.32,0,False,False
193,2025-12-01,Finance,3.16,6,False,False
194,2025-12-01,Sales,3.59,3,False,False
195,2025-12-01,Operations,2.05,1,False,False
196,2025-12-01,Engineering,2.92,0,False,False
197,2025-12-01,Sales,3.32,2,False,False
198,2025-12-01,Engineering,3.67,2,False,False
199,2025-12-01,Sales,2.85,2,False,False
200,2025-12-01,Operations,1.86,3,False,False
201,2025-12-01,Sales,3.62,2,False,False
202,2025-12-01,Operations,2.86,3,False,False
203,2025-12-01,HR,3.02,3,False,False
204,2025-12-01,Finance,2.71,3,False,False
205,2025-12-01,HR,1.87,4,False,False
206,2025-12-01,Sales,3.1,2,False,False
207,2025-12-01,Finance,3.02,4,False,False
208,2025-12-01,Operations,3.41,3,False,False
209,2025-12-01,Sales,3.09,3,False,False
210,2025-12-01,Finance,3.97,2,False,False
211,2025-12-01,Sales,3.9,4,False,False
212,2025-12-01,Finance,3.13,2,False,False
213,2025-12-01,Finance,3.53,2,False,False
214,2025-12-01,HR,4.09,2,False,False
215,2025-12-01,Finance,4.49,0,False,False
216,2025-12-01,Sales,2.69,5,False,False
217,2025-12-01,Engineering,2.71,3,False,False
218,2025-12-01,Engineering,3.95,1,False,False
219,2025-12-01,HR,2.24,8,False,False
220,2025-12-01,Operations,2.64,5,False,False
221,2025-12-01,Engineering,2.71,1,False,False
222,2025-12-01,HR,3.66,2,False,False
223,2025-12-01,Finance,3.38,4,False,False
224,2025-12-01,Sales,2.5,5,False,False
225,2025-12-01,Finance,3.11,2,False,False
226,2025-12-01,Sales,2.41,3,False,False
227,2025-12-01,Operations,3.0,5,False,False
228,2025-12-01,HR,3.77,0,False,False
229,2025-12-01,HR,3.37,1,False,False
230,2025-12-01,Engineering,3.98,2,False,False
231,2025-12-01,HR,3.0,1,False,False
232,2025-12-01,Operations,2.84,4,False,False
233,2025-12-01,Engineering,3.45,3,False,False
234,2025-12-01,Finance,2.27,6,False,False
235,2025-12-01,HR,2.09,2,True,False
236,2025-12-01,Finance,2.2,7,False,False
237,2025-12-01,Finance,2.43,4,False,False
238,2025-12-01,HR,2.38,3,False,False
239,2025-12-01,Sales,3.9,2,False,False
240,2025-12-01,Finance,3.64,1,False,False
241,2025-12-01,Engineering,4.4,4,False,False
242,2025-12-01,HR,3.39,3,False,False
243,2025-12-01,Engineering,3.56,2,False,False
244,2025-12-01,Finance,2.4,7,False,False
245,2025-12-01,Finance,4.06,1,False,False
246,2025-12-01,Engineering,3.69,4,False,False
247,2025-12-01,Finance,3.11,3,False,False
248,2025-12-01,HR,3.07,3,False,False
249,2025-12-01,Finance,3.33,3,False,False
250,2025-12-01,Engineering,2.71,2,False,False
251,2025-12-01,Engineering,3.47,4,False,False
252,2025-12-01,HR,2.09,1,False,False
253,2025-12-01,Engineering,2.88,1,False,False
254,2025-12-01,Sales,3.89,1,False,False
255,2025-12-01,Finance,2.88,3,False,False
256,2025-12-01,Engineering,3.44,2,False,False
257,2025-12-01,Finance,3.76,5,False,False
258,2025-12-01,Engineering,3.12,1,False,False
259,2025-12-01,Engineering,3.63,4,False,False
260,2025-12-01,HR,4.0,2,False,False
261,2025-12-01,Finance,2.42,4,False,False
262,2025-12-01,Engineering,3.97,3,False,False
263,2025-12-01,Sales,3.37,2,False,False
264,2025-12-01,Operations,4.01,2,False,False
265,2025-12-01,Operations,3.16,5,False,False
266,2025-12-01,HR,3.34,2,False,False
267,2025-12-01,HR,2.25,3,False,False
268,2025-12-01,Sales,3.17,4,False,False
269,2025-12-01,Finance,2.07,4,False,False
270,2025-12-01,HR,3.31,2,False,False
271,2025-12-01,Sales,4.12,1,False,False
272,2025-12-01,Engineering,3.55,5,False,False
273,2025-12-01,Engineering,3.13,6,False,False
274,2025-12-01,Operations,3.01,6,False,False
275,2025-12-01,HR,3.07,3,False,False
276,2025-12-01,HR,3.7,4,False,False
277,2025-12-01,HR,2.81,2,False,False
278,2025-12-01,Finance,3.71,2,False,False
279,2025-12-01,Engineering,3.05,0,False,False
280,2025-12-01,Engineering,4.16,1,False,False
281,2025-12-01,Sales,3.64,0,False,False
282,2025-12-01,HR,3.39,3,False,False
283,2025-12-01,Finance,2.77,6,False,False
284,2025-12-01,HR,2.58,3,False,False
285,2025-12-01,HR,2.87,3,False,False
286,2025-12-01,Operations,2.68,6,False,False
287,2025-12-01,Engineering,3.09,1,False,False
288,2025-12-01,HR,3.43,2,False,False
289,2025-12-01,HR,3.33,1,False,False
290,2025-12-01,HR,3.28,1,False,False
291,2025-12-01,Operations,3.59,3,False,False
292,2025-12-01,Sales,2.89,3,False,False
293,2025-12-01,Operations,3.64,3,False,False
294,2025-12-01,Sales,3.17,1,False,False
295,2025-12-01,HR,3.07,6,False,False
296,2025-12-01,HR,2.48,1,False,False
297,2025-12-01,Operations,4.15,2,False,False
298,2025-12-01,HR,3.21,4,False,False
299,2025-12-01,Sales,2.68,3,False,False
300,2025-12-01,Engineering,3.83,3,False,False
301,2025-12-01,Sales,1.44,3,False,False
302,2025-12-01,Operations,1.96,3,False,False
303,2025-12-01,Engineering,3.69,3,False,False
304,2025-12-01,Operations,3.66,1,False,False
305,2025-12-01,HR,3.46,2,False,False
306,2025-12-01,Engineering,2.97,1,False,False
307,2025-12-01,Sales,3.21,2,False,False
308,2025-12-01,HR,3.57,1,False,False
309,2025-12-01,Sales,3.52,6,False,False
310,2025-12-01,Engineering,3.95,1,False,False
311,2025-12-01,Finance,2.48,2,False,False
312,2025-12-01,Finance,3.45,2,False,False
313,2025-12-01,Engineering,2.4,4,False,False
314,2025-12-01,Sales,3.05,2,False,False
315,2025-12-01,Sales,3.95,0,False,False
316,2025-12-01,Finance,2.7,3,False,False
317,2025-12-01,Finance,2.52,2,False,False
318,2025-12-01,Finance,2.36,0,False,False
319,2025-12-01,Operations,2.73,4,False,False
320,2025-12-01,Finance,3.66,1,False,False
321,2025-12-01,Sales,1.5,2,False,False
322,2025-12-01,Engineering,3.95,1,False,False
323,2025-12-01,Finance,3.26,2,False,False
324,2025-12-01,Operations,3.15,4,False,False
325,2025-12-01,Operations,2.05,13,False,False
326,2025-12-01,Sales,2.16,7,False,False
327,2025-12-01,Sales,3.89,2,False,False
328,2025-12-01,Engineering,2.35,0,False,False
329,2025-12-01,Engineering,3.63,2,False,False
330,2025-12-01,HR,2.09,1,False,False
331,2025-12-01,HR,3.31,2,False,False
332,2025-12-01,Sales,2.58,4,False,False
333,2025-12-01,Sales,3.32,3,False,False
334,2025-12-01,Operations,3.0,1,False,False
335,2025-12-01,HR,4.2,1,False,False
336,2025-12-01,Operations,3.23,5,False,False
337,2025-12-01,Operations,3.65,5,False,False
338,2025-12-01,Sales,2.08,5,False,False
339,2025-12-01,Sales,3.27,3,False,False
340,2025-12-01,Operations,3.32,3,False,False
341,2025-12-01,Finance,2.78,5,False,False
342,2025-12-01,Sales,3.04,6,False,False
343,2025-12-01,Finance,2.65,3,False,False
344,2025-12-01,HR,2.74,3,False,False
345,2025-12-01,Operations,3.01,2,False,False
346,2025-12-01,Sales,2.85,7,False,False
347,2025-12-01,Operations,1.96,1,False,False
348,2025-12-01,Operations,2.71,1,False,False
349,2025-12-01,Engineering,3.8,6,False,False
350,2025-12-01,Engineering,2.69,3,False,False
351,2025-12-01,HR,3.01,7,False,False
352,2025-12-01,Engineering,4.13,1,False,False
353,2025-12-01,Sales,3.75,3,False,False
354,2025-12-01,HR,2.87,4,False,False
355,2025-12-01,Operations,3.79,4,False,False
356,2025-12-01,Operations,3.59,2,False,False
357,2025-12-01,Engineering,3.34,3,False,False
358,2025-12-01,Operations,4.24,3,False,False
359,2025-12-01,Engineering,3.38,6,False,False
360,2025-12-01,Finance,3.2,3,False,False
361,2025-12-01,Operations,3.8,4,False,False
362,2025-12-01,Operations,3.88,2,False,False
363,2025-12-01,Sales,2.54,5,False,False
364,2025-12-01,Operations,2.86,5,False,False
365,2025-12-01,Engineering,4.96,1,False,False
366,2025-12-01,HR,3.43,2,False,False
367,2025-12-01,HR,3.1,4,False,False
368,2025-12-01,Sales,3.97,2,False,False
369,2025-12-01,Engineering,3.24,4,False,False
370,2025-12-01,Finance,2.6,1,False,False
371,2025-12-01,Sales,3.39,5,False,False
372,2025-12-01,Finance,2.33,5,False,False
373,2025-12-01,HR,2.78,4,False,False
374,2025-12-01,Sales,3.81,2,False,False
375,2025-12-01,Operations,3.57,5,False,False
376,2025-12-01,Engineering,3.11,4,False,False
377,2025-12-01,Finance,3.03,6,False,False
378,2025-12-01,Finance,3.2,4,False,False
379,2025-12-01,Sales,3.05,5,False,False
380,2025-12-01,Sales,3.09,3,False,False
381,2025-12-01,Engineering,3.22,2,False,False
382,2025-12-01,Operations,2.49,2,False,False
383,2025-12-01,Operations,3.47,3,False,False
384,2025-12-01,Sales,2.61,8,False,False
385,2025-12-01,Engineering,4.09,0,False,False
386,2025-12-01,Engineering,2.96,2,False,False
387,2025-12-01,Engineering,3.6,2,False,False
388,2025-12-01,Operations,3.38,0,False,False
389,2025-12-01,Operations,3.06,1,False,False
390,2025-12-01,Engineering,2.29,0,False,False
391,2025-12-01,Finance,3.06,2,False,False
392,2025-12-01,Engineering,3.86,2,False,False
393,2025-12-01,Sales,2.39,3,False,False
394,2025-12-01,HR,3.37,2,False,False
395,2025-12-01,Finance,3.48,2,False,False
396,2025-12-01,Operations,3.43,3,False,False
397,2025-12-01,Engineering,3.57,4,False,False
398,2025-12-01,Engineering,2.99,2,False,False
399,2025-12-01,Sales,3.39,2,False,False
400,2025-12-01,Sales,3.77,2,False,False
401,2025-12-01,Operations,1.31,1,False,False
402,2025-12-01,Finance,2.62,3,False,False
403,2025-12-01,Sales,2.64,4,False,False
404,2025-12-01,Operations,2.56,4,False,False
405,2025-12-01,HR,3.09,1,False,False
406,2025-12-01,HR,3.98,4,False,False
407,2025-12-01,HR,2.32,6,False,False
408,2025-12-01,Engineering,2.91,0,False,False
409,2025-12-01,Operations,2.54,8,False,False
410,2025-12-01,Engineering,2.6,3,False,False
411,2025-12-01,Engineering,4.32,1,False,False
412,2025-12-01,Sales,2.88,5,False,False
413,2025-12-01,Sales,3.18,5,False,False
414,2025-12-01,Engineering,2.79,5,False,False
415,2025-12-01,Engineering,4.38,2,False,False
416,2025-12-01,Finance,3.48,1,False,False
417,2025-12-01,Operations,3.07,3,False,False
418,2025-12-01,Engineering,3.9,2,False,False
419,2025-12-01,Sales,1.95,5,False,False
420,2025-12-01,HR,3.65,1,False,False
421,2025-12-01,Operations,3.18,1,False,False
422,2025-12-01,Finance,3.18,4,False,False
423,2025-12-01,Finance,2.93,5,False,False
424,2025-12-01,HR,2.35,2,False,False
425,2025-12-01,HR,3.23,0,False,False
426,2025-12-01,Engineering,3.9,5,False,False
427,2025-12-01,Operations,3.37,2,False,False
428,2025-12-01,Operations,2.95,1,False,False
429,2025-12-01,Engineering,3.39,2,False,False
430,2025-12-01,Finance,3.04,1,False,False
431,2025-12-01,Engineering,4.45,2,False,False
432,2025-12-01,Finance,2.64,1,False,False
433,2025-12-01,Operations,3.5,2,False,False
434,2025-12-01,Engineering,4.4,2,False,False
435,2025-12-01,HR,2.58,6,False,False
436,2025-12-01,Engineering,4.96,1,False,False
437,2025-12-01,HR,3.17,1,False,False
438,2025-12-01,Operations,3.23,1,False,False
439,2025-12-01,Engineering,3.28,4,False,False
440,2025-12-01,Sales,3.07,3,False,False
441,2025-12-01,Operations,3.14,2,False,False
442,2025-12-01,Sales,3.21,5,False,False
443,2025-12-01,Engineering,4.35,0,False,False
444,2025-12-01,HR,3.11,0,False,False
445,2025-12-01,HR,2.52,6,False,False
446,2025-12-01,Finance,3.26,1,False,False
447,2025-12-01,Sales,4.04,3,False,False
448,2025-12-01,Operations,3.15,2,False,False
449,2025-12-01,HR,3.94,1,False,False
450,2025-12-01,Sales,2.98,2,False,False
451,2025-12-01,Operations,2.43,6,False,False
452,2025-12-01,Operations,2.6,8,False,False
453,2025-12-01,HR,2.35,6,False,False
454,2025-12-01,Engineering,3.4,3,False,False
455,2025-12-01,HR,3.23,4,False,False
456,2025-12-01,HR,2.99,6,False,False
457,2025-12-01,Engineering,1.9,5,False,False
458,2025-12-01,Finance,2.81,1,False,False
459,2025-12-01,Operations,4.16,1,False,False
460,2025-12-01,Engineering,2.88,1,False,False
461,2025-12-01,Finance,3.09,2,False,False
462,2025-12-01,Engineering,2.61,1,False,False
463,2025-12-01,Finance,4.48,2,False,False
464,2025-12-01,HR,2.66,4,False,False
465,2025-12-01,Engineering,3.97,4,False,False
466,2025-12-01,Operations,4.33,0,False,False
467,2025-12-01,Engineering,4.18,2,False,False
468,2025-12-01,HR,2.72,5,False,False
469,2025-12-01,Engineering,3.21,2,False,False
470,2025-12-01,Operations,2.6,0,False,False
471,2025-12-01,Finance,3.3,0,False,False
472,2025-12-01,Operations,2.96,4,False,False
473,2025-12-01,HR,2.7,5,False,False
474,2025-12-01,HR,3.8,0,False,False
475,2025-12-01,Finance,2.78,3,False,False
476,2025-12-01,Finance,3.93,3,False,False
477,2025-12-01,Operations,2.88,5,False,False
478,2025-12-01,Engineering,4.25,3,False,False
479,2025-12-01,Finance,3.24,2,False,False
480,2025-12-01,Engineering,3.97,2,False,False
481,2025-12-01,Sales,2.86,1,False,False
482,2025-12-01,Operations,3.07,0,False,False
483,2025-12-01,Sales,3.31,5,False,False
484,2025-12-01,Finance,3.78,3,False,False
485,2025-12-01,HR,3.15,2,False,False
486,2025-12-01,Sales,2.52,3,False,False
487,2025-12-01,Sales,2.72,2,False,False
488,2025-12-01,HR,2.13,2,False,False
489,2025-12-01,Finance,1.98,1,False,False
490,2025-12-01,Finance,3.47,0,False,False
491,2025-12-01,Operations,3.66,3,False,False
492,2025-12-01,Operations,3.21,0,False,False
493,2025-12-01,Finance,1.8,6,False,False
494,2025-12-01,Finance,2.98,3,False,False
495,2025-12-01,Sales,2.91,4,False,False
496,2025-12-01,HR,4.26,1,False,False
497,2025-12-01,Engineering,2.64,1,False,False
498,2025-12-01,Sales,2.77,3,False,False
499,2025-12-01,Operations,4.51,2,False,False
500,2025-12-01,HR,3.4,0,False,False
1,2026-01-01,Engineering,2.28,9,False,False
2,2026-01-01,Finance,3.44,4,False,False
3,2026-01-01,Finance,4.02,3,False,False
4,2026-01-01,HR,3.44,0,False,False
5,2026-01-01,HR,3.27,3,False,False
6,2026-01-01,Operations,2.31,2,False,False
7,2026-01-01,Engineering,3.61,4,False,False
8,2026-01-01,Finance,2.67,3,False,False
9,2026-01-01,Sales,2.74,4,False,False
10,2026-01-01,Engineering,3.63,2,False,False
11,2026-01-01,HR,4.4,2,False,False
12,2026-01-01,Operations,4.09,3,False,False
13,2026-01-01,Finance,4.12,2,False,False
14,2026-01-01,Finance,3.41,1,False,False
15,2026-01-01,Finance,4.1,2,False,False
16,2026-01-01,Finance,3.07,7,False,False
17,2026-01-01,HR,3.59,4,False,False
18,2026-01-01,Engineering,2.83,2,False,False
19,2026-01-01,Operations,3.49,4,False,False
20,2026-01-01,HR,3.2,2,False,False
21,2026-01-01,HR,2.6,2,False,False
22,2026-01-01,Sales,2.31,4,False,False
23,2026-01-01,Engineering,3.09,2,False,False
24,2026-01-01,Operations,3.38,6,False,False
25,2026-01-01,Finance,3.31,3,False,False
26,2026-01-01,Finance,3.6,2,False,False
27,2026-01-01,HR,3.5,2,False,False
28,2026-01-01,Operations,3.18,2,False,False
29,2026-01-01,HR,3.63,3,False,False
30,2026-01-01,HR,2.66,3,False,False
31,2026-01-01,HR,3.68,4,False,False
32,2026-01-01,Sales,2.46,2,False,False
33,2026-01-01,Engineering,2.19,5,False,False
34,2026-01-01,HR,2.12,3,False,False
35,2026-01-01,Operations,2.88,4,False,False
36,2026-01-01,Engineering,3.08,4,False,False
37,2026-01-01,Operations,2.79,0,False,False
38,2026-01-01,Operations,2.69,2,False,False
39,2026-01-01,Sales,3.52,0,False,False
40,2026-01-01,Finance,2.81,1,False,False
41,2026-01-01,Engineering,3.42,4,False,False
42,2026-01-01,Finance,2.9,5,False,False
43,2026-01-01,Finance,3.11,2,False,False
44,2026-01-01,Sales,1.79,2,False,False
45,2026-01-01,Engineering,3.65,0,False,False
46,2026-01-01,Operations,1.65,5,False,False
47,2026-01-01,HR,3.0,2,False,False
48,2026-01-01,Operations,3.23,1,False,False
49,2026-01-01,Finance,3.88,3,False,False
50,2026-01-01,Finance,3.92,4,False,False
51,2026-01-01,Finance,3.59,3,False,False
52,2026-01-01,Engineering,3.07,1,False,False
53,2026-01-01,Sales,3.84,1,False,False
54,2026-01-01,HR,2.58,4,False,False
55,2026-01-01,HR,3.69,5,False,False
56,2026-01-01,Engineering,3.75,0,False,False
57,2026-01-01,HR,3.01,3,False,False
58,2026-01-01,Engineering,3.97,0,False,False
59,2026-01-01,Finance,3.84,2,False,False
60,2026-01-01,Finance,2.96,6,False,False
61,2026-01-01,Operations,3.36,3,False,False
62,2026-01-01,Finance,3.07,2,False,False
63,2026-01-01,Sales,3.2,3,False,False
64,2026-01-01,Operations,2.33,5,False,False
65,2026-01-01,HR,3.11,2,False,False
66,2026-01-01,Sales,2.59,4,False,False
67,2026-01-01,Operations,3.19,5,False,False
68,2026-01-01,Sales,2.61,1,False,False
69,2026-01-01,Engineering,3.81,3,False,False
70,2026-01-01,HR,2.44,5,False,False
71,2026-01-01,Finance,3.49,3,False,False
72,2026-01-01,Engineering,3.55,0,False,False
73,2026-01-01,HR,4.13,0,False,False
74,2026-01-01,Engineering,2.22,2,False,False
75,2026-01-01,Finance,3.61,2,False,False
76,2026-01-01,HR,3.02,1,False,False
77,2026-01-01,Sales,3.77,3,False,False
78,2026-01-01,Sales,3.18,3,False,False
79,2026-01-01,HR,3.73,4,False,False
80,2026-01-01,Finance,2.86,6,False,False
81,2026-01-01,Operations,3.25,8,False,False
82,2026-01-01,HR,3.14,5,False,False
83,2026-01-01,Engineering,3.39,3,False,False
84,2026-01-01,Operations,2.35,6,False,False
85,2026-01-01,Finance,3.11,3,False,False
86,2026-01-01,Finance,3.12,2,False,False
87,2026-01-01,Engineering,3.76,0,False,False
88,2026-01-01,Sales,3.52,1,False,False
89,2026-01-01,Finance,3.35,3,False,False
90,2026-01-01,Operations,3.2,4,False,False
91,2026-01-01,HR,2.82,6,False,False
92,2026-01-01,Operations,3.53,2,False,False
93,2026-01-01,Operations,2.03,5,False,False
94,2026-01-01,Sales,3.23,4,False,False
95,2026-01-01,Operations,2.95,2,False,False
96,2026-01-01,Sales,4.4,2,False,False
97,2026-01-01,Sales,4.7,0,False,False
98,2026-01-01,Finance,3.2,2,False,False
99,2026-01-01,Finance,4.07,1,False,False
100,2026-01-01,Engineering,3.42,4,False,False
101,2026-01-01,Operations,2.96,4,False,False
102,2026-01-01,Engineering,3.87,7,False,False
103,2026-01-01,Operations,3.33,1,False,False
104,2026-01-01,Engineering,3.03,6,False,False
105,2026-01-01,Finance,3.47,3,False,False
106,2026-01-01,Finance,2.44,5,False,False
107,2026-01-01,Finance,2.27,2,False,False
108,2026-01-01,Finance,3.56,0,False,False
109,2026-01-01,HR,3.46,2,False,False
110,2026-01-01,Finance,3.17,2,False,False
111,2026-01-01,Sales,3.47,3,False,False
112,2026-01-01,Finance,3.85,1,False,False
113,2026-01-01,HR,3.28,3,False,False
114,2026-01-01,HR,2.66,4,False,False
115,2026-01-01,HR,3.92,4,False,False
116,2026-01-01,HR,3.94,3,False,False
117,2026-01-01,Engineering,3.33,4,False,False
118,2026-01-01,Engineering,3.43,2,False,False
119,2026-01-01,Sales,3.29,1,False,False
120,2026-01-01,Engineering,3.4,4,False,False
121,2026-01-01,HR,3.32,2,False,False
122,2026-01-01,Finance,3.6,3,False,False
123,2026-01-01,Finance,3.36,3,False,False
124,2026-01-01,HR,2.36,3,False,False
125,2026-01-01,Operations,3.71,4,False,False
126,2026-01-01,HR,2.03,1,False,False
127,2026-01-01,Engineering,2.89,4,False,False
128,2026-01-01,Finance,3.75,1,False,False
129,2026-01-01,HR,3.52,4,False,False
130,2026-01-01,Finance,3.8,3,False,False
131,2026-01-01,HR,3.27,3,False,False
132,2026-01-01,HR,2.3,3,False,False
133,2026-01-01,Engineering,3.17,2,False,False
134,2026-01-01,HR,2.9,2,False,False
135,2026-01-01,Finance,2.87,3,False,False
136,2026-01-01,Sales,3.79,2,False,False
137,2026-01-01,Finance,2.7,7,False,False
138,2026-01-01,Engineering,3.4,2,False,False
139,2026-01-01,Sales,3.0,3,False,False
140,2026-01-01,HR,3.73,5,False,False
141,2026-01-01,Operations,3.25,4,False,False
142,2026-01-01,Sales,3.28,5,False,False
143,2026-01-01,Sales,3.53,5,False,False
144,2026-01-01,HR,3.0,2,False,False
145,2026-01-01,Operations,3.19,2,False,False
146,2026-01-01,Operations,3.72,0,False,False
147,2026-01-01,Engineering,3.2,4,False,False
148,2026-01-01,Sales,3.15,2,False,False
149,2026-01-01,Operations,2.23,3,False,False
150,2026-01-01,Engineering,3.41,3,False,False
151,2026-01-01,Operations,3.02,4,False,False
152,2026-01-01,Sales,2.95,5,False,False
153,2026-01-01,Operations,3.41,4,False,False
154,2026-01-01,Sales,3.23,5,False,False
155,2026-01-01,HR,3.6,4,False,False
156,2026-01-01,Finance,3.25,1,False,False
157,2026-01-01,Engineering,3.5,4,False,False
158,2026-01-01,HR,3.25,4,False,False
159,2026-01-01,HR,2.73,2,False,False
160,2026-01-01,Finance,3.89,1,False,False
161,2026-01-01,Operations,1.81,4,False,False
162,2026-01-01,Finance,2.47,6,False,False
163,2026-01-01,HR,2.44,3,False,False
164,2026-01-01,HR,2.75,1,True,False
165,2026-01-01,HR,3.55,1,False,False
166,2026-01-01,Operations,3.55,3,False,False
167,2026-01-01,Sales,2.66,2,False,False
168,2026-01-01,Engineering,4.26,3,False,False
169,2026-01-01,Sales,4.04,1,False,False
170,2026-01-01,Engineering,3.15,2,False,False
171,2026-01-01,Engineering,4.27,4,False,False
172,2026-01-01,Engineering,3.85,4,False,False
173,2026-01-01,Finance,3.09,3,False,False
174,2026-01-01,Finance,3.21,4,False,False
175,2026-01-01,Finance,3.46,3,False,False
176,2026-01-01,HR,3.0,2,False,False
177,2026-01-01,Finance,4.0,2,False,False
178,2026-01-01,Engineering,1.7,4,False,False
179,2026-01-01,Operations,2.24,1,False,False
180,2026-01-01,HR,2.84,5,False,False
181,2026-01-01,Operations,2.99,8,False,False
182,2026-01-01,Engineering,2.73,1,False,False
183,2026-01-01,HR,2.7,7,False,False
184,2026-01-01,Finance,3.04,2,False,False
185,2026-01-01,HR,2.38,3,False,False
186,2026-01-01,HR,4.53,4,False,False
187,2026-01-01,Engineering,4.11,1,False,False
188,2026-01-01,Sales,3.02,3,False,False
189,2026-01-01,Sales,2.71,1,False,False
190,2026-01-01,Sales,2.75,3,False,False
191,2026-01-01,Finance,2.85,2,False,False
192,2026-01-01,Finance,3.41,2,False,False
193,2026-01-01,Finance,3.15,3,False,False
194,2026-01-01,Sales,3.62,2,False,False
195,2026-01-01,Operations,1.91,2,False,False
196,2026-01-01,Engineering,2.86,2,False,False
197,2026-01-01,Sales,3.62,3,False,False
198,2026-01-01,Engineering,3.65,2,False,False
199,2026-01-01,Sales,2.96,1,False,False
200,2026-01-01,Operations,1.86,3,False,False
201,2026-01-01,Sales,3.67,3,False,False
202,2026-01-01,Operations,2.75,3,False,False
203,2026-01-01,HR,3.0,2,False,False
204,2026-01-01,Finance,3.02,2,False,False
205,2026-01-01,HR,1.96,3,False,False
206,2026-01-01,Sales,3.06,6,False,False
207,2026-01-01,Finance,3.05,4,False,False
208,2026-01-01,Operations,3.31,2,False,False
209,2026-01-01,Sales,2.98,5,False,False
210,2026-01-01,Finance,4.06,3,False,False
211,2026-01-01,Sales,3.76,6,False,False
212,2026-01-01,Finance,3.12,4,False,False
213,2026-01-01,Finance,3.65,3,False,False
214,2026-01-01,HR,4.18,2,False,False
215,2026-01-01,Finance,4.54,1,False,False
216,2026-01-01,Sales,2.55,3,False,False
217,2026-01-01,Engineering,2.86,2,False,False
218,2026-01-01,Engineering,4.09,4,False,False
219,2026-01-01,HR,2.26,6,False,False
220,2026-01-01,Operations,2.51,1,False,False
221,2026-01-01,Engineering,2.6,2,False,False
222,2026-01-01,HR,3.62,0,False,False
223,2026-01-01,Finance,3.57,2,False,False
224,2026-01-01,Sales,2.31,8,False,False
225,2026-01-01,Finance,3.2,2,False,False
226,2026-01-01,Sales,2.35,4,False,False
227,2026-01-01,Operations,2.86,3,False,False
228,2026-01-01,HR,3.88,2,False,False
229,2026-01-01,HR,3.3,1,False,False
230,2026-01-01,Engineering,4.03,0,False,False
231,2026-01-01,HR,3.15,0,False,False
232,2026-01-01,Operations,2.91,3,False,False
233,2026-01-01,Engineering,3.33,4,False,False
234,2026-01-01,Finance,2.08,4,False,False
235,2026-01-01,HR,1.93,2,False,False
236,2026-01-01,Finance,2.29,3,False,False
237,2026-01-01,Finance,2.42,8,False,False
238,2026-01-01,HR,2.31,3,False,False
239,2026-01-01,Sales,4.06,1,False,False
240,2026-01-01,Finance,3.6,2,False,False
241,2026-01-01,Engineering,4.55,1,False,False
242,2026-01-01,HR,3.4,2,False,False
243,2026-01-01,Engineering,3.74,1,False,False
244,2026-01-01,Finance,2.34,4,False,False
245,2026-01-01,Finance,4.04,2,False,False
246,2026-01-01,Engineering,3.39,5,False,False
247,2026-01-01,Finance,3.2,3,False,False
248,2026-01-01,HR,3.02,3,False,False
249,2026-01-01,Finance,3.15,3,False,False
250,2026-01-01,Engineering,2.73,4,False,False
251,2026-01-01,Engineering,3.47,1,False,False
252,2026-01-01,HR,2.04,2,False,False
253,2026-01-01,Engineering,2.91,2,True,False
254,2026-01-01,Sales,3.91,2,False,False
255,2026-01-01,Finance,2.95,5,False,False
256,2026-01-01,Engineering,3.04,4,False,False
257,2026-01-01,Finance,3.9,1,False,False
258,2026-01-01,Engineering,3.41,5,False,False
259,2026-01-01,Engineering,3.74,3,False,False
260,2026-01-01,HR,3.99,0,False,False
261,2026-01-01,Finance,2.32,4,False,False
262,2026-01-01,Engineering,4.15,2,False,False
263,2026-01-01,Sales,3.39,0,False,False
264,2026-01-01,Operations,3.9,2,False,False
265,2026-01-01,Operations,3.11,2,False,False
266,2026-01-01,HR,3.18,2,False,False
267,2026-01-01,HR,2.38,5,False,False
268,2026-01-01,Sales,2.88,2,False,False
269,2026-01-01,Finance,2.15,3,False,False
270,2026-01-01,HR,3.37,0,False,False
271,2026-01-01,Sales,4.3,0,False,False
272,2026-01-01,Engineering,3.35,2,False,False
273,2026-01-01,Engineering,3.14,8,False,False
274,2026-01-01,Operations,2.99,4,False,False
275,2026-01-01,HR,3.16,8,False,False
276,2026-01-01,HR,3.88,2,False,False
277,2026-01-01,HR,3.1,1,False,False
278,2026-01-01,Finance,3.7,1,False,False
279,2026-01-01,Engineering,2.8,3,False,False
280,2026-01-01,Engineering,4.52,2,False,False
281,2026-01-01,Sales,3.73,2,False,False
282,2026-01-01,HR,3.59,2,False,False
283,2026-01-01,Finance,2.6,2,False,False
284,2026-01-01,HR,2.54,5,False,False
285,2026-01-01,HR,3.02,2,False,False
286,2026-01-01,Operations,2.77,1,False,False
287,2026-01-01,Engineering,3.24,2,False,False
288,2026-01-01,HR,3.5,0,False,False
289,2026-01-01,HR,3.5,1,False,False
290,2026-01-01,HR,3.29,5,False,False
291,2026-01-01,Operations,3.53,3,False,False
292,2026-01-01,Sales,3.03,2,False,False
293,2026-01-01,Operations,3.7,4,False,False
294,2026-01-01,Sales,3.27,3,False,False
295,2026-01-01,HR,2.91,1,False,False
296,2026-01-01,HR,2.49,3,False,False
297,2026-01-01,Operations,4.5,1,False,False
298,2026-01-01,HR,2.94,3,False,False
299,2026-01-01,Sales,2.88,3,False,False
300,2026-01-01,Engineering,3.84,3,False,False
301,2026-01-01,Sales,1.44,5,False,False
302,2026-01-01,Operations,1.95,7,False,False
303,2026-01-01,Engineering,3.86,3,False,False
304,2026-01-01,Operations,3.56,4,False,False
305,2026-01-01,HR,3.38,3,False,False
306,2026-01-01,Engineering,3.2,4,False,False
307,2026-01-01,Sales,2.98,5,False,False
308,2026-01-01,HR,3.76,2,False,False
309,2026-01-01,Sales,3.5,2,False,False
310,2026-01-01,Engineering,3.95,1,False,False
311,2026-01-01,Finance,2.35,4,False,False
312,2026-01-01,Finance,3.48,3,False,False
313,2026-01-01,Engineering,2.53,6,False,False
314,2026-01-01,Sales,2.84,3,False,False
315,2026-01-01,Sales,3.84,1,False,False
316,2026-01-01,Finance,2.85,7,False,False
317,2026-01-01,Finance,2.43,2,False,False
318,2026-01-01,Finance,2.25,4,False,False
319,2026-01-01,Operations,2.8,3,False,False
320,2026-01-01,Finance,3.68,5,False,False
321,2026-01-01,Sales,1.52,4,False,False
322,2026-01-01,Engineering,3.99,4,False,False
323,2026-01-01,Finance,3.21,1,False,False
324,2026-01-01,Operations,3.16,5,False,False
325,2026-01-01,Operations,1.93,7,False,False
326,2026-01-01,Sales,2.26,2,False,False
327,2026-01-01,Sales,3.95,0,False,False
328,2026-01-01,Engineering,2.19,4,False,False
329,2026-01-01,Engineering,3.56,6,False,False
330,2026-01-01,HR,2.06,4,False,False
331,2026-01-01,HR,3.06,2,False,False
332,2026-01-01,Sales,2.53,0,False,False
333,2026-01-01,Sales,3.24,2,False,False
334,2026-01-01,Operations,2.99,6,False,False
335,2026-01-01,HR,4.32,3,False,False
336,2026-01-01,Operations,3.42,4,False,False
337,2026-01-01,Operations,3.45,4,False,False
338,2026-01-01,Sales,2.24,5,False,False
339,2026-01-01,Sales,3.2,2,False,False
340,2026-01-01,Operations,3.09,2,True,False
341,2026-01-01,Finance,2.77,3,False,False
342,2026-01-01,Sales,3.1,5,False,False
343,2026-01-01,Finance,2.5,8,False,False
344,2026-01-01,HR,2.76,4,False,False
345,2026-01-01,Operations,2.98,1,False,False
346,2026-01-01,Sales,2.76,1,False,False
347,2026-01-01,Operations,2.0,4,False,False
348,2026-01-01,Operations,2.55,1,False,False
349,2026-01-01,Engineering,3.75,1,False,False
350,2026-01-01,Engineering,2.44,4,False,False
351,2026-01-01,HR,3.05,3,False,False
352,2026-01-01,Engineering,3.99,5,False,False
353,2026-01-01,Sales,3.54,3,False,False
354,2026-01-01,HR,2.93,6,False,False
355,2026-01-01,Operations,3.72,4,False,False
356,2026-01-01,Operations,3.52,2,False,False
357,2026-01-01,Engineering,3.46,3,False,False
358,2026-01-01,Operations,4.18,2,False,False
359,2026-01-01,Engineering,3.52,2,False,False
360,2026-01-01,Finance,3.2,3,False,False
361,2026-01-01,Operations,3.68,3,False,False
362,2026-01-01,Operations,3.96,0,False,False
363,2026-01-01,Sales,2.48,3,False,False
364,2026-01-01,Operations,2.8,1,False,False
365,2026-01-01,Engineering,4.86,1,False,False
366,2026-01-01,HR,3.49,3,False,False
367,2026-01-01,HR,3.21,1,False,False
368,2026-01-01,Sales,4.0,2,False,False
369,2026-01-01,Engineering,3.18,3,False,False
370,2026-01-01,Finance,2.42,5,False,False
371,2026-01-01,Sales,3.46,8,False,False
372,2026-01-01,Finance,2.4,2,False,False
373,2026-01-01,HR,2.72,2,False,False
374,2026-01-01,Sales,3.73,1,False,False
375,2026-01-01,Operations,3.42,1,False,False
376,2026-01-01,Engineering,3.36,0,False,False
377,2026-01-01,Finance,3.03,2,False,False
378,2026-01-01,Finance,3.11,4,False,False
379,2026-01-01,Sales,3.24,0,False,False
380,2026-01-01,Sales,2.97,4,False,False
381,2026-01-01,Engineering,3.25,4,False,False
382,2026-01-01,Operations,2.46,7,False,False
383,2026-01-01,Operations,3.41,1,False,False
384,2026-01-01,Sales,2.63,1,False,False
385,2026-01-01,Engineering,3.96,4,False,False
386,2026-01-01,Engineering,2.85,2,False,False
387,2026-01-01,Engineering,3.55,1,False,False
388,2026-01-01,Operations,3.17,2,False,False
389,2026-01-01,Operations,2.84,7,False,False
390,2026-01-01,Engineering,2.48,8,False,False
391,2026-01-01,Finance,3.2,0,False,False
392,2026-01-01,Engineering,3.8,2,False,False
393,2026-01-01,Sales,2.35,2,False,False
394,2026-01-01,HR,3.37,3,False,False
395,2026-01-01,Finance,3.62,2,False,False
396,2026-01-01,Operations,3.38,4,False,False
397,2026-01-01,Engineering,3.56,2,False,False
398,2026-01-01,Engineering,3.2,4,False,False
399,2026-01-01,Sales,3.41,5,False,False
400,2026-01-01,Sales,4.0,4,False,False
401,2026-01-01,Operations,1.08,2,False,False
402,2026-01-01,Finance,2.56,4,False,False
403,2026-01-01,Sales,2.7,8,False,False
404,2026-01-01,Operations,2.52,4,False,False
405,2026-01-01,HR,3.06,4,False,False
406,2026-01-01,HR,3.87,1,False,False
407,2026-01-01,HR,2.41,4,False,False
408,2026-01-01,Engineering,2.95,2,False,False
409,2026-01-01,Operations,2.37,5,False,False
410,2026-01-01,Engineering,2.51,1,False,False
411,2026-01-01,Engineering,4.39,0,False,False
412,2026-01-01,Sales,2.5,3,False,False
413,2026-01-01,Sales,3.17,2,False,False
414,2026-01-01,Engineering,2.82,2,False,False
415,2026-01-01,Engineering,4.4,2,False,False
416,2026-01-01,Finance,3.29,5,False,False
417,2026-01-01,Operations,3.04,1,False,False
418,2026-01-01,Engineering,3.82,1,False,False
419,2026-01-01,Sales,2.17,2,False,False
420,2026-01-01,HR,3.64,5,False,False
421,2026-01-01,Operations,3.38,3,False,False
422,2026-01-01,Finance,2.95,6,False,False
423,2026-01-01,Finance,2.9,5,False,False
424,2026-01-01,HR,2.41,2,False,False
425,2026-01-01,HR,3.11,5,False,False
426,2026-01-01,Engineering,3.95,2,False,False
427,2026-01-01,Operations,3.52,2,False,False
428,2026-01-01,Operations,3.02,0,False,False
429,2026-01-01,Engineering,3.32,5,False,False
430,2026-01-01,Finance,3.08,5,False,False
431,2026-01-01,Engineering,4.66,3,False,False
432,2026-01-01,Finance,2.72,3,False,False
433,2026-01-01,Operations,3.58,5,False,False
434,2026-01-01,Engineering,4.3,1,False,False
435,2026-01-01,HR,2.56,3,False,False
436,2026-01-01,Engineering,5.0,0,False,False
437,2026-01-01,HR,3.32,6,False,False
438,2026-01-01,Operations,3.52,1,False,False
439,2026-01-01,Engineering,3.01,1,False,False
440,2026-01-01,Sales,3.15,1,False,False
441,2026-01-01,Operations,3.06,3,False,False
442,2026-01-01,Sales,3.33,2,False,False
443,2026-01-01,Engineering,4.41,1,False,False
444,2026-01-01,HR,3.16,0,False,False
445,2026-01-01,HR,2.18,3,False,False
446,2026-01-01,Finance,3.27,0,False,False
447,2026-01-01,Sales,3.98,6,False,False
448,2026-01-01,Operations,3.04,4,False,False
449,2026-01-01,HR,3.97,3,False,False
450,2026-01-01,Sales,2.88,4,False,False
451,2026-01-01,Operations,2.25,6,False,False
452,2026-01-01,Operations,2.57,4,False,False
453,2026-01-01,HR,2.56,2,False,False
454,2026-01-01,Engineering,3.44,2,False,False
455,2026-01-01,HR,3.44,4,False,False
456,2026-01-01,HR,2.92,5,False,False
457,2026-01-01,Engineering,1.85,6,False,False
458,2026-01-01,Finance,2.93,2,False,False
459,2026-01-01,Operations,4.18,2,False,False
460,2026-01-01,Engineering,2.82,3,False,False
461,2026-01-01,Finance,3.1,3,False,False
462,2026-01-01,Engineering,2.61,4,False,False
463,2026-01-01,Finance,4.4,0,False,False
464,2026-01-01,HR,2.79,1,False,False
465,2026-01-01,Engineering,3.97,0,False,False
466,2026-01-01,Operations,4.43,2,False,False
467,2026-01-01,Engineering,4.02,1,False,False
468,2026-01-01,HR,2.61,3,False,False
469,2026-01-01,Engineering,3.33,8,False,False
470,2026-01-01,Operations,2.41,5,False,False
471,2026-01-01,Finance,3.27,2,False,False
472,2026-01-01,Operations,2.93,2,False,False
473,2026-01-01,HR,2.81,1,False,False
474,2026-01-01,HR,3.72,2,False,False
475,2026-01-01,Finance,2.77,3,False,False
476,2026-01-01,Finance,4.09,1,False,False
477,2026-01-01,Operations,2.84,2,False,False
478,2026-01-01,Engineering,4.19,3,False,False
479,2026-01-01,Finance,3.2,5,False,False
480,2026-01-01,Engineering,4.01,4,False,False
481,2026-01-01,Sales,2.87,4,False,False
482,2026-01-01,Operations,2.84,4,False,False
483,2026-01-01,Sales,3.46,5,False,False
484,2026-01-01,Finance,3.87,2,False,False
485,2026-01-01,HR,2.91,2,False,False
486,2026-01-01,Sales,2.74,3,False,False
487,2026-01-01,Sales,2.69,3,False,False
488,2026-01-01,HR,1.99,7,False,False
489,2026-01-01,Finance,2.12,1,False,False
490,2026-01-01,Finance,3.47,1,False,False
491,2026-01-01,Operations,3.48,3,False,False
492,2026-01-01,Operations,3.17,3,False,False
493,2026-01-01,Finance,1.69,2,False,False
494,2026-01-01,Finance,2.88,2,False,False
495,2026-01-01,Sales,2.99,4,False,False
496,2026-01-01,HR,4.1,2,False,False
497,2026-01-01,Engineering,2.6,4,False,False
498,2026-01-01,Sales,2.56,6,False,False
499,2026-01-01,Operations,4.41,0,False,False
500,2026-01-01,HR,3.23,3,False,False
1,2026-02-01,Engineering,2.24,1,False,False
2,2026-02-01,Finance,3.4,6,False,False
3,2026-02-01,Finance,4.17,1,False,False
4,2026-02-01,HR,3.65,1,False,False
5,2026-02-01,HR,3.03,2,False,False
6,2026-02-01,Operations,2.37,4,False,False
7,2026-02-01,Engineering,3.66,0,False,False
8,2026-02-01,Finance,2.84,4,False,False
9,2026-02-01,Sales,2.7,3,False,False
10,2026-02-01,Engineering,3.69,2,False,False
11,2026-02-01,HR,4.26,3,False,False
12,2026-02-01,Operations,4.04,1,False,False
13,2026-02-01,Finance,4.14,1,False,False
14,2026-02-01,Finance,3.37,2,False,False
15,2026-02-01,Finance,3.9,3,False,False
16,2026-02-01,Finance,2.91,4,False,False
17,2026-02-01,HR,3.36,3,False,False
18,2026-02-01,Engineering,2.75,3,False,False
19,2026-02-01,Operations,3.41,2,False,False
20,2026-02-01,HR,3.18,7,False,False
21,2026-02-01,HR,2.51,6,False,False
22,2026-02-01,Sales,2.41,3,False,False
23,2026-02-01,Engineering,3.36,1,False,False
24,2026-02-01,Operations,3.27,5,False,False
25,2026-02-01,Finance,3.05,2,False,False
26,2026-02-01,Finance,3.49,2,False,False
27,2026-02-01,HR,3.14,2,False,False
28,2026-02-01,Operations,3.31,7,False,False
29,2026-02-01,HR,3.73,4,False,False
30,2026-02-01,HR,2.82,3,False,False
31,2026-02-01,HR,3.87,3,False,False
32,2026-02-01,Sales,2.5,3,False,False
33,2026-02-01,Engineering,2.22,2,False,False
34,2026-02-01,HR,2.32,4,False,False
35,2026-02-01,Operations,2.78,2,False,False
36,2026-02-01,Engineering,3.2,4,False,False
37,2026-02-01,Operations,2.8,4,False,False
38,2026-02-01,Operations,2.55,3,False,False
39,2026-02-01,Sales,3.6,0,False,False
40,2026-02-01,Finance,2.93,3,False,False
41,2026-02-01,Engineering,3.66,4,False,False
42,2026-02-01,Finance,3.03,2,False,False
43,2026-02-01,Finance,2.81,1,False,False
44,2026-02-01,Sales,1.71,3,False,False
45,2026-02-01,Engineering,3.65,3,False,False
46,2026-02-01,Operations,1.66,6,False,False
47,2026-02-01,HR,2.92,7,False,False
48,2026-02-01,Operations,3.19,1,False,False
49,2026-02-01,Finance,3.77,1,False,False
50,2026-02-01,Finance,4.05,0,False,False
51,2026-02-01,Finance,3.47,1,False,False
52,2026-02-01,Engineering,2.98,2,False,False
53,2026-02-01,Sales,3.85,0,False,False
54,2026-02-01,HR,2.57,3,False,False
55,2026-02-01,HR,3.64,3,False,False
56,2026-02-01,Engineering,3.75,2,False,False
57,2026-02-01,HR,3.01,3,False,False
58,2026-02-01,Engineering,4.08,1,False,False
59,2026-02-01,Finance,3.84,2,False,False
60,2026-02-01,Finance,2.89,6,False,False
61,2026-02-01,Operations,3.52,2,False,False
62,2026-02-01,Finance,3.01,4,False,False
63,2026-02-01,Sales,3.27,3,False,False
64,2026-02-01,Operations,2.28,1,False,False
65,2026-02-01,HR,2.81,2,False,False
66,2026-02-01,Sales,2.47,3,False,False
67,2026-02-01,Operations,3.08,1,False,False
68,2026-02-01,Sales,2.31,3,False,False
69,2026-02-01,Engineering,3.64,2,False,False
70,2026-02-01,HR,2.56,5,False,False
71,2026-02-01,Finance,3.5,2,False,False
72,2026-02-01,Engineering,3.54,1,False,False
73,2026-02-01,HR,4.16,3,False,False
74,2026-02-01,Engineering,2.26,4,False,False
75,2026-02-01,Finance,3.32,5,False,False
76,2026-02-01,HR,2.93,4,False,False
77,2026-02-01,Sales,3.65,2,False,False
78,2026-02-01,Sales,3.08,2,False,False
79,2026-02-01,HR,3.68,1,False,False
80,2026-02-01,Finance,2.66,2,False,False
81,2026-02-01,Operations,3.24,1,False,False
82,2026-02-01,HR,3.09,2,False,False
83,2026-02-01,Engineering,3.37,2,False,False
84,2026-02-01,Operations,2.51,5,False,False
85,2026-02-01,Finance,3.0,0,False,False
86,2026-02-01,Finance,3.13,3,False,False
87,2026-02-01,Engineering,3.64,3,False,False
88,2026-02-01,Sales,3.33,4,False,False
89,2026-02-01,Finance,3.59,2,False,False
90,2026-02-01,Operations,3.33,1,False,False
91,2026-02-01,HR,2.64,2,False,False
92,2026-02-01,Operations,3.34,3,False,False
93,2026-02-01,Operations,2.06,3,False,False
94,2026-02-01,Sales,3.34,4,False,False
95,2026-02-01,Operations,2.91,4,False,False
96,2026-02-01,Sales,4.17,0,False,False
97,2026-02-01,Sales,4.95,0,False,False
98,2026-02-01,Finance,3.02,4,False,False
99,2026-02-01,Finance,4.03,4,False,False
100,2026-02-01,Engineering,3.36,2,False,False
101,2026-02-01,Operations,3.0,4,False,False
102,2026-02-01,Engineering,3.92,3,False,False
103,2026-02-01,Operations,3.2,3,False,False
104,2026-02-01,Engineering,2.96,3,False,False
105,2026-02-01,Finance,3.52,1,False,False
106,2026-02-01,Finance,2.54,3,False,False
107,2026-02-01,Finance,2.4,4,False,False
108,2026-02-01,Finance,3.44,1,False,False
109,2026-02-01,HR,3.6,4,False,False
110,2026-02-01,Finance,3.12,2,False,False
111,2026-02-01,Sales,3.47,3,False,False
112,2026-02-01,Finance,3.7,2,False,False
113,2026-02-01,HR,3.18,3,False,False
114,2026-02-01,HR,2.6,3,False,False
115,2026-02-01,HR,3.79,3,False,False
116,2026-02-01,HR,3.91,1,False,False
117,2026-02-01,Engineering,3.3,3,False,False
118,2026-02-01,Engineering,3.7,3,False,False
119,2026-02-01,Sales,3.01,1,False,False
120,2026-02-01,Engineering,3.45,3,False,False
121,2026-02-01,HR,3.1,1,False,False
122,2026-02-01,Finance,3.76,2,False,False
123,2026-02-01,Finance,3.23,3,False,False
124,2026-02-01,HR,2.24,2,False,False
125,2026-02-01,Operations,3.64,4,False,False
126,2026-02-01,HR,2.14,5,False,False
127,2026-02-01,Engineering,2.88,5,False,False
128,2026-02-01,Finance,3.72,3,False,False
129,2026-02-01,HR,3.27,2,False,False
130,2026-02-01,Finance,3.98,3,False,False
131,2026-02-01,HR,3.01,4,False,False
132,2026-02-01,HR,2.28,2,False,False
133,2026-02-01,Engineering,3.27,0,False,False
134,2026-02-01,HR,2.94,4,False,False
135,2026-02-01,Finance,2.88,3,False,False
136,2026-02-01,Sales,4.02,2,False,False
137,2026-02-01,Finance,2.64,2,False,False
138,2026-02-01,Engineering,3.43,4,False,False
139,2026-02-01,Sales,2.87,1,False,False
140,2026-02-01,HR,3.75,6,False,False
141,2026-02-01,Operations,3.24,3,False,False
142,2026-02-01,Sales,3.18,3,False,False
143,2026-02-01,Sales,2.97,4,False,False
144,2026-02-01,HR,3.03,0,False,False
145,2026-02-01,Operations,3.0,2,False,False
146,2026-02-01,Operations,3.82,7,False,False
147,2026-02-01,Engineering,3.34,4,False,False
148,2026-02-01,Sales,3.11,7,False,False
149,2026-02-01,Operations,2.42,3,False,False
150,2026-02-01,Engineering,3.49,2,False,False
151,2026-02-01,Operations,3.07,3,False,False
152,2026-02-01,Sales,3.02,1,False,False
153,2026-02-01,Operations,3.29,3,False,False
154,2026-02-01,Sales,3.25,7,False,False
155,2026-02-01,HR,3.88,2,False,False
156,2026-02-01,Finance,3.11,4,False,False
157,2026-02-01,Engineering,3.65,1,False,False
158,2026-02-01,HR,3.19,0,False,False
159,2026-02-01,HR,2.56,2,False,False
160,2026-02-01,Finance,3.65,0,False,False
161,2026-02-01,Operations,1.64,6,False,False
162,2026-02-01,Finance,2.69,6,False,False
163,2026-02-01,HR,2.38,1,False,False
164,2026-02-01,HR,2.75,3,False,False
165,2026-02-01,HR,3.5,1,False,False
166,2026-02-01,Operations,3.49,4,False,False
167,2026-02-01,Sales,2.75,3,False,False
168,2026-02-01,Engineering,4.2,3,False,False
169,2026-02-01,Sales,4.08,2,False,False
170,2026-02-01,Engineering,3.21,1,False,False
171,2026-02-01,Engineering,4.23,2,False,False
172,2026-02-01,Engineering,3.84,1,False,False
173,2026-02-01,Finance,2.92,1,False,False
174,2026-02-01,Finance,3.2,5,False,False
175,2026-02-01,Finance,3.45,5,False,False
176,2026-02-01,HR,3.21,3,False,False
177,2026-02-01,Finance,3.89,2,False,False
178,2026-02-01,Engineering,1.74,5,False,False
179,2026-02-01,Operations,2.17,3,False,False
180,2026-02-01,HR,2.7,3,False,False
181,2026-02-01,Operations,3.19,7,False,False
182,2026-02-01,Engineering,2.92,0,False,False
183,2026-02-01,HR,2.82,4,False,False
184,2026-02-01,Finance,3.25,0,False,False
185,2026-02-01,HR,2.22,2,False,False
186,2026-02-01,HR,4.38,1,False,False
187,2026-02-01,Engineering,4.16,4,False,False
188,2026-02-01,Sales,3.07,1,False,False
189,2026-02-01,Sales,2.68,3,False,False
190,2026-02-01,Sales,2.87,2,False,False
191,2026-02-01,Finance,2.54,1,False,False
192,2026-02-01,Finance,3.47,6,False,False
193,2026-02-01,Finance,3.16,7,False,False
194,2026-02-01,Sales,3.49,2,False,False
195,2026-02-01,Operations,1.99,2,False,False
196,2026-02-01,Engineering,2.78,4,False,False
197,2026-02-01,Sales,3.38,3,False,False
198,2026-02-01,Engineering,3.62,2,False,False
199,2026-02-01,Sales,2.85,2,False,False
200,2026-02-01,Operations,2.07,6,False,False
201,2026-02-01,Sales,3.58,4,False,False
202,2026-02-01,Operations,2.89,7,False,False
203,2026-02-01,HR,2.98,2,False,False
204,2026-02-01,Finance,2.86,6,False,False
205,2026-02-01,HR,1.8,7,False,False
206,2026-02-01,Sales,3.12,1,False,False
207,2026-02-01,Finance,3.08,2,False,False
208,2026-02-01,Operations,3.58,1,False,False
209,2026-02-01,Sales,3.14,5,False,False
210,2026-02-01,Finance,3.85,6,False,False
211,2026-02-01,Sales,3.78,3,False,False
212,2026-02-01,Finance,2.97,1,False,False
213,2026-02-01,Finance,3.69,1,False,False
214,2026-02-01,HR,4.35,2,False,False
215,2026-02-01,Finance,4.5,0,False,False
216,2026-02-01,Sales,2.76,4,False,False
217,2026-02-01,Engineering,2.8,6,False,False
218,2026-02-01,Engineering,4.15,1,False,False
219,2026-02-01,HR,2.28,8,False,False
220,2026-02-01,Operations,2.77,2,False,False
221,2026-02-01,Engineering,2.88,7,False,False
222,2026-02-01,HR,3.62,3,False,False
223,2026-02-01,Finance,3.53,3,False,False
224,2026-02-01,Sales,2.57,2,False,False
225,2026-02-01,Finance,3.14,4,False,False
226,2026-02-01,Sales,2.38,0,False,False
227,2026-02-01,Operations,3.01,2,False,False
228,2026-02-01,HR,3.76,3,False,False
229,2026-02-01,HR,3.27,3,False,False
230,2026-02-01,Engineering,3.93,1,False,False
231,2026-02-01,HR,3.12,1,False,False
232,2026-02-01,Operations,2.82,2,False,False
233,2026-02-01,Engineering,3.37,1,False,False
234,2026-02-01,Finance,2.14,5,False,False
235,2026-02-01,HR,2.02,9,False,False
236,2026-02-01,Finance,2.19,4,False,False
237,2026-02-01,Finance,2.14,7,False,False
238,2026-02-01,HR,2.27,2,False,False
239,2026-02-01,Sales,3.9,2,False,False
240,2026-02-01,Finance,3.61,0,False,False
241,2026-02-01,Engineering,4.47,0,False,False
242,2026-02-01,HR,3.51,1,False,False
243,2026-02-01,Engineering,3.97,5,False,False
244,2026-02-01,Finance,2.37,3,False,False
245,2026-02-01,Finance,3.91,1,False,False
246,2026-02-01,Engineering,3.54,1,False,False
247,2026-02-01,Finance,2.98,1,False,False
248,2026-02-01,HR,3.08,3,False,False
249,2026-02-01,Finance,3.27,1,False,False
250,2026-02-01,Engineering,2.57,5,False,False
251,2026-02-01,Engineering,3.32,0,False,False
252,2026-02-01,HR,2.13,2,False,False
253,2026-02-01,Engineering,2.9,5,False,False
254,2026-02-01,Sales,3.97,2,False,False
255,2026-02-01,Finance,2.69,6,False,False
256,2026-02-01,Engineering,3.34,5,False,False
257,2026-02-01,Finance,3.75,0,False,False
258,2026-02-01,Engineering,3.38,1,False,False
259,2026-02-01,Engineering,3.48,1,False,False
260,2026-02-01,HR,3.69,0,False,False
261,2026-02-01,Finance,2.34,2,False,False
262,2026-02-01,Engineering,4.11,0,False,False
263,2026-02-01,Sales,3.19,3,False,False
264,2026-02-01,Operations,4.03,3,False,False
265,2026-02-01,Operations,3.05,2,False,False
266,2026-02-01,HR,3.23,2,False,False
267,2026-02-01,HR,2.21,5,False,False
268,2026-02-01,Sales,2.99,4,False,False
269,2026-02-01,Finance,2.03,5,False,False
270,2026-02-01,HR,3.35,4,False,False
271,2026-02-01,Sales,4.08,2,False,False
272,2026-02-01,Engineering,3.54,4,False,False
273,2026-02-01,Engineering,3.05,2,False,False
274,2026-02-01,Operations,2.97,7,False,False
275,2026-02-01,HR,3.26,1,False,False
276,2026-02-01,HR,3.7,1,False,False
277,2026-02-01,HR,2.95,3,False,False
278,2026-02-01,Finance,3.79,1,False,False
279,2026-02-01,Engineering,2.89,3,False,False
280,2026-02-01,Engineering,4.43,1,False,False
281,2026-02-01,Sales,3.71,3,False,False
282,2026-02-01,HR,3.51,6,False,False
283,2026-02-01,Finance,2.72,9,False,False
284,2026-02-01,HR,2.6,4,False,False
285,2026-02-01,HR,2.79,9,False,False
286,2026-02-01,Operations,2.69,5,False,False
287,2026-02-01,Engineering,3.0,7,False,False
288,2026-02-01,HR,3.46,1,False,False
289,2026-02-01,HR,3.56,3,False,False
290,2026-02-01,HR,3.22,5,False,False
291,2026-02-01,Operations,3.69,4,False,False
292,2026-02-01,Sales,2.95,4,False,False
293,2026-02-01,Operations,3.63,2,False,False
294,2026-02-01,Sales,3.33,7,False,False
295,2026-02-01,HR,3.13,1,False,False
296,2026-02-01,HR,2.64,2,False,False
297,2026-02-01,Operations,4.37,2,False,False
298,2026-02-01,HR,3.18,4,False,False
299,2026-02-01,Sales,2.93,3,False,False
300,2026-02-01,Engineering,3.98,3,False,False
301,2026-02-01,Sales,1.58,2,False,False
302,2026-02-01,Operations,1.97,6,False,False
303,2026-02-01,Engineering,3.78,5,False,False
304,2026-02-01,Operations,3.55,1,False,False
305,2026-02-01,HR,3.45,0,False,False
306,2026-02-01,Engineering,2.84,4,False,False
307,2026-02-01,Sales,3.39,2,False,False
308,2026-02-01,HR,3.72,5,False,False
309,2026-02-01,Sales,3.5,2,False,False
310,2026-02-01,Engineering,4.0,0,False,False
311,2026-02-01,Finance,2.47,2,False,False
312,2026-02-01,Finance,3.45,2,False,False
313,2026-02-01,Engineering,2.54,6,False,False
314,2026-02-01,Sales,3.03,2,False,False
315,2026-02-01,Sales,4.0,5,False,False
316,2026-02-01,Finance,2.73,4,False,False
317,2026-02-01,Finance,2.53,5,False,False
318,2026-02-01,Finance,2.46,3,False,False
319,2026-02-01,Operations,3.07,3,False,False
320,2026-02-01,Finance,3.71,1,False,False
321,2026-02-01,Sales,1.58,3,False,False
322,2026-02-01,Engineering,3.89,3,False,False
323,2026-02-01,Finance,3.35,6,False,False
324,2026-02-01,Operations,3.14,2,False,False
325,2026-02-01,Operations,2.03,6,False,False
326,2026-02-01,Sales,2.19,10,False,False
327,2026-02-01,Sales,3.84,3,False,False
328,2026-02-01,Engineering,2.25,3,False,False
329,2026-02-01,Engineering,3.5,2,False,False
330,2026-02-01,HR,2.08,3,False,False
331,2026-02-01,HR,3.34,4,False,False
332,2026-02-01,Sales,2.56,6,False,False
333,2026-02-01,Sales,3.35,4,False,False
334,2026-02-01,Operations,3.04,2,False,False
335,2026-02-01,HR,4.26,1,False,False
336,2026-02-01,Operations,3.27,2,False,False
337,2026-02-01,Operations,3.58,3,False,False
338,2026-02-01,Sales,1.99,2,False,False
339,2026-02-01,Sales,3.1,1,False,False
340,2026-02-01,Operations,3.05,7,False,False
341,2026-02-01,Finance,2.93,2,False,False
342,2026-02-01,Sales,3.21,1,False,False
343,2026-02-01,Finance,2.65,6,False,False
344,2026-02-01,HR,2.64,2,False,False
345,2026-02-01,Operations,3.29,2,False,False
346,2026-02-01,Sales,2.8,3,False,False
347,2026-02-01,Operations,2.12,5,False,False
348,2026-02-01,Operations,2.61,0,False,False
349,2026-02-01,Engineering,3.95,0,False,False
350,2026-02-01,Engineering,2.6,5,False,False
351,2026-02-01,HR,3.08,6,False,False
352,2026-02-01,Engineering,4.02,3,False,False
353,2026-02-01,Sales,3.73,2,False,False
354,2026-02-01,HR,3.04,2,False,False
355,2026-02-01,Operations,3.9,6,False,False
356,2026-02-01,Operations,3.65,3,False,False
357,2026-02-01,Engineering,3.48,0,False,False
358,2026-02-01,Operations,3.9,4,False,False
359,2026-02-01,Engineering,3.44,2,False,False
360,2026-02-01,Finance,3.07,1,False,False
361,2026-02-01,Operations,3.64,1,False,False
362,2026-02-01,Operations,3.96,0,False,False
363,2026-02-01,Sales,2.63,5,False,False
364,2026-02-01,Operations,2.9,7,False,False
365,2026-02-01,Engineering,5.0,1,False,False
366,2026-02-01,HR,3.52,0,False,False
367,2026-02-01,HR,2.97,2,False,False
368,2026-02-01,Sales,3.9,3,False,False
369,2026-02-01,Engineering,3.32,3,False,False
370,2026-02-01,Finance,2.52,4,False,False
371,2026-02-01,Sales,3.21,1,False,False
372,2026-02-01,Finance,2.19,7,False,False
373,2026-02-01,HR,2.82,5,False,False
374,2026-02-01,Sales,3.81,2,False,False
375,2026-02-01,Operations,3.54,3,False,False
376,2026-02-01,Engineering,3.19,2,False,False
377,2026-02-01,Finance,3.29,2,False,False
378,2026-02-01,Finance,3.06,2,False,False
379,2026-02-01,Sales,3.04,2,False,False
380,2026-02-01,Sales,3.06,4,False,False
381,2026-02-01,Engineering,3.36,5,False,False
382,2026-02-01,Operations,2.73,4,False,False
383,2026-02-01,Operations,3.45,3,False,False
384,2026-02-01,Sales,2.71,1,False,False
385,2026-02-01,Engineering,3.85,0,False,False
386,2026-02-01,Engineering,3.03,1,False,False
387,2026-02-01,Engineering,3.46,2,False,False
388,2026-02-01,Operations,3.45,4,False,False
389,2026-02-01,Operations,3.11,5,False,False
390,2026-02-01,Engineering,2.4,6,False,False
391,2026-02-01,Finance,3.13,3,False,False
392,2026-02-01,Engineering,3.98,1,False,False
393,2026-02-01,Sales,2.22,1,False,False
394,2026-02-01,HR,3.48,3,False,False
395,2026-02-01,Finance,3.65,6,False,False
396,2026-02-01,Operations,3.51,0,False,False
397,2026-02-01,Engineering,3.51,0,False,False
398,2026-02-01,Engineering,3.11,3,False,False
399,2026-02-01,Sales,3.68,4,False,False
400,2026-02-01,Sales,3.87,4,False,False
401,2026-02-01,Operations,1.31,4,False,False
402,2026-02-01,Finance,2.5,2,False,False
403,2026-02-01,Sales,2.48,4,False,False
404,2026-02-01,Operations,2.49,3,False,False
405,2026-02-01,HR,3.09,2,False,False
406,2026-02-01,HR,3.86,3,False,False
407,2026-02-01,HR,2.45,6,False,False
408,2026-02-01,Engineering,2.99,3,False,False
409,2026-02-01,Operations,2.45,3,False,False
410,2026-02-01,Engineering,2.44,2,False,False
411,2026-02-01,Engineering,4.23,3,False,False
412,2026-02-01,Sales,2.57,7,False,False
413,2026-02-01,Sales,3.29,0,False,False
414,2026-02-01,Engineering,2.97,2,False,False
415,2026-02-01,Engineering,4.5,0,False,False
416,2026-02-01,Finance,3.41,3,False,False
417,2026-02-01,Operations,3.0,5,False,False
418,2026-02-01,Engineering,3.94,2,False,False
419,2026-02-01,Sales,2.17,3,False,False
420,2026-02-01,HR,3.79,1,False,False
421,2026-02-01,Operations,3.24,2,False,False
422,2026-02-01,Finance,3.13,5,False,False
423,2026-02-01,Finance,3.04,5,False,False
424,2026-02-01,HR,2.31,7,False,False
425,2026-02-01,HR,3.16,2,False,False
426,2026-02-01,Engineering,4.05,2,False,False
427,2026-02-01,Operations,3.23,1,False,False
428,2026-02-01,Operations,2.98,3,False,False
429,2026-02-01,Engineering,3.52,3,False,False
430,2026-02-01,Finance,3.06,2,False,False
431,2026-02-01,Engineering,4.62,2,False,False
432,2026-02-01,Finance,2.71,6,False,False
433,2026-02-01,Operations,3.54,3,False,False
434,2026-02-01,Engineering,4.25,0,False,False
435,2026-02-01,HR,2.55,4,False,False
436,2026-02-01,Engineering,4.94,1,False,False
437,2026-02-01,HR,3.16,2,False,False
438,2026-02-01,Operations,3.28,3,False,False
439,2026-02-01,Engineering,3.15,4,False,False
440,2026-02-01,Sales,3.12,4,False,False
441,2026-02-01,Operations,3.04,0,False,False
442,2026-02-01,Sales,3.35,5,False,False
443,2026-02-01,Engineering,4.5,1,False,False
444,2026-02-01,HR,3.19,0,False,False
445,2026-02-01,HR,2.36,3,False,False
446,2026-02-01,Finance,3.18,2,False,False
447,2026-02-01,Sales,4.09,1,False,False
448,2026-02-01,Operations,3.16,1,False,False
449,2026-02-01,HR,3.79,2,False,False
450,2026-02-01,Sales,2.77,5,False,False
451,2026-02-01,Operations,2.23,8,False,False
452,2026-02-01,Operations,2.55,1,False,False
453,2026-02-01,HR,2.46,2,False,False
454,2026-02-01,Engineering,3.44,3,False,False
455,2026-02-01,HR,3.17,1,False,False
456,2026-02-01,HR,2.89,2,False,False
457,2026-02-01,Engineering,1.75,2,False,False
458,2026-02-01,Finance,2.84,6,False,False
459,2026-02-01,Operations,4.37,3,False,False
460,2026-02-01,Engineering,2.9,0,False,False
461,2026-02-01,Finance,2.91,3,False,False
462,2026-02-01,Engineering,2.68,2,False,False
463,2026-02-01,Finance,4.23,1,False,False
464,2026-02-01,HR,2.71,6,False,False
465,2026-02-01,Engineering,4.03,3,False,False
466,2026-02-01,Operations,4.39,4,False,False
467,2026-02-01,Engineering,3.86,3,False,False
468,2026-02-01,HR,2.84,3,False,False
469,2026-02-01,Engineering,3.08,1,False,False
470,2026-02-01,Operations,2.42,3,False,False
471,2026-02-01,Finance,3.12,2,False,False
472,2026-02-01,Operations,2.93,2,False,False
473,2026-02-01,HR,2.6,5,False,False
474,2026-02-01,HR,3.94,2,False,False
475,2026-02-01,Finance,3.02,1,False,False
476,2026-02-01,Finance,4.12,3,False,False
477,2026-02-01,Operations,2.83,7,False,False
478,2026-02-01,Engineering,4.29,2,False,False
479,2026-02-01,Finance,3.28,0,False,False
480,2026-02-01,Engineering,4.21,1,False,False
481,2026-02-01,Sales,2.85,4,False,False
482,2026-02-01,Operations,3.03,4,False,False
483,2026-02-01,Sales,3.36,4,False,False
484,2026-02-01,Finance,3.93,2,False,False
485,2026-02-01,HR,3.01,0,False,False
486,2026-02-01,Sales,2.45,2,False,False
487,2026-02-01,Sales,2.53,1,False,False
488,2026-02-01,HR,2.06,2,False,False
489,2026-02-01,Finance,2.19,1,False,False
490,2026-02-01,Finance,3.62,4,False,False
491,2026-02-01,Operations,3.5,5,False,False
492,2026-02-01,Operations,3.07,2,False,False
493,2026-02-01,Finance,1.75,3,False,False
494,2026-02-01,Finance,3.01,1,False,False
495,2026-02-01,Sales,2.98,1,False,False
496,2026-02-01,HR,4.24,1,False,False
497,2026-02-01,Engineering,2.45,4,False,False
498,2026-02-01,Sales,2.84,4,False,False
499,2026-02-01,Operations,4.51,2,False,False
500,2026-02-01,HR,3.18,5,False,False
1,2026-03-01,Engineering,2.34,4,False,False
2,2026-03-01,Finance,3.45,4,False,False
3,2026-03-01,Finance,4.05,1,False,False
4,2026-03-01,HR,3.53,3,False,False
5,2026-03-01,HR,3.3,1,False,False
6,2026-03-01,Operations,2.31,3,False,False
7,2026-03-01,Engineering,3.46,2,False,False
8,2026-03-01,Finance,2.69,1,False,False
9,2026-03-01,Sales,2.6,5,False,False
10,2026-03-01,Engineering,3.65,4,False,False
11,2026-03-01,HR,4.34,0,False,False
12,2026-03-01,Operations,4.37,4,False,False
13,2026-03-01,Finance,4.43,2,False,False
14,2026-03-01,Finance,3.33,5,False,False
15,2026-03-01,Finance,3.96,0,False,False
16,2026-03-01,Finance,3.08,0,False,False
17,2026-03-01,HR,3.59,2,False,False
18,2026-03-01,Engineering,2.69,2,False,False
19,2026-03-01,Operations,3.39,3,False,False
20,2026-03-01,HR,3.14,4,False,False
21,2026-03-01,HR,2.56,4,False,False
22,2026-03-01,Sales,2.29,2,False,False
23,2026-03-01,Engineering,3.29,1,False,False
24,2026-03-01,Operations,3.26,2,False,False
25,2026-03-01,Finance,3.14,4,False,False
26,2026-03-01,Finance,3.22,3,False,False
27,2026-03-01,HR,3.26,3,False,False
28,2026-03-01,Operations,3.06,2,False,False
29,2026-03-01,HR,3.66,2,False,False
30,2026-03-01,HR,2.62,5,False,False
31,2026-03-01,HR,4.04,3,False,False
32,2026-03-01,Sales,2.54,1,False,False
33,2026-03-01,Engineering,2.13,6,False,False
34,2026-03-01,HR,2.42,4,False,False
35,2026-03-01,Operations,2.68,2,False,False
36,2026-03-01,Engineering,2.91,2,False,False
37,2026-03-01,Operations,2.86,2,False,False
38,2026-03-01,Operations,2.6,2,False,False
39,2026-03-01,Sales,3.58,1,False,False
40,2026-03-01,Finance,2.73,1,False,False
41,2026-03-01,Engineering,3.77,5,False,False
42,2026-03-01,Finance,2.93,1,False,False
43,2026-03-01,Finance,3.25,3,False,False
44,2026-03-01,Sales,1.69,4,False,False
45,2026-03-01,Engineering,3.35,1,False,False
46,2026-03-01,Operations,1.64,3,False,False
47,2026-03-01,HR,3.05,3,False,False
48,2026-03-01,Operations,3.28,1,False,False
49,2026-03-01,Finance,3.7,3,False,False
50,2026-03-01,Finance,4.02,4,False,False
51,2026-03-01,Finance,3.66,1,False,False
52,2026-03-01,Engineering,3.06,3,False,False
53,2026-03-01,Sales,3.84,2,False,False
54,2026-03-01,HR,2.57,7,False,False
55,2026-03-01,HR,3.52,1,False,False
56,2026-03-01,Engineering,3.83,4,False,False
57,2026-03-01,HR,3.1,3,False,False
58,2026-03-01,Engineering,3.96,1,False,False
59,2026-03-01,Finance,3.81,1,False,False
60,2026-03-01,Finance,2.76,4,False,False
61,2026-03-01,Operations,3.69,2,False,False
62,2026-03-01,Finance,3.2,2,False,False
63,2026-03-01,Sales,3.32,3,False,False
64,2026-03-01,Operations,2.22,3,False,False
65,2026-03-01,HR,2.85,0,False,False
66,2026-03-01,Sales,2.66,1,False,False
67,2026-03-01,Operations,2.93,3,False,False
68,2026-03-01,Sales,2.49,6,False,False
69,2026-03-01,Engineering,3.76,3,False,False
70,2026-03-01,HR,2.41,4,False,False
71,2026-03-01,Finance,3.61,4,False,False
72,2026-03-01,Engineering,3.2,2,False,False
73,2026-03-01,HR,4.09,4,False,False
74,2026-03-01,Engineering,2.16,5,False,False
75,2026-03-01,Finance,3.48,2,False,False
76,2026-03-01,HR,2.98,4,False,False
77,2026-03-01,Sales,3.82,3,False,False
78,2026-03-01,Sales,3.16,3,False,False
79,2026-03-01,HR,3.79,3,False,False
80,2026-03-01,Finance,2.81,6,False,False
81,2026-03-01,Operations,3.56,0,False,False
82,2026-03-01,HR,3.19,3,False,False
83,2026-03-01,Engineering,3.56,2,False,False
84,2026-03-01,Operations,2.44,2,False,False
85,2026-03-01,Finance,3.18,0,False,False
86,2026-03-01,Finance,3.13,5,False,False
87,2026-03-01,Engineering,3.73,3,False,False
88,2026-03-01,Sales,3.6,4,False,False
89,2026-03-01,Finance,3.44,5,False,False
90,2026-03-01,Operations,3.24,1,False,False
91,2026-03-01,HR,3.03,0,False,False
92,2026-03-01,Operations,3.28,4,False,False
93,2026-03-01,Operations,2.1,2,False,False
94,2026-03-01,Sales,3.26,4,False,False
95,2026-03-01,Operations,2.98,1,False,False
96,2026-03-01,Sales,4.22,3,False,False
97,2026-03-01,Sales,4.75,2,False,False
98,2026-03-01,Finance,3.24,2,False,False
99,2026-03-01,Finance,4.2,2,False,False
100,2026-03-01,Engineering,3.56,3,False,False
101,2026-03-01,Operations,2.99,4,False,False
102,2026-03-01,Engineering,4.02,3,False,False
103,2026-03-01,Operations,3.26,0,False,False
104,2026-03-01,Engineering,3.0,1,False,False
105,2026-03-01,Finance,3.4,1,False,False
106,2026-03-01,Finance,2.55,7,False,False
107,2026-03-01,Finance,2.36,3,False,False
108,2026-03-01,Finance,3.73,4,False,False
109,2026-03-01,HR,3.61,2,False,False
110,2026-03-01,Finance,3.19,2,False,False
111,2026-03-01,Sales,3.37,5,False,False
112,2026-03-01,Finance,3.68,2,False,False
113,2026-03-01,HR,3.26,4,False,False
114,2026-03-01,HR,2.62,4,False,False
115,2026-03-01,HR,3.95,1,False,False
116,2026-03-01,HR,3.7,5,False,False
117,2026-03-01,Engineering,3.19,3,False,False
118,2026-03-01,Engineering,3.6,1,False,False
119,2026-03-01,Sales,3.32,3,False,False
120,2026-03-01,Engineering,3.54,3,False,False
121,2026-03-01,HR,3.13,4,False,False
122,2026-03-01,Finance,3.47,3,False,False
123,2026-03-01,Finance,3.07,5,False,False
124,2026-03-01,HR,2.6,3,False,False
125,2026-03-01,Operations,3.5,1,False,False
126,2026-03-01,HR,2.2,2,False,False
127,2026-03-01,Engineering,2.82,1,False,False
128,2026-03-01,Finance,3.66,2,False,False
129,2026-03-01,HR,3.35,1,False,False
130,2026-03-01,Finance,3.69,3,False,False
131,2026-03-01,HR,3.1,3,False,False
132,2026-03-01,HR,2.28,6,False,False
133,2026-03-01,Engineering,3.36,3,False,False
134,2026-03-01,HR,2.9,6,False,False
135,2026-03-01,Finance,2.93,1,False,False
136,2026-03-01,Sales,3.87,3,False,False
137,2026-03-01,Finance,2.71,1,False,False
138,2026-03-01,Engineering,3.29,3,False,False
139,2026-03-01,Sales,2.95,5,False,False
140,2026-03-01,HR,3.73,2,False,False
141,2026-03-01,Operations,3.3,2,False,False
142,2026-03-01,Sales,3.35,3,False,False
143,2026-03-01,Sales,3.51,4,False,False
144,2026-03-01,HR,2.85,2,False,False
145,2026-03-01,Operations,3.19,1,False,False
146,2026-03-01,Operations,3.79,3,False,False
147,2026-03-01,Engineering,3.27,1,False,False
148,2026-03-01,Sales,3.08,3,False,False
149,2026-03-01,Operations,2.47,3,False,False
150,2026-03-01,Engineering,3.2,3,False,False
151,2026-03-01,Operations,2.98,1,False,False
152,2026-03-01,Sales,2.97,0,False,False
153,2026-03-01,Operations,3.52,5,False,False
154,2026-03-01,Sales,3.32,4,False,False
155,2026-03-01,HR,3.71,3,False,False
156,2026-03-01,Finance,3.13,2,False,False
157,2026-03-01,Engineering,3.59,4,False,False
158,2026-03-01,HR,3.14,2,False,False
159,2026-03-01,HR,2.76,7,False,False
160,2026-03-01,Finance,3.62,3,False,False
161,2026-03-01,Operations,1.71,4,False,False
162,2026-03-01,Finance,2.61,3,False,False
163,2026-03-01,HR,2.06,5,False,False
164,2026-03-01,HR,2.78,2,False,False
165,2026-03-01,HR,3.26,4,False,False
166,2026-03-01,Operations,3.55,0,False,False
167,2026-03-01,Sales,2.89,1,False,False
168,2026-03-01,Engineering,4.43,3,False,False
169,2026-03-01,Sales,4.01,2,False,False
170,2026-03-01,Engineering,3.17,3,False,False
171,2026-03-01,Engineering,4.43,1,False,False
172,2026-03-01,Engineering,3.85,1,False,False
173,2026-03-01,Finance,2.99,0,False,False
174,2026-03-01,Finance,3.16,1,False,False
175,2026-03-01,Finance,3.66,0,False,False
176,2026-03-01,HR,3.26,1,False,False
177,2026-03-01,Finance,3.93,2,False,False
178,2026-03-01,Engineering,1.64,7,False,False
179,2026-03-01,Operations,2.32,2,False,False
180,2026-03-01,HR,2.78,3,False,False
181,2026-03-01,Operations,3.37,0,False,False
182,2026-03-01,Engineering,2.77,3,False,False
183,2026-03-01,HR,2.77,3,False,False
184,2026-03-01,Finance,3.22,3,False,False
185,2026-03-01,HR,2.07,1,False,False
186,2026-03-01,HR,4.47,0,False,False
187,2026-03-01,Engineering,4.03,1,False,False
188,2026-03-01,Sales,2.96,2,False,False
189,2026-03-01,Sales,2.86,4,False,False
190,2026-03-01,Sales,3.01,6,False,False
191,2026-03-01,Finance,2.81,5,False,False
192,2026-03-01,Finance,3.52,0,False,False
193,2026-03-01,Finance,3.22,3,True,False
194,2026-03-01,Sales,3.67,1,False,False
195,2026-03-01,Operations,1.83,4,False,False
196,2026-03-01,Engineering,2.93,5,False,False
197,2026-03-01,Sales,3.36,1,False,False
198,2026-03-01,Engineering,3.6,3,False,False
199,2026-03-01,Sales,2.82,2,False,False
200,2026-03-01,Operations,2.0,0,False,False
201,2026-03-01,Sales,3.78,2,False,False
202,2026-03-01,Operations,2.85,5,False,False
203,2026-03-01,HR,3.02,3,False,False
204,2026-03-01,Finance,2.98,1,False,False
205,2026-03-01,HR,2.07,3,False,False
206,2026-03-01,Sales,2.99,2,False,False
207,2026-03-01,Finance,2.91,2,False,False
208,2026-03-01,Operations,3.21,5,False,False
209,2026-03-01,Sales,3.06,2,False,False
210,2026-03-01,Finance,4.07,0,False,False
211,2026-03-01,Sales,3.72,3,False,False
212,2026-03-01,Finance,3.06,4,False,False
213,2026-03-01,Finance,3.85,0,False,False
214,2026-03-01,HR,4.14,2,False,False
215,2026-03-01,Finance,4.46,1,False,False
216,2026-03-01,Sales,2.55,2,False,False
217,2026-03-01,Engineering,2.84,5,False,False
218,2026-03-01,Engineering,4.18,2,False,False
219,2026-03-01,HR,2.21,6,False,False
220,2026-03-01,Operations,2.58,4,False,False
221,2026-03-01,Engineering,2.68,4,False,False
222,2026-03-01,HR,3.64,2,False,False
223,2026-03-01,Finance,3.6,6,False,False
224,2026-03-01,Sales,2.49,5,False,False
225,2026-03-01,Finance,3.18,4,False,False
226,2026-03-01,Sales,2.35,2,False,False
227,2026-03-01,Operations,3.05,6,False,False
228,2026-03-01,HR,3.52,3,False,False
229,2026-03-01,HR,3.15,6,False,False
230,2026-03-01,Engineering,4.03,1,False,False
231,2026-03-01,HR,3.01,3,False,False
232,2026-03-01,Operations,3.04,4,False,False
233,2026-03-01,Engineering,3.36,3,False,False
234,2026-03-01,Finance,2.22,2,False,False
235,2026-03-01,HR,2.11,6,True,False
236,2026-03-01,Finance,2.48,2,False,False
237,2026-03-01,Finance,2.32,4,False,False
238,2026-03-01,HR,2.27,8,False,False
239,2026-03-01,Sales,3.87,4,False,False
240,2026-03-01,Finance,3.46,4,False,False
241,2026-03-01,Engineering,4.5,1,False,False
242,2026-03-01,HR,3.37,2,False,False
243,2026-03-01,Engineering,3.64,4,False,False
244,2026-03-01,Finance,2.62,6,False,False
245,2026-03-01,Finance,4.06,4,False,False
246,2026-03-01,Engineering,3.46,6,False,False
247,2026-03-01,Finance,2.97,3,False,False
248,2026-03-01,HR,3.19,2,False,False
249,2026-03-01,Finance,3.29,0,False,False
250,2026-03-01,Engineering,2.69,3,False,False
251,2026-03-01,Engineering,3.25,4,False,False
252,2026-03-01,HR,2.3,5,False,False
253,2026-03-01,Engineering,3.01,3,True,False
254,2026-03-01,Sales,3.89,1,False,False
255,2026-03-01,Finance,2.98,4,False,False
256,2026-03-01,Engineering,3.51,1,False,False
257,2026-03-01,Finance,3.9,3,False,False
258,2026-03-01,Engineering,3.54,4,False,False
259,2026-03-01,Engineering,3.63,2,False,False
260,2026-03-01,HR,3.97,2,False,False
261,2026-03-01,Finance,2.33,0,False,False
262,2026-03-01,Engineering,4.04,1,False,False
263,2026-03-01,Sales,3.25,2,False,False
264,2026-03-01,Operations,4.18,0,False,False
265,2026-03-01,Operations,2.93,1,False,False
266,2026-03-01,HR,3.13,3,False,False
267,2026-03-01,HR,2.36,5,False,False
268,2026-03-01,Sales,2.81,3,False,False
269,2026-03-01,Finance,2.05,3,False,False
270,2026-03-01,HR,3.56,1,False,False
271,2026-03-01,Sales,4.12,2,False,False
272,2026-03-01,Engineering,3.47,1,False,False
273,2026-03-01,Engineering,3.08,3,False,False
274,2026-03-01,Operations,3.11,3,False,False
275,2026-03-01,HR,3.23,2,False,False
276,2026-03-01,HR,3.73,5,False,False
277,2026-03-01,HR,3.1,2,False,False
278,2026-03-01,Finance,3.71,1,False,False
279,2026-03-01,Engineering,3.07,3,False,False
280,2026-03-01,Engineering,4.12,2,False,False
281,2026-03-01,Sales,3.57,1,False,False
282,2026-03-01,HR,3.62,4,False,False
283,2026-03-01,Finance,2.63,3,False,False
284,2026-03-01,HR,2.51,4,False,False
285,2026-03-01,HR,2.75,3,False,False
286,2026-03-01,Operations,2.65,3,False,False
287,2026-03-01,Engineering,3.11,5,False,False
288,2026-03-01,HR,3.42,4,False,False
289,2026-03-01,HR,3.49,1,False,False
290,2026-03-01,HR,3.4,1,False,False
291,2026-03-01,Operations,3.61,2,False,False
292,2026-03-01,Sales,2.82,1,False,False
293,2026-03-01,Operations,3.63,2,False,False
294,2026-03-01,Sales,3.13,1,False,False
295,2026-03-01,HR,3.13,4,False,False
296,2026-03-01,HR,2.63,1,False,False
297,2026-03-01,Operations,4.19,2,False,False
298,2026-03-01,HR,3.28,3,False,False
299,2026-03-01,Sales,2.8,5,False,False
300,2026-03-01,Engineering,3.83,2,False,False
301,2026-03-01,Sales,1.52,4,False,False
302,2026-03-01,Operations,1.87,3,False,False
303,2026-03-01,Engineering,3.87,2,False,False
304,2026-03-01,Operations,3.51,2,False,False
305,2026-03-01,HR,3.47,3,False,False
306,2026-03-01,Engineering,2.93,2,False,False
307,2026-03-01,Sales,3.27,1,False,False
308,2026-03-01,HR,3.62,1,False,False
309,2026-03-01,Sales,3.19,2,False,False
310,2026-03-01,Engineering,3.77,3,False,False
311,2026-03-01,Finance,2.37,1,False,False
312,2026-03-01,Finance,3.45,2,False,False
313,2026-03-01,Engineering,2.56,1,False,False
314,2026-03-01,Sales,3.1,4,False,False
315,2026-03-01,Sales,3.91,0,False,False
316,2026-03-01,Finance,3.02,0,False,False
317,2026-03-01,Finance,2.49,4,False,False
318,2026-03-01,Finance,2.22,7,False,False
319,2026-03-01,Operations,2.77,5,False,False
320,2026-03-01,Finance,3.71,3,False,False
321,2026-03-01,Sales,1.37,6,False,False
322,2026-03-01,Engineering,3.92,1,False,False
323,2026-03-01,Finance,3.28,2,False,False
324,2026-03-01,Operations,3.07,1,False,False
325,2026-03-01,Operations,1.88,1,False,False
326,2026-03-01,Sales,2.28,3,False,False
327,2026-03-01,Sales,3.79,3,False,False
328,2026-03-01,Engineering,2.26,0,False,False
329,2026-03-01,Engineering,3.7,1,False,False
330,2026-03-01,HR,1.82,6,False,False
331,2026-03-01,HR,3.28,2,False,False
332,2026-03-01,Sales,2.36,5,False,False
333,2026-03-01,Sales,3.23,5,False,False
334,2026-03-01,Operations,2.91,3,False,False
335,2026-03-01,HR,4.15,1,False,False
336,2026-03-01,Operations,3.18,2,False,False
337,2026-03-01,Operations,3.67,0,False,False
338,2026-03-01,Sales,2.19,2,False,False
339,2026-03-01,Sales,3.33,2,False,False
340,2026-03-01,Operations,3.16,0,False,False
341,2026-03-01,Finance,2.75,6,False,False
342,2026-03-01,Sales,3.29,5,False,False
343,2026-03-01,Finance,2.6,4,False,False
344,2026-03-01,HR,2.49,2,False,False
345,2026-03-01,Operations,3.23,4,False,False
346,2026-03-01,Sales,2.74,3,False,False
347,2026-03-01,Operations,1.93,4,False,False
348,2026-03-01,Operations,2.71,4,False,False
349,2026-03-01,Engineering,3.68,2,False,False
350,2026-03-01,Engineering,2.34,3,False,False
351,2026-03-01,HR,2.93,4,False,False
352,2026-03-01,Engineering,4.05,1,False,False
353,2026-03-01,Sales,3.76,5,False,False
354,2026-03-01,HR,2.99,4,False,False
355,2026-03-01,Operations,3.67,2,False,False
356,2026-03-01,Operations,3.64,2,False,False
357,2026-03-01,Engineering,3.38,1,False,False
358,2026-03-01,Operations,4.07,2,False,False
359,2026-03-01,Engineering,3.5,3,False,False
360,2026-03-01,Finance,3.17,6,False,False
361,2026-03-01,Operations,3.74,2,False,False
362,2026-03-01,Operations,3.76,5,False,False
363,2026-03-01,Sales,2.49,5,False,False
364,2026-03-01,Operations,2.93,5,False,False
365,2026-03-01,Engineering,4.98,1,False,False
366,2026-03-01,HR,3.61,4,False,False
367,2026-03-01,HR,3.13,4,False,False
368,2026-03-01,Sales,4.04,1,False,False
369,2026-03-01,Engineering,3.23,2,False,False
370,2026-03-01,Finance,2.65,4,False,False
371,2026-03-01,Sales,3.33,1,False,False
372,2026-03-01,Finance,2.2,10,False,False
373,2026-03-01,HR,2.86,4,False,False
374,2026-03-01,Sales,3.61,2,False,False
375,2026-03-01,Operations,3.59,0,False,False
376,2026-03-01,Engineering,3.26,3,False,False
377,2026-03-01,Finance,3.0,1,False,False
378,2026-03-01,Finance,3.09,2,False,False
379,2026-03-01,Sales,3.01,3,False,False
380,2026-03-01,Sales,3.16,2,False,False
381,2026-03-01,Engineering,3.37,4,False,False
382,2026-03-01,Operations,2.59,1,False,False
383,2026-03-01,Operations,3.48,2,False,False
384,2026-03-01,Sales,2.69,2,False,False
385,2026-03-01,Engineering,3.94,2,False,False
386,2026-03-01,Engineering,2.89,4,False,False
387,2026-03-01,Engineering,3.44,1,False,False
388,2026-03-01,Operations,3.22,8,False,False
389,2026-03-01,Operations,3.24,1,False,False
390,2026-03-01,Engineering,2.2,4,False,False
391,2026-03-01,Finance,3.25,4,False,False
392,2026-03-01,Engineering,3.94,2,False,False
393,2026-03-01,Sales,2.42,6,False,False
394,2026-03-01,HR,3.29,3,False,False
395,2026-03-01,Finance,3.55,2,False,False
396,2026-03-01,Operations,3.57,2,False,False
397,2026-03-01,Engineering,3.47,1,False,False
398,2026-03-01,Engineering,3.1,2,False,False
399,2026-03-01,Sales,3.49,0,False,False
400,2026-03-01,Sales,3.86,2,False,False
401,2026-03-01,Operations,1.1,8,False,False
402,2026-03-01,Finance,2.5,2,False,False
403,2026-03-01,Sales,2.59,5,False,False
404,2026-03-01,Operations,2.67,1,False,False
405,2026-03-01,HR,3.06,4,False,False
406,2026-03-01,HR,3.9,5,False,False
407,2026-03-01,HR,2.56,4,False,False
408,2026-03-01,Engineering,3.03,0,False,False
409,2026-03-01,Operations,2.45,1,False,False
410,2026-03-01,Engineering,2.5,4,False,False
411,2026-03-01,Engineering,4.46,4,False,False
412,2026-03-01,Sales,2.72,1,False,False
413,2026-03-01,Sales,3.37,5,False,False
414,2026-03-01,Engineering,2.97,6,False,False
415,2026-03-01,Engineering,4.44,3,False,False
416,2026-03-01,Finance,3.59,1,False,False
417,2026-03-01,Operations,2.93,2,False,False
418,2026-03-01,Engineering,4.13,6,False,False
419,2026-03-01,Sales,2.21,3,False,False
420,2026-03-01,HR,3.93,2,False,False
421,2026-03-01,Operations,3.32,0,False,False
422,2026-03-01,Finance,3.19,2,False,False
423,2026-03-01,Finance,3.09,2,False,False
424,2026-03-01,HR,2.33,4,False,False
425,2026-03-01,HR,3.18,4,False,False
426,2026-03-01,Engineering,4.06,3,False,False
427,2026-03-01,Operations,3.44,2,False,False
428,2026-03-01,Operations,2.94,2,False,False
429,2026-03-01,Engineering,3.46,7,False,False
430,2026-03-01,Finance,3.1,2,False,False
431,2026-03-01,Engineering,4.56,2,False,False
432,2026-03-01,Finance,2.68,1,False,False
433,2026-03-01,Operations,3.47,4,False,False
434,2026-03-01,Engineering,4.13,2,False,False
435,2026-03-01,HR,2.42,6,False,False
436,2026-03-01,Engineering,4.94,2,False,False
437,2026-03-01,HR,3.3,6,False,False
438,2026-03-01,Operations,3.34,3,False,False
439,2026-03-01,Engineering,3.18,4,False,False
440,2026-03-01,Sales,3.03,3,False,False
441,2026-03-01,Operations,3.25,1,False,False
442,2026-03-01,Sales,3.26,4,False,False
443,2026-03-01,Engineering,4.48,3,False,False
444,2026-03-01,HR,3.21,5,False,False
445,2026-03-01,HR,2.32,4,False,False
446,2026-03-01,Finance,3.24,4,False,False
447,2026-03-01,Sales,4.11,2,False,False
448,2026-03-01,Operations,2.9,5,False,False
449,2026-03-01,HR,3.83,1,False,False
450,2026-03-01,Sales,2.67,3,False,False
451,2026-03-01,Operations,2.26,6,False,False
452,2026-03-01,Operations,2.46,3,False,False
453,2026-03-01,HR,2.53,3,False,False
454,2026-03-01,Engineering,3.46,4,False,False
455,2026-03-01,HR,3.18,5,False,False
456,2026-03-01,HR,2.68,3,False,False
457,2026-03-01,Engineering,1.8,4,False,False
458,2026-03-01,Finance,2.79,7,False,False
459,2026-03-01,Operations,4.03,2,False,False
460,2026-03-01,Engineering,3.02,3,False,False
461,2026-03-01,Finance,3.05,4,False,False
462,2026-03-01,Engineering,2.81,2,False,False
463,2026-03-01,Finance,4.22,1,False,False
464,2026-03-01,HR,2.65,1,False,False
465,2026-03-01,Engineering,3.93,2,False,False
466,2026-03-01,Operations,4.13,2,False,False
467,2026-03-01,Engineering,4.09,3,False,False
468,2026-03-01,HR,2.86,4,False,False
469,2026-03-01,Engineering,3.24,2,False,False
470,2026-03-01,Operations,2.5,4,False,False
471,2026-03-01,Finance,3.25,2,False,False
472,2026-03-01,Operations,2.82,6,False,False
473,2026-03-01,HR,2.93,2,False,False
474,2026-03-01,HR,3.55,4,False,False
475,2026-03-01,Finance,2.74,4,False,False
476,2026-03-01,Finance,3.84,1,False,False
477,2026-03-01,Operations,2.79,5,False,False
478,2026-03-01,Engineering,4.48,2,False,False
479,2026-03-01,Finance,3.3,2,False,False
480,2026-03-01,Engineering,4.07,2,False,False
481,2026-03-01,Sales,2.67,2,False,False
482,2026-03-01,Operations,2.79,5,False,False
483,2026-03-01,Sales,3.52,4,False,False
484,2026-03-01,Finance,3.65,5,False,False
485,2026-03-01,HR,3.2,5,False,False
486,2026-03-01,Sales,2.47,1,False,False
487,2026-03-01,Sales,2.49,1,False,False
488,2026-03-01,HR,2.14,5,False,False
489,2026-03-01,Finance,2.16,3,False,False
490,2026-03-01,Finance,3.56,2,False,False
491,2026-03-01,Operations,3.62,1,False,False
492,2026-03-01,Operations,3.19,4,False,False
493,2026-03-01,Finance,1.84,3,False,False
494,2026-03-01,Finance,3.01,2,False,False
495,2026-03-01,Sales,3.0,4,False,False
496,2026-03-01,HR,4.25,3,False,False
497,2026-03-01,Engineering,2.74,3,False,False
498,2026-03-01,Sales,2.75,1,False,False
499,2026-03-01,Operations,4.56,0,False,False
500,2026-03-01,HR,3.16,2,False,False
1,2026-04-01,Engineering,2.18,9,False,True
2,2026-04-01,Finance,3.46,1,False,False
3,2026-04-01,Finance,3.92,3,False,False
4,2026-04-01,HR,3.56,4,False,False
5,2026-04-01,HR,3.03,4,False,False
6,2026-04-01,Operations,2.19,5,False,False
7,2026-04-01,Engineering,3.69,2,True,True
8,2026-04-01,Finance,2.64,3,False,False
9,2026-04-01,Sales,2.75,6,False,False
10,2026-04-01,Engineering,3.7,3,False,True
11,2026-04-01,HR,4.23,2,False,False
12,2026-04-01,Operations,4.1,4,False,False
13,2026-04-01,Finance,4.06,0,False,False
14,2026-04-01,Finance,3.38,3,False,False
15,2026-04-01,Finance,3.88,2,False,False
16,2026-04-01,Finance,3.11,2,False,False
17,2026-04-01,HR,3.37,6,False,False
18,2026-04-01,Engineering,2.75,4,False,True
19,2026-04-01,Operations,3.48,0,False,False
20,2026-04-01,HR,3.1,0,False,False
21,2026-04-01,HR,2.7,1,False,False
22,2026-04-01,Sales,2.43,2,False,False
23,2026-04-01,Engineering,3.23,1,False,True
24,2026-04-01,Operations,3.43,5,False,False
25,2026-04-01,Finance,3.0,4,False,False
26,2026-04-01,Finance,3.16,2,False,False
27,2026-04-01,HR,3.43,3,False,False
28,2026-04-01,Operations,3.1,1,False,False
29,2026-04-01,HR,3.55,3,False,False
30,2026-04-01,HR,2.9,5,False,False
31,2026-04-01,HR,3.97,2,False,False
32,2026-04-01,Sales,2.47,5,False,False
33,2026-04-01,Engineering,2.05,5,False,True
34,2026-04-01,HR,2.36,3,False,False
35,2026-04-01,Operations,2.67,1,False,False
36,2026-04-01,Engineering,3.13,3,False,True
37,2026-04-01,Operations,2.86,4,False,False
38,2026-04-01,Operations,2.45,5,False,False
39,2026-04-01,Sales,3.57,2,False,False
40,2026-04-01,Finance,2.87,2,False,False
41,2026-04-01,Engineering,3.67,5,False,True
42,2026-04-01,Finance,2.86,1,False,False
43,2026-04-01,Finance,3.01,1,False,False
44,2026-04-01,Sales,1.81,3,False,False
45,2026-04-01,Engineering,3.5,3,False,True
46,2026-04-01,Operations,1.66,5,False,False
47,2026-04-01,HR,3.0,2,False,False
48,2026-04-01,Operations,3.36,1,False,False
49,2026-04-01,Finance,3.81,2,False,False
50,2026-04-01,Finance,4.0,2,False,False
51,2026-04-01,Finance,3.4,4,False,False
52,2026-04-01,Engineering,2.98,2,False,True
53,2026-04-01,Sales,3.81,2,False,False
54,2026-04-01,HR,2.49,7,False,False
55,2026-04-01,HR,3.46,3,False,False
56,2026-04-01,Engineering,3.79,4,True,True
57,2026-04-01,HR,3.21,1,False,False
58,2026-04-01,Engineering,4.03,1,False,True
59,2026-04-01,Finance,3.79,3,False,False
60,2026-04-01,Finance,2.96,3,False,False
61,2026-04-01,Operations,3.57,2,False,False
62,2026-04-01,Finance,2.94,1,False,False
63,2026-04-01,Sales,3.12,2,False,False
64,2026-04-01,Operations,2.32,3,False,False
65,2026-04-01,HR,3.11,2,False,False
66,2026-04-01,Sales,2.53,1,False,False
67,2026-04-01,Operations,3.13,4,False,False
68,2026-04-01,Sales,2.34,3,False,False
69,2026-04-01,Engineering,3.67,1,False,True
70,2026-04-01,HR,2.43,4,False,False
71,2026-04-01,Finance,3.61,1,False,False
72,2026-04-01,Engineering,3.31,1,True,True
73,2026-04-01,HR,4.22,0,False,False
74,2026-04-01,Engineering,2.11,4,True,True
75,2026-04-01,Finance,3.56,1,False,False
76,2026-04-01,HR,2.94,5,False,False
77,2026-04-01,Sales,3.66,3,False,False
78,2026-04-01,Sales,3.04,5,True,False
79,2026-04-01,HR,3.6,5,False,False
80,2026-04-01,Finance,2.79,1,False,False
81,2026-04-01,Operations,3.53,4,False,False
82,2026-04-01,HR,3.05,4,False,False
83,2026-04-01,Engineering,3.57,2,False,True
84,2026-04-01,Operations,2.35,4,False,False
85,2026-04-01,Finance,3.02,1,False,False
86,2026-04-01,Finance,3.14,3,False,False
87,2026-04-01,Engineering,3.64,3,True,True
88,2026-04-01,Sales,3.65,6,False,False
89,2026-04-01,Finance,3.63,1,False,False
90,2026-04-01,Operations,3.37,5,False,False
91,2026-04-01,HR,2.91,3,False,False
92,2026-04-01,Operations,3.38,1,False,False
93,2026-04-01,Operations,1.93,4,False,False
94,2026-04-01,Sales,3.44,1,False,False
95,2026-04-01,Operations,2.81,4,False,False
96,2026-04-01,Sales,4.15,1,False,False
97,2026-04-01,Sales,4.75,0,False,False
98,2026-04-01,Finance,3.1,3,False,False
99,2026-04-01,Finance,4.02,1,False,False
100,2026-04-01,Engineering,3.31,2,False,True
101,2026-04-01,Operations,3.28,4,False,False
102,2026-04-01,Engineering,3.82,1,False,True
103,2026-04-01,Operations,3.22,1,False,False
104,2026-04-01,Engineering,3.07,3,False,True
105,2026-04-01,Finance,3.52,1,False,False
106,2026-04-01,Finance,2.71,4,False,False
107,2026-04-01,Finance,2.09,5,False,False
108,2026-04-01,Finance,3.42,4,False,False
109,2026-04-01,HR,3.47,3,False,False
110,2026-04-01,Finance,3.12,2,False,False
111,2026-04-01,Sales,3.39,3,False,False
112,2026-04-01,Finance,3.74,1,False,False
113,2026-04-01,HR,3.35,2,False,False
114,2026-04-01,HR,2.56,2,False,False
115,2026-04-01,HR,3.76,4,False,False
116,2026-04-01,HR,4.0,4,False,False
117,2026-04-01,Engineering,3.27,3,False,True
118,2026-04-01,Engineering,3.6,3,True,True
119,2026-04-01,Sales,3.22,1,False,False
120,2026-04-01,Engineering,3.64,2,True,True
121,2026-04-01,HR,3.23,2,False,False
122,2026-04-01,Finance,3.64,5,False,False
123,2026-04-01,Finance,2.99,5,False,False
124,2026-04-01,HR,2.51,1,False,False
125,2026-04-01,Operations,3.67,1,False,False
126,2026-04-01,HR,2.15,5,False,False
127,2026-04-01,Engineering,2.74,6,False,True
128,2026-04-01,Finance,3.61,1,False,False
129,2026-04-01,HR,3.44,5,False,False
130,2026-04-01,Finance,3.67,2,False,False
131,2026-04-01,HR,2.98,1,False,False
132,2026-04-01,HR,2.06,4,False,False
133,2026-04-01,Engineering,3.18,5,False,True
134,2026-04-01,HR,2.77,1,False,False
135,2026-04-01,Finance,2.72,5,False,False
136,2026-04-01,Sales,3.91,3,False,False
137,2026-04-01,Finance,2.6,4,False,False
138,2026-04-01,Engineering,3.22,7,True,True
139,2026-04-01,Sales,3.07,4,False,False
140,2026-04-01,HR,3.79,1,False,False
141,2026-04-01,Operations,3.39,2,False,False
142,2026-04-01,Sales,3.41,3,False,False
143,2026-04-01,Sales,3.48,0,False,False
144,2026-04-01,HR,3.04,3,False,False
145,2026-04-01,Operations,3.18,3,False,False
146,2026-04-01,Operations,3.77,4,False,False
147,2026-04-01,Engineering,3.39,1,False,True
148,2026-04-01,Sales,2.94,1,False,False
149,2026-04-01,Operations,2.34,5,False,False
150,2026-04-01,Engineering,3.57,1,True,True
151,2026-04-01,Operations,3.07,6,False,False
152,2026-04-01,Sales,2.93,3,False,False
153,2026-04-01,Operations,3.34,2,False,False
154,2026-04-01,Sales,3.35,2,False,False
155,2026-04-01,HR,3.72,4,False,False
156,2026-04-01,Finance,3.21,1,False,False
157,2026-04-01,Engineering,3.39,1,True,True
158,2026-04-01,HR,3.22,0,False,False
159,2026-04-01,HR,2.62,3,False,False
160,2026-04-01,Finance,3.6,3,False,False
161,2026-04-01,Operations,1.51,7,False,False
162,2026-04-01,Finance,2.61,6,False,False
163,2026-04-01,HR,2.21,5,False,False
164,2026-04-01,HR,2.74,4,False,False
165,2026-04-01,HR,3.46,8,False,False
166,2026-04-01,Operations,3.3,4,False,False
167,2026-04-01,Sales,2.74,5,False,False
168,2026-04-01,Engineering,4.3,2,False,True
169,2026-04-01,Sales,4.1,0,False,False
170,2026-04-01,Engineering,3.04,1,False,True
171,2026-04-01,Engineering,4.28,2,True,True
172,2026-04-01,Engineering,3.6,1,True,True
173,2026-04-01,Finance,2.96,2,False,False
174,2026-04-01,Finance,3.1,4,False,False
175,2026-04-01,Finance,3.47,0,False,False
176,2026-04-01,HR,3.21,2,False,False
177,2026-04-01,Finance,4.18,2,False,False
178,2026-04-01,Engineering,1.68,6,False,True
179,2026-04-01,Operations,2.53,5,False,False
180,2026-04-01,HR,2.74,2,False,False
181,2026-04-01,Operations,3.19,0,False,False
182,2026-04-01,Engineering,2.76,4,True,True
183,2026-04-01,HR,2.85,5,False,False
184,2026-04-01,Finance,3.22,2,False,False
185,2026-04-01,HR,2.0,3,False,False
186,2026-04-01,HR,4.44,1,False,False
187,2026-04-01,Engineering,4.17,1,False,True
188,2026-04-01,Sales,2.86,2,False,False
189,2026-04-01,Sales,2.65,6,False,False
190,2026-04-01,Sales,3.05,3,False,False
191,2026-04-01,Finance,2.67,5,False,False
192,2026-04-01,Finance,3.48,4,False,False
193,2026-04-01,Finance,2.89,3,False,False
194,2026-04-01,Sales,3.67,2,False,False
195,2026-04-01,Operations,1.85,5,False,False
196,2026-04-01,Engineering,2.9,3,False,True
197,2026-04-01,Sales,3.36,3,False,False
198,2026-04-01,Engineering,3.61,3,True,True
199,2026-04-01,Sales,3.02,3,False,False
200,2026-04-01,Operations,2.01,6,False,False
201,2026-04-01,Sales,3.64,3,False,False
202,2026-04-01,Operations,2.85,5,False,False
203,2026-04-01,HR,2.92,8,False,False
204,2026-04-01,Finance,2.82,2,False,False
205,2026-04-01,HR,2.07,4,False,False
206,2026-04-01,Sales,3.05,3,False,False
207,2026-04-01,Finance,2.86,4,False,False
208,2026-04-01,Operations,3.61,5,False,False
209,2026-04-01,Sales,3.04,0,False,False
210,2026-04-01,Finance,3.73,1,False,False
211,2026-04-01,Sales,3.86,3,False,False
212,2026-04-01,Finance,3.12,2,False,False
213,2026-04-01,Finance,3.78,1,False,False
214,2026-04-01,HR,4.19,2,False,False
215,2026-04-01,Finance,4.56,3,False,False
216,2026-04-01,Sales,2.67,4,False,False
217,2026-04-01,Engineering,2.87,4,False,True
218,2026-04-01,Engineering,3.86,3,True,True
219,2026-04-01,HR,2.38,2,False,False
220,2026-04-01,Operations,2.61,4,False,False
221,2026-04-01,Engineering,2.69,3,False,True
222,2026-04-01,HR,3.77,3,False,False
223,2026-04-01,Finance,3.56,2,False,False
224,2026-04-01,Sales,2.32,3,False,False
225,2026-04-01,Finance,3.06,0,False,False
226,2026-04-01,Sales,2.31,5,False,False
227,2026-04-01,Operations,2.87,6,False,False
228,2026-04-01,HR,3.86,4,False,False
229,2026-04-01,HR,3.31,3,False,False
230,2026-04-01,Engineering,3.99,2,True,True
231,2026-04-01,HR,3.1,3,False,False
232,2026-04-01,Operations,2.75,1,False,False
233,2026-04-01,Engineering,3.43,4,False,True
234,2026-04-01,Finance,2.28,2,False,False
235,2026-04-01,HR,2.13,3,True,False
236,2026-04-01,Finance,2.46,3,False,False
237,2026-04-01,Finance,2.28,4,False,False
238,2026-04-01,HR,2.18,4,False,False
239,2026-04-01,Sales,3.9,1,False,False
240,2026-04-01,Finance,3.59,1,False,False
241,2026-04-01,Engineering,4.39,1,True,True
242,2026-04-01,HR,3.55,0,False,False
243,2026-04-01,Engineering,3.88,2,True,True
244,2026-04-01,Finance,2.52,4,False,False
245,2026-04-01,Finance,3.83,3,False,False
246,2026-04-01,Engineering,3.84,3,False,True
247,2026-04-01,Finance,2.88,4,False,False
248,2026-04-01,HR,3.14,3,False,False
249,2026-04-01,Finance,3.17,4,False,False
250,2026-04-01,Engineering,2.83,5,False,True
251,2026-04-01,Engineering,3.25,2,False,True
252,2026-04-01,HR,2.14,7,False,False
253,2026-04-01,Engineering,3.09,1,False,True
254,2026-04-01,Sales,3.68,4,False,False
255,2026-04-01,Finance,2.89,4,False,False
256,2026-04-01,Engineering,3.15,2,False,True
257,2026-04-01,Finance,3.87,2,False,False
258,2026-04-01,Engineering,3.39,2,False,True
259,2026-04-01,Engineering,3.43,2,True,True
260,2026-04-01,HR,3.91,3,False,False
261,2026-04-01,Finance,2.54,7,False,False
262,2026-04-01,Engineering,4.17,1,True,True
263,2026-04-01,Sales,3.3,4,False,False
264,2026-04-01,Operations,4.24,2,False,False
265,2026-04-01,Operations,3.2,1,False,False
266,2026-04-01,HR,3.16,1,False,False
267,2026-04-01,HR,2.45,2,False,False
268,2026-04-01,Sales,3.19,4,False,False
269,2026-04-01,Finance,1.87,2,False,False
270,2026-04-01,HR,3.31,3,False,False
271,2026-04-01,Sales,3.91,2,False,False
272,2026-04-01,Engineering,3.44,3,True,True
273,2026-04-01,Engineering,3.08,5,False,True
274,2026-04-01,Operations,3.04,5,False,False
275,2026-04-01,HR,2.89,6,False,False
276,2026-04-01,HR,3.89,2,False,False
277,2026-04-01,HR,2.93,4,False,False
278,2026-04-01,Finance,3.7,3,False,False
279,2026-04-01,Engineering,2.99,5,True,True
280,2026-04-01,Engineering,4.42,1,False,True
281,2026-04-01,Sales,3.72,2,False,False
282,2026-04-01,HR,3.5,8,False,False
283,2026-04-01,Finance,2.53,5,False,False
284,2026-04-01,HR,2.39,3,False,False
285,2026-04-01,HR,2.83,3,False,False
286,2026-04-01,Operations,2.75,3,False,False
287,2026-04-01,Engineering,3.06,3,True,True
288,2026-04-01,HR,3.51,1,False,False
289,2026-04-01,HR,3.37,2,False,False
290,2026-04-01,HR,3.46,3,False,False
291,2026-04-01,Operations,3.52,2,False,False
292,2026-04-01,Sales,3.0,1,False,False
293,2026-04-01,Operations,3.7,3,False,False
294,2026-04-01,Sales,3.08,6,False,False
295,2026-04-01,HR,3.15,0,False,False
296,2026-04-01,HR,2.63,5,False,False
297,2026-04-01,Operations,4.4,1,False,False
298,2026-04-01,HR,3.05,3,False,False
299,2026-04-01,Sales,2.77,3,False,False
300,2026-04-01,Engineering,3.82,1,True,True
301,2026-04-01,Sales,1.62,3,False,False
302,2026-04-01,Operations,1.93,2,False,False
303,2026-04-01,Engineering,3.85,1,False,True
304,2026-04-01,Operations,3.49,4,False,False
305,2026-04-01,HR,3.42,2,False,False
306,2026-04-01,Engineering,2.9,0,False,True
307,2026-04-01,Sales,3.24,1,False,False
308,2026-04-01,HR,3.57,5,False,False
309,2026-04-01,Sales,3.42,4,False,False
310,2026-04-01,Engineering,3.87,4,False,True
311,2026-04-01,Finance,2.62,3,False,False
312,2026-04-01,Finance,3.5,3,False,False
313,2026-04-01,Engineering,2.64,3,False,True
314,2026-04-01,Sales,3.04,4,False,False
315,2026-04-01,Sales,3.9,3,False,False
316,2026-04-01,Finance,2.78,4,False,False
317,2026-04-01,Finance,2.52,2,False,False
318,2026-04-01,Finance,2.35,4,False,False
319,2026-04-01,Operations,2.76,6,False,False
320,2026-04-01,Finance,3.6,1,False,False
321,2026-04-01,Sales,1.67,5,False,False
322,2026-04-01,Engineering,3.9,3,False,True
323,2026-04-01,Finance,3.27,5,False,False
324,2026-04-01,Operations,3.46,3,False,False
325,2026-04-01,Operations,2.04,6,False,False
326,2026-04-01,Sales,2.18,6,False,False
327,2026-04-01,Sales,3.93,0,False,False
328,2026-04-01,Engineering,2.39,1,False,True
329,2026-04-01,Engineering,3.66,1,False,True
330,2026-04-01,HR,2.09,0,False,False
331,2026-04-01,HR,2.93,6,False,False
332,2026-04-01,Sales,2.64,4,False,False
333,2026-04-01,Sales,3.41,4,False,False
334,2026-04-01,Operations,3.1,2,False,False
335,2026-04-01,HR,4.28,3,False,False
336,2026-04-01,Operations,3.14,2,False,False
337,2026-04-01,Operations,3.62,1,False,False
338,2026-04-01,Sales,2.03,2,False,False
339,2026-04-01,Sales,3.25,2,False,False
340,2026-04-01,Operations,3.2,2,False,False
341,2026-04-01,Finance,2.85,2,False,False
342,2026-04-01,Sales,3.3,4,False,False
343,2026-04-01,Finance,2.74,7,False,False
344,2026-04-01,HR,2.58,3,False,False
345,2026-04-01,Operations,3.04,3,False,False
346,2026-04-01,Sales,2.84,1,False,False
347,2026-04-01,Operations,1.88,5,False,False
348,2026-04-01,Operations,2.62,1,False,False
349,2026-04-01,Engineering,3.83,0,False,True
350,2026-04-01,Engineering,2.45,1,False,True
351,2026-04-01,HR,2.98,1,False,False
352,2026-04-01,Engineering,4.09,6,True,True
353,2026-04-01,Sales,3.68,0,False,False
354,2026-04-01,HR,3.08,5,False,False
355,2026-04-01,Operations,3.8,2,False,False
356,2026-04-01,Operations,3.67,4,False,False
357,2026-04-01,Engineering,3.54,1,False,True
358,2026-04-01,Operations,4.15,3,False,False
359,2026-04-01,Engineering,3.42,0,False,True
360,2026-04-01,Finance,3.29,2,False,False
361,2026-04-01,Operations,3.88,0,False,False
362,2026-04-01,Operations,3.79,2,False,False
363,2026-04-01,Sales,2.44,0,False,False
364,2026-04-01,Operations,2.92,2,False,False
365,2026-04-01,Engineering,4.99,1,False,True
366,2026-04-01,HR,3.56,3,False,False
367,2026-04-01,HR,3.05,5,False,False
368,2026-04-01,Sales,3.84,1,False,False
369,2026-04-01,Engineering,3.21,2,True,True
370,2026-04-01,Finance,2.57,3,False,False
371,2026-04-01,Sales,3.27,5,False,False
372,2026-04-01,Finance,2.4,4,False,False
373,2026-04-01,HR,2.74,5,False,False
374,2026-04-01,Sales,3.74,1,False,False
375,2026-04-01,Operations,3.53,0,False,False
376,2026-04-01,Engineering,3.26,1,False,True
377,2026-04-01,Finance,3.07,3,False,False
378,2026-04-01,Finance,3.17,3,False,False
379,2026-04-01,Sales,3.22,3,False,False
380,2026-04-01,Sales,2.98,1,False,False
381,2026-04-01,Engineering,3.09,2,False,True
382,2026-04-01,Operations,2.58,7,False,False
383,2026-04-01,Operations,3.7,1,False,False
384,2026-04-01,Sales,2.46,8,False,False
385,2026-04-01,Engineering,3.88,4,True,True
386,2026-04-01,Engineering,3.07,1,False,True
387,2026-04-01,Engineering,3.53,2,False,True
388,2026-04-01,Operations,3.21,3,False,False
389,2026-04-01,Operations,3.16,2,False,False
390,2026-04-01,Engineering,2.39,5,False,True
391,2026-04-01,Finance,3.09,0,False,False
392,2026-04-01,Engineering,3.78,1,False,True
393,2026-04-01,Sales,2.32,4,False,False
394,2026-04-01,HR,3.26,4,False,False
395,2026-04-01,Finance,3.53,7,False,False
396,2026-04-01,Operations,3.49,2,False,False
397,2026-04-01,Engineering,3.43,2,True,True
398,2026-04-01,Engineering,2.91,0,False,True
399,2026-04-01,Sales,3.58,4,False,False
400,2026-04-01,Sales,3.83,6,False,False
401,2026-04-01,Operations,1.23,6,False,False
402,2026-04-01,Finance,2.45,3,False,False
403,2026-04-01,Sales,2.6,8,False,False
404,2026-04-01,Operations,2.65,3,False,False
405,2026-04-01,HR,3.22,3,False,False
406,2026-04-01,HR,3.89,1,False,False
407,2026-04-01,HR,2.47,1,False,False
408,2026-04-01,Engineering,2.93,2,False,True
409,2026-04-01,Operations,2.46,3,False,False
410,2026-04-01,Engineering,2.5,5,False,True
411,2026-04-01,Engineering,4.33,0,True,True
412,2026-04-01,Sales,2.59,5,False,False
413,2026-04-01,Sales,3.25,3,False,False
414,2026-04-01,Engineering,2.88,3,False,True
415,2026-04-01,Engineering,4.26,4,True,True
416,2026-04-01,Finance,3.53,1,False,False
417,2026-04-01,Operations,2.83,1,False,False
418,2026-04-01,Engineering,3.93,3,True,True
419,2026-04-01,Sales,2.08,5,False,False
420,2026-04-01,HR,3.57,1,False,False
421,2026-04-01,Operations,3.22,2,False,False
422,2026-04-01,Finance,3.14,5,False,False
423,2026-04-01,Finance,3.07,2,False,False
424,2026-04-01,HR,2.47,5,False,False
425,2026-04-01,HR,3.21,3,False,False
426,2026-04-01,Engineering,4.06,3,True,True
427,2026-04-01,Operations,3.39,2,False,False
428,2026-04-01,Operations,2.81,2,False,False
429,2026-04-01,Engineering,3.43,3,True,True
430,2026-04-01,Finance,3.0,1,False,False
431,2026-04-01,Engineering,4.51,3,True,True
432,2026-04-01,Finance,2.84,3,False,False
433,2026-04-01,Operations,3.29,2,False,False
434,2026-04-01,Engineering,4.31,1,False,True
435,2026-04-01,HR,2.87,5,False,False
436,2026-04-01,Engineering,5.0,0,False,True
437,2026-04-01,HR,3.36,4,False,False
438,2026-04-01,Operations,3.21,3,False,False
439,2026-04-01,Engineering,3.2,4,True,True
440,2026-04-01,Sales,2.89,5,False,False
441,2026-04-01,Operations,3.16,2,False,False
442,2026-04-01,Sales,3.23,7,False,False
443,2026-04-01,Engineering,4.47,3,False,True
444,2026-04-01,HR,3.12,3,False,False
445,2026-04-01,HR,2.35,5,False,False
446,2026-04-01,Finance,3.31,2,False,False
447,2026-04-01,Sales,3.94,2,False,False
448,2026-04-01,Operations,3.26,2,False,False
449,2026-04-01,HR,3.66,1,False,False
450,2026-04-01,Sales,2.67,2,False,False
451,2026-04-01,Operations,2.21,3,False,False
452,2026-04-01,Operations,2.61,5,False,False
453,2026-04-01,HR,2.25,5,False,False
454,2026-04-01,Engineering,3.62,1,True,True
455,2026-04-01,HR,3.24,3,False,False
456,2026-04-01,HR,2.81,5,False,False
457,2026-04-01,Engineering,1.68,3,False,True
458,2026-04-01,Finance,2.96,2,False,False
459,2026-04-01,Operations,4.04,3,False,False
460,2026-04-01,Engineering,3.04,3,False,True
461,2026-04-01,Finance,3.06,1,False,False
462,2026-04-01,Engineering,2.68,7,True,True
463,2026-04-01,Finance,4.36,1,False,False
464,2026-04-01,HR,2.73,3,False,False
465,2026-04-01,Engineering,4.06,2,False,True
466,2026-04-01,Operations,4.16,3,False,False
467,2026-04-01,Engineering,3.76,0,True,True
468,2026-04-01,HR,2.67,3,False,False
469,2026-04-01,Engineering,3.17,1,False,True
470,2026-04-01,Operations,2.46,3,False,False
471,2026-04-01,Finance,3.27,4,False,False
472,2026-04-01,Operations,3.13,3,False,False
473,2026-04-01,HR,2.72,1,False,False
474,2026-04-01,HR,3.81,2,False,False
475,2026-04-01,Finance,2.73,2,False,False
476,2026-04-01,Finance,4.01,2,False,False
477,2026-04-01,Operations,2.68,3,False,False
478,2026-04-01,Engineering,4.37,0,True,True
479,2026-04-01,Finance,3.18,5,False,False
480,2026-04-01,Engineering,4.06,0,False,True
481,2026-04-01,Sales,2.88,8,False,False
482,2026-04-01,Operations,2.88,2,False,False
483,2026-04-01,Sales,3.43,1,False,False
484,2026-04-01,Finance,3.78,3,False,False
485,2026-04-01,HR,3.17,5,False,False
486,2026-04-01,Sales,2.49,2,False,False
487,2026-04-01,Sales,2.57,4,False,False
488,2026-04-01,HR,2.02,5,False,False
489,2026-04-01,Finance,1.97,0,False,False
490,2026-04-01,Finance,3.61,4,False,False
491,2026-04-01,Operations,3.39,2,False,False
492,2026-04-01,Operations,3.05,2,False,False
493,2026-04-01,Finance,1.74,3,False,False
494,2026-04-01,Finance,2.95,5,False,False
495,2026-04-01,Sales,3.0,3,False,False
496,2026-04-01,HR,4.29,1,False,False
497,2026-04-01,Engineering,2.54,1,False,True
498,2026-04-01,Sales,2.8,2,False,False
499,2026-04-01,Operations,4.5,0,False,False
500,2026-04-01,HR,3.21,4,False,False
